Workbook

Sheet KeyIn
B1: 挑战赛 | G1: 比赛项目：
A3: 裁判一： | G3: 选手名称 | N3: 裁判（一） | T3: 裁判（二） | Z3: 裁判（三） | AA3: 裁判平均 | AB3: 总分法名次 | AC3: 席次法名次 | AD3: 选手名称
A4: 裁判二： | G4: =A30 -> 个人评分标准 | H4: 扣分 | I4: =IF($G$4=$A$22,$A$23,$A$31) -> 动作难度 | J4: =IF($G$4=$A$22,$A$24,$A$32) -> 动作创意 | K4: =IF($G$4=$A$22,$A$25,$A$33) -> 动作流畅 | L4: =IF($G$4=$A$22,$A$26,$A$34) -> 0 | M4: =IF($G$4=$A$22,$A$27,$A$35) -> 0 | N4: 裁判总分 | O4: =I4 -> 动作难度 | P4: =J4 -> 动作创意 | Q4: =K4 -> 动作流畅 | R4: =L4 -> 0 | S4: =M4 -> 0 | T4: 裁判总分 | U4: =I4 -> 动作难度 | V4: =J4 -> 动作创意 | W4: =K4 -> 动作流畅 | X4: =L4 -> 0 | Y4: =M4 -> 0 | Z4: 裁判总分 | AA4: =SUM(IF(T6>0,1,0)+IF(N6>0,1,0)+IF(Z6>0,1,0)) -> 0
A5: 裁判三： | I5: =IF($G$4=$A$22,$B$23,$B$31) -> 0.5 | J5: =IF($G$4=$A$22,$B$24,$B$32) -> 0.3 | K5: =IF($G$4=$A$22,$B$25,$B$33) -> 0.2 | L5: =IF($G$4=$A$22,$B$26,$B$34) -> 0 | M5: =IF($G$4=$A$22,$B$27,$B$35) -> 0 | O5: =I5 -> 0.5 | P5: =J5 -> 0.3 | Q5: =K5 -> 0.2 | R5: =L5 -> 0 | S5: =M5 -> 0 | U5: =I5 -> 0.5 | V5: =J5 -> 0.3 | W5: =K5 -> 0.2 | X5: =L5 -> 0 | Y5: =M5 -> 0 | AA5: 人
E6: 1 | N6: =SUM(I6:M6)-H6 -> 0 | T6: =SUM(O6:S6)-H6 -> 0 | Z6: =SUM(U6:Y6)-H6 -> 0 | AA6: =((SUM(Z6,T6,N6))/AA$4) -> #DIV/0! | AB6: =RANK(AA6,$AA$6:$AA$55,0) -> #DIV/0! | AC6: =Calculation!DE60 -> 1 | AD6: =G6 -> 0
E7: 2 | N7: =SUM(I7:M7)-H7 -> 0 | T7: =SUM(O7:S7)-H7 -> 0 | Z7: =SUM(U7:Y7)-H7 -> 0 | AA7: =((SUM(Z7,T7,N7))/AA$4) -> #DIV/0! | AB7: =RANK(AA7,$AA$6:$AA$55,0) -> #DIV/0! | AC7: =Calculation!DE61 -> 1 | AD7: =G7 -> 0
E8: 3 | N8: =SUM(I8:M8)-H8 -> 0 | T8: =SUM(O8:S8)-H8 -> 0 | Z8: =SUM(U8:Y8)-H8 -> 0 | AA8: =((SUM(Z8,T8,N8))/AA$4) -> #DIV/0! | AB8: =RANK(AA8,$AA$6:$AA$55,0) -> #DIV/0! | AC8: =Calculation!DE62 -> 1 | AD8: =G8 -> 0
E9: 4 | N9: =SUM(I9:M9)-H9 -> 0 | T9: =SUM(O9:S9)-H9 -> 0 | Z9: =SUM(U9:Y9)-H9 -> 0 | AA9: =((SUM(Z9,T9,N9))/AA$4) -> #DIV/0! | AB9: =RANK(AA9,$AA$6:$AA$55,0) -> #DIV/0! | AC9: =Calculation!DE63 -> 1 | AD9: =G9 -> 0
E10: 5 | N10: =SUM(I10:M10)-H10 -> 0 | T10: =SUM(O10:S10)-H10 -> 0 | Z10: =SUM(U10:Y10)-H10 -> 0 | AA10: =((SUM(Z10,T10,N10))/AA$4) -> #DIV/0! | AB10: =RANK(AA10,$AA$6:$AA$55,0) -> #DIV/0! | AC10: =Calculation!DE64 -> 1 | AD10: =G10 -> 0
E11: 6 | N11: =SUM(I11:M11)-H11 -> 0 | T11: =SUM(O11:S11)-H11 -> 0 | Z11: =SUM(U11:Y11)-H11 -> 0 | AA11: =((SUM(Z11,T11,N11))/AA$4) -> #DIV/0! | AB11: =RANK(AA11,$AA$6:$AA$55,0) -> #DIV/0! | AC11: =Calculation!DE65 -> 1 | AD11: =G11 -> 0
E12: 7 | N12: =SUM(I12:M12)-H12 -> 0 | T12: =SUM(O12:S12)-H12 -> 0 | Z12: =SUM(U12:Y12)-H12 -> 0 | AA12: =((SUM(Z12,T12,N12))/AA$4) -> #DIV/0! | AB12: =RANK(AA12,$AA$6:$AA$55,0) -> #DIV/0! | AC12: =Calculation!DE66 -> 1 | AD12: =G12 -> 0
E13: 8 | N13: =SUM(I13:M13)-H13 -> 0 | T13: =SUM(O13:S13)-H13 -> 0 | Z13: =SUM(U13:Y13)-H13 -> 0 | AA13: =((SUM(Z13,T13,N13))/AA$4) -> #DIV/0! | AB13: =RANK(AA13,$AA$6:$AA$55,0) -> #DIV/0! | AC13: =Calculation!DE67 -> 1 | AD13: =G13 -> 0
E14: 9 | N14: =SUM(I14:M14)-H14 -> 0 | T14: =SUM(O14:S14)-H14 -> 0 | Z14: =SUM(U14:Y14)-H14 -> 0 | AA14: =((SUM(Z14,T14,N14))/AA$4) -> #DIV/0! | AB14: =RANK(AA14,$AA$6:$AA$55,0) -> #DIV/0! | AC14: =Calculation!DE68 -> 1 | AD14: =G14 -> 0
E15: 10 | N15: =SUM(I15:M15)-H15 -> 0 | T15: =SUM(O15:S15)-H15 -> 0 | Z15: =SUM(U15:Y15)-H15 -> 0 | AA15: =((SUM(Z15,T15,N15))/AA$4) -> #DIV/0! | AB15: =RANK(AA15,$AA$6:$AA$55,0) -> #DIV/0! | AC15: =Calculation!DE69 -> 1 | AD15: =G15 -> 0
E16: 11 | N16: =SUM(I16:M16)-H16 -> 0 | T16: =SUM(O16:S16)-H16 -> 0 | Z16: =SUM(U16:Y16)-H16 -> 0 | AA16: =((SUM(Z16,T16,N16))/AA$4) -> #DIV/0! | AB16: =RANK(AA16,$AA$6:$AA$55,0) -> #DIV/0! | AC16: =Calculation!DE70 -> 1 | AD16: =G16 -> 0
E17: 12 | N17: =SUM(I17:M17)-H17 -> 0 | T17: =SUM(O17:S17)-H17 -> 0 | Z17: =SUM(U17:Y17)-H17 -> 0 | AA17: =((SUM(Z17,T17,N17))/AA$4) -> #DIV/0! | AB17: =RANK(AA17,$AA$6:$AA$55,0) -> #DIV/0! | AC17: =Calculation!DE71 -> 1 | AD17: =G17 -> 0
... E21: 16 | N21: =SUM(I21:M21)-H21 -> 0 | T21: =SUM(O21:S21)-H21 -> 0 | Z21: =SUM(U21:Y21)-H21 -> 0 | AA21: =((SUM(Z21,T21,N21))/AA$4) -> #DIV/0! | AB21: =RANK(AA21,$AA$6:$AA$55,0) -> #DIV/0! | AC21: =Calculation!DE75 -> 1 | AD21: =G21 -> 0
A22: 团体评分标准 | E22: 17 | N22: =SUM(I22:M22)-H22 -> 0 | T22: =SUM(O22:S22)-H22 -> 0 | Z22: =SUM(U22:Y22)-H22 -> 0 | AA22: =((SUM(Z22,T22,N22))/AA$4) -> #DIV/0! | AB22: =RANK(AA22,$AA$6:$AA$55,0) -> #DIV/0! | AC22: =Calculation!DE76 -> 1 | AD22: =G22 -> 0
A23: 动作难度 | B23: 0.4 | E23: 18 | N23: =SUM(I23:M23)-H23 -> 0 | T23: =SUM(O23:S23)-H23 -> 0 | Z23: =SUM(U23:Y23)-H23 -> 0 | AA23: =((SUM(Z23,T23,N23))/AA$4) -> #DIV/0! | AB23: =RANK(AA23,$AA$6:$AA$55,0) -> #DIV/0! | AC23: =Calculation!DE77 -> 1 | AD23: =G23 -> 0
A24: 舞台艺术 | B24: 0.2 | E24: 19 | N24: =SUM(I24:M24)-H24 -> 0 | T24: =SUM(O24:S24)-H24 -> 0 | Z24: =SUM(U24:Y24)-H24 -> 0 | AA24: =((SUM(Z24,T24,N24))/AA$4) -> #DIV/0! | AB24: =RANK(AA24,$AA$6:$AA$55,0) -> #DIV/0! | AC24: =Calculation!DE78 -> 1 | AD24: =G24 -> 0
A25: 动作创意 | B25: 0.2 | E25: 20 | N25: =SUM(I25:M25)-H25 -> 0 | T25: =SUM(O25:S25)-H25 -> 0 | Z25: =SUM(U25:Y25)-H25 -> 0 | AA25: =((SUM(Z25,T25,N25))/AA$4) -> #DIV/0! | AB25: =RANK(AA25,$AA$6:$AA$55,0) -> #DIV/0! | AC25: =Calculation!DE79 -> 1 | AD25: =G25 -> 0
A26: 团体互动 | B26: 0.1 | E26: 21 | N26: =SUM(I26:M26)-H26 -> 0 | T26: =SUM(O26:S26)-H26 -> 0 | Z26: =SUM(U26:Y26)-H26 -> 0 | AA26: =((SUM(Z26,T26,N26))/AA$4) -> #DIV/0! | AB26: =RANK(AA26,$AA$6:$AA$55,0) -> #DIV/0! | AC26: =Calculation!DE80 -> 1 | AD26: =G26 -> 0
A27: 服装造型 | B27: 0.1 | E27: 22 | N27: =SUM(I27:M27)-H27 -> 0 | T27: =SUM(O27:S27)-H27 -> 0 | Z27: =SUM(U27:Y27)-H27 -> 0 | AA27: =((SUM(Z27,T27,N27))/AA$4) -> #DIV/0! | AB27: =RANK(AA27,$AA$6:$AA$55,0) -> #DIV/0! | AC27: =Calculation!DE81 -> 1 | AD27: =G27 -> 0
A28: （失误1次扣1分） | E28: 23 | N28: =SUM(I28:M28)-H28 -> 0 | T28: =SUM(O28:S28)-H28 -> 0 | Z28: =SUM(U28:Y28)-H28 -> 0 | AA28: =((SUM(Z28,T28,N28))/AA$4) -> #DIV/0! | AB28: =RANK(AA28,$AA$6:$AA$55,0) -> #DIV/0! | AC28: =Calculation!DE82 -> 1 | AD28: =G28 -> 0
E29: 24 | N29: =SUM(I29:M29)-H29 -> 0 | T29: =SUM(O29:S29)-H29 -> 0 | Z29: =SUM(U29:Y29)-H29 -> 0 | AA29: =((SUM(Z29,T29,N29))/AA$4) -> #DIV/0! | AB29: =RANK(AA29,$AA$6:$AA$55,0) -> #DIV/0! | AC29: =Calculation!DE83 -> 1 | AD29: =G29 -> 0
A30: 个人评分标准 | E30: 25 | N30: =SUM(I30:M30)-H30 -> 0 | T30: =SUM(O30:S30)-H30 -> 0 | Z30: =SUM(U30:Y30)-H30 -> 0 | AA30: =((SUM(Z30,T30,N30))/AA$4) -> #DIV/0! | AB30: =RANK(AA30,$AA$6:$AA$55,0) -> #DIV/0! | AC30: =Calculation!DE84 -> 1 | AD30: =G30 -> 0
A31: 动作难度 | B31: 0.5 | E31: 26 | N31: =SUM(I31:M31)-H31 -> 0 | T31: =SUM(O31:S31)-H31 -> 0 | Z31: =SUM(U31:Y31)-H31 -> 0 | AA31: =((SUM(Z31,T31,N31))/AA$4) -> #DIV/0! | AB31: =RANK(AA31,$AA$6:$AA$55,0) -> #DIV/0! | AC31: =Calculation!DE85 -> 1 | AD31: =G31 -> 0
A32: 动作创意 | B32: 0.3 | E32: 27 | N32: =SUM(I32:M32)-H32 -> 0 | T32: =SUM(O32:S32)-H32 -> 0 | Z32: =SUM(U32:Y32)-H32 -> 0 | AA32: =((SUM(Z32,T32,N32))/AA$4) -> #DIV/0! | AB32: =RANK(AA32,$AA$6:$AA$55,0) -> #DIV/0! | AC32: =Calculation!DE86 -> 1 | AD32: =G32 -> 0
A33: 动作流畅 | B33: 0.2 | E33: 28 | N33: =SUM(I33:M33)-H33 -> 0 | T33: =SUM(O33:S33)-H33 -> 0 | Z33: =SUM(U33:Y33)-H33 -> 0 | AA33: =((SUM(Z33,T33,N33))/AA$4) -> #DIV/0! | AB33: =RANK(AA33,$AA$6:$AA$55,0) -> #DIV/0! | AC33: =Calculation!DE87 -> 1 | AD33: =G33 -> 0
E34: 29 | N34: =SUM(I34:M34)-H34 -> 0 | T34: =SUM(O34:S34)-H34 -> 0 | Z34: =SUM(U34:Y34)-H34 -> 0 | AA34: =((SUM(Z34,T34,N34))/AA$4) -> #DIV/0! | AB34: =RANK(AA34,$AA$6:$AA$55,0) -> #DIV/0! | AC34: =Calculation!DE88 -> 1 | AD34: =G34 -> 0
E35: 30 | N35: =SUM(I35:M35)-H35 -> 0 | T35: =SUM(O35:S35)-H35 -> 0 | Z35: =SUM(U35:Y35)-H35 -> 0 | AA35: =((SUM(Z35,T35,N35))/AA$4) -> #DIV/0! | AB35: =RANK(AA35,$AA$6:$AA$55,0) -> #DIV/0! | AC35: =Calculation!DE89 -> 1 | AD35: =G35 -> 0
A36: （失误1次扣2分） | E36: 31 | N36: =SUM(I36:M36)-H36 -> 0 | T36: =SUM(O36:S36)-H36 -> 0 | Z36: =SUM(U36:Y36)-H36 -> 0 | AA36: =((SUM(Z36,T36,N36))/AA$4) -> #DIV/0! | AB36: =RANK(AA36,$AA$6:$AA$55,0) -> #DIV/0! | AC36: =Calculation!DE90 -> 1 | AD36: =G36 -> 0
E37: 32 | N37: =SUM(I37:M37)-H37 -> 0 | T37: =SUM(O37:S37)-H37 -> 0 | Z37: =SUM(U37:Y37)-H37 -> 0 | AA37: =((SUM(Z37,T37,N37))/AA$4) -> #DIV/0! | AB37: =RANK(AA37,$AA$6:$AA$55,0) -> #DIV/0! | AC37: =Calculation!DE91 -> 1 | AD37: =G37 -> 0
E38: 33 | N38: =SUM(I38:M38)-H38 -> 0 | T38: =SUM(O38:S38)-H38 -> 0 | Z38: =SUM(U38:Y38)-H38 -> 0 | AA38: =((SUM(Z38,T38,N38))/AA$4) -> #DIV/0! | AB38: =RANK(AA38,$AA$6:$AA$55,0) -> #DIV/0! | AC38: =Calculation!DE92 -> 1 | AD38: =G38 -> 0
E39: 34 | N39: =SUM(I39:M39)-H39 -> 0 | T39: =SUM(O39:S39)-H39 -> 0 | Z39: =SUM(U39:Y39)-H39 -> 0 | AA39: =((SUM(Z39,T39,N39))/AA$4) -> #DIV/0! | AB39: =RANK(AA39,$AA$6:$AA$55,0) -> #DIV/0! | AC39: =Calculation!DE93 -> 1 | AD39: =G39 -> 0
E40: 35 | N40: =SUM(I40:M40)-H40 -> 0 | T40: =SUM(O40:S40)-H40 -> 0 | Z40: =SUM(U40:Y40)-H40 -> 0 | AA40: =((SUM(Z40,T40,N40))/AA$4) -> #DIV/0! | AB40: =RANK(AA40,$AA$6:$AA$55,0) -> #DIV/0! | AC40: =Calculation!DE94 -> 1 | AD40: =G40 -> 0
E41: 36 | N41: =SUM(I41:M41)-H41 -> 0 | T41: =SUM(O41:S41)-H41 -> 0 | Z41: =SUM(U41:Y41)-H41 -> 0 | AA41: =((SUM(Z41,T41,N41))/AA$4) -> #DIV/0! | AB41: =RANK(AA41,$AA$6:$AA$55,0) -> #DIV/0! | AC41: =Calculation!DE95 -> 1 | AD41: =G41 -> 0
E42: 37 | N42: =SUM(I42:M42)-H42 -> 0 | T42: =SUM(O42:S42)-H42 -> 0 | Z42: =SUM(U42:Y42)-H42 -> 0 | AA42: =((SUM(Z42,T42,N42))/AA$4) -> #DIV/0! | AB42: =RANK(AA42,$AA$6:$AA$55,0) -> #DIV/0! | AC42: =Calculation!DE96 -> 1 | AD42: =G42 -> 0
E43: 38 | N43: =SUM(I43:M43)-H43 -> 0 | T43: =SUM(O43:S43)-H43 -> 0 | Z43: =SUM(U43:Y43)-H43 -> 0 | AA43: =((SUM(Z43,T43,N43))/AA$4) -> #DIV/0! | AB43: =RANK(AA43,$AA$6:$AA$55,0) -> #DIV/0! | AC43: =Calculation!DE97 -> 1 | AD43: =G43 -> 0
E44: 39 | N44: =SUM(I44:M44)-H44 -> 0 | T44: =SUM(O44:S44)-H44 -> 0 | Z44: =SUM(U44:Y44)-H44 -> 0 | AA44: =((SUM(Z44,T44,N44))/AA$4) -> #DIV/0! | AB44: =RANK(AA44,$AA$6:$AA$55,0) -> #DIV/0! | AC44: =Calculation!DE98 -> 1 | AD44: =G44 -> 0
E45: 40 | N45: =SUM(I45:M45)-H45 -> 0 | T45: =SUM(O45:S45)-H45 -> 0 | Z45: =SUM(U45:Y45)-H45 -> 0 | AA45: =((SUM(Z45,T45,N45))/AA$4) -> #DIV/0! | AB45: =RANK(AA45,$AA$6:$AA$55,0) -> #DIV/0! | AC45: =Calculation!DE99 -> 1 | AD45: =G45 -> 0
E46: 41 | N46: =SUM(I46:M46)-H46 -> 0 | T46: =SUM(O46:S46)-H46 -> 0 | Z46: =SUM(U46:Y46)-H46 -> 0 | AA46: =((SUM(Z46,T46,N46))/AA$4) -> #DIV/0! | AB46: =RANK(AA46,$AA$6:$AA$55,0) -> #DIV/0! | AC46: =Calculation!DE100 -> 1 | AD46: =G46 -> 0
E47: 42 | N47: =SUM(I47:M47)-H47 -> 0 | T47: =SUM(O47:S47)-H47 -> 0 | Z47: =SUM(U47:Y47)-H47 -> 0 | AA47: =((SUM(Z47,T47,N47))/AA$4) -> #DIV/0! | AB47: =RANK(AA47,$AA$6:$AA$55,0) -> #DIV/0! | AC47: =Calculation!DE101 -> 1 | AD47: =G47 -> 0
E48: 43 | N48: =SUM(I48:M48)-H48 -> 0 | T48: =SUM(O48:S48)-H48 -> 0 | Z48: =SUM(U48:Y48)-H48 -> 0 | AA48: =((SUM(Z48,T48,N48))/AA$4) -> #DIV/0! | AB48: =RANK(AA48,$AA$6:$AA$55,0) -> #DIV/0! | AC48: =Calculation!DE102 -> 1 | AD48: =G48 -> 0
... E55: 50 | N55: =SUM(I55:M55)-H55 -> 0 | T55: =SUM(O55:S55)-H55 -> 0 | Z55: =SUM(U55:Y55)-H55 -> 0 | AA55: =((SUM(Z55,T55,N55))/AA$4) -> #DIV/0! | AB55: =RANK(AA55,$AA$6:$AA$55,0) -> #DIV/0! | AC55: =Calculation!DE109 -> 1 | AD55: =G55 -> 0

Sheet Calculation
A1: =KeyIn!N6 -> 0 | B1: =KeyIn!T6 -> 0 | C1: =KeyIn!Z6 -> 0 | D1: 0 | E1: 0 | F1: 0 | G1: 0
A2: =KeyIn!N7 -> 0 | B2: =KeyIn!T7 -> 0 | C2: =KeyIn!Z7 -> 0 | D2: 0 | E2: 0 | F2: 0 | G2: 0 | I2: =IF($A$1=A2,0.5,IF($A$1>A2,1,0)) -> 0.5 | J2: =IF($B$1=B2,0.5,IF($B$1>B2,1,0)) -> 0.5 | K2: =IF($C$1=C2,0.5,IF($C$1>C2,1,0)) -> 0.5 | L2: =IF($D$1=D2,0.5,IF($D$1>D2,1,0)) -> 0.5 | M2: =IF($E$1=E2,0.5,IF($E$1>E2,1,0)) -> 0.5 | N2: =IF($F$1=F2,0.5,IF($F$1>F2,1,0)) -> 0.5 | O2: =IF($G$1=G2,0.5,IF($G$1>G2,1,0)) -> 0.5 | P2: =SUM(I2:O2) -> 3.5 | Q2: =IF(P2=3.5,0.5,IF(P2>3.5,1,0)) -> 0.5
A3: =KeyIn!N8 -> 0 | B3: =KeyIn!T8 -> 0 | C3: =KeyIn!Z8 -> 0 | D3: 0 | E3: 0 | F3: 0 | G3: 0 | I3: =IF($A$1=A3,0.5,IF($A$1>A3,1,0)) -> 0.5 | J3: =IF($B$1=B3,0.5,IF($B$1>B3,1,0)) -> 0.5 | K3: =IF($C$1=C3,0.5,IF($C$1>C3,1,0)) -> 0.5 | L3: =IF($D$1=D3,0.5,IF($D$1>D3,1,0)) -> 0.5 | M3: =IF($E$1=E3,0.5,IF($E$1>E3,1,0)) -> 0.5 | N3: =IF($F$1=F3,0.5,IF($F$1>F3,1,0)) -> 0.5 | O3: =IF($G$1=G3,0.5,IF($G$1>G3,1,0)) -> 0.5 | P3: =SUM(I3:O3) -> 3.5 | Q3: =IF(P3=3.5,0.5,IF(P3>3.5,1,0)) -> 0.5 | S3: =IF(A2=A3,0.5,IF(A2>A3,1,0)) -> 0.5 | T3: =IF($B$2=B3,0.5,IF($B$2>B3,1,0)) -> 0.5 | U3: =IF($C$2=C3,0.5,IF($C$2>C3,1,0)) -> 0.5 | V3: =IF($D$2=D3,0.5,IF($D$2>D3,1,0)) -> 0.5 | W3: =IF($E$2=E3,0.5,IF($E$2>E3,1,0)) -> 0.5 | X3: =IF($F$2=F3,0.5,IF($F$2>F3,1,0)) -> 0.5 | Y3: =IF($G$2=G3,0.5,IF($G$2>G3,1,0)) -> 0.5 | Z3: =SUM(S3:Y3) -> 3.5 | AA3: =IF(Z3=3.5,0.5,IF(Z3>3.5,1,0)) -> 0.5
A4: =KeyIn!N9 -> 0 | B4: =KeyIn!T9 -> 0 | C4: =KeyIn!Z9 -> 0 | D4: 0 | E4: 0 | F4: 0 | G4: 0 | I4: =IF($A$1=A4,0.5,IF($A$1>A4,1,0)) -> 0.5 | J4: =IF($B$1=B4,0.5,IF($B$1>B4,1,0)) -> 0.5 | K4: =IF($C$1=C4,0.5,IF($C$1>C4,1,0)) -> 0.5 | L4: =IF($D$1=D4,0.5,IF($D$1>D4,1,0)) -> 0.5 | M4: =IF($E$1=E4,0.5,IF($E$1>E4,1,0)) -> 0.5 | N4: =IF($F$1=F4,0.5,IF($F$1>F4,1,0)) -> 0.5 | O4: =IF($G$1=G4,0.5,IF($G$1>G4,1,0)) -> 0.5 | P4: =SUM(I4:O4) -> 3.5 | Q4: =IF(P4=3.5,0.5,IF(P4>3.5,1,0)) -> 0.5 | S4: =IF($A$2=A4,0.5,IF($A$2>A4,1,0)) -> 0.5 | T4: =IF($B$2=B4,0.5,IF($B$2>B4,1,0)) -> 0.5 | U4: =IF($C$2=C4,0.5,IF($C$2>C4,1,0)) -> 0.5 | V4: =IF($D$2=D4,0.5,IF($D$2>D4,1,0)) -> 0.5 | W4: =IF($E$2=E4,0.5,IF($E$2>E4,1,0)) -> 0.5 | X4: =IF($F$2=F4,0.5,IF($F$2>F4,1,0)) -> 0.5 | Y4: =IF($G$2=G4,0.5,IF($G$2>G4,1,0)) -> 0.5 | Z4: =SUM(S4:Y4) -> 3.5 | AA4: =IF(Z4=3.5,0.5,IF(Z4>3.5,1,0)) -> 0.5 | AC4: =IF(A3=A4,0.5,IF(A3>A4,1,0)) -> 0.5 | AD4: =IF($B$3=B4,0.5,IF($B$3>B4,1,0)) -> 0.5 | AE4: =IF($C$3=C4,0.5,IF($C$3>C4,1,0)) -> 0.5 | AF4: =IF($D$3=D4,0.5,IF($D$3>D4,1,0)) -> 0.5 | AG4: =IF($E$3=E4,0.5,IF($E$3>E4,1,0)) -> 0.5 | AH4: =IF($F$3=F4,0.5,IF($F$3>F4,1,0)) -> 0.5 | AI4: =IF($G$3=G4,0.5,IF($G$3>G4,1,0)) -> 0.5 | AJ4: =SUM(AC4:AI4) -> 3.5 | AK4: =IF(AJ4=3.5,0.5,IF(AJ4>3.5,1,0)) -> 0.5
A5: =KeyIn!N10 -> 0 | B5: =KeyIn!T10 -> 0 | C5: =KeyIn!Z10 -> 0 | D5: 0 | E5: 0 | F5: 0 | G5: 0 | I5: =IF($A$1=A5,0.5,IF($A$1>A5,1,0)) -> 0.5 | J5: =IF($B$1=B5,0.5,IF($B$1>B5,1,0)) -> 0.5 | K5: =IF($C$1=C5,0.5,IF($C$1>C5,1,0)) -> 0.5 | L5: =IF($D$1=D5,0.5,IF($D$1>D5,1,0)) -> 0.5 | M5: =IF($E$1=E5,0.5,IF($E$1>E5,1,0)) -> 0.5 | N5: =IF($F$1=F5,0.5,IF($F$1>F5,1,0)) -> 0.5 | O5: =IF($G$1=G5,0.5,IF($G$1>G5,1,0)) -> 0.5 | P5: =SUM(I5:O5) -> 3.5 | Q5: =IF(P5=3.5,0.5,IF(P5>3.5,1,0)) -> 0.5 | S5: =IF($A$2=A5,0.5,IF($A$2>A5,1,0)) -> 0.5 | T5: =IF($B$2=B5,0.5,IF($B$2>B5,1,0)) -> 0.5 | U5: =IF($C$2=C5,0.5,IF($C$2>C5,1,0)) -> 0.5 | V5: =IF($D$2=D5,0.5,IF($D$2>D5,1,0)) -> 0.5 | W5: =IF($E$2=E5,0.5,IF($E$2>E5,1,0)) -> 0.5 | X5: =IF($F$2=F5,0.5,IF($F$2>F5,1,0)) -> 0.5 | Y5: =IF($G$2=G5,0.5,IF($G$2>G5,1,0)) -> 0.5 | Z5: =SUM(S5:Y5) -> 3.5 | AA5: =IF(Z5=3.5,0.5,IF(Z5>3.5,1,0)) -> 0.5 | AC5: =IF($A$3=A5,0.5,IF($A$3>A5,1,0)) -> 0.5 | AD5: =IF($B$3=B5,0.5,IF($B$3>B5,1,0)) -> 0.5 | AE5: =IF($C$3=C5,0.5,IF($C$3>C5,1,0)) -> 0.5 | AF5: =IF($D$3=D5,0.5,IF($D$3>D5,1,0)) -> 0.5 | AG5: =IF($E$3=E5,0.5,IF($E$3>E5,1,0)) -> 0.5 | AH5: =IF($F$3=F5,0.5,IF($F$3>F5,1,0)) -> 0.5 | AI5: =IF($G$3=G5,0.5,IF($G$3>G5,1,0)) -> 0.5 | AJ5: =SUM(AC5:AI5) -> 3.5 | AK5: =IF(AJ5=3.5,0.5,IF(AJ5>3.5,1,0)) -> 0.5 | AM5: =IF(A4=A5,0.5,IF(A4>A5,1,0)) -> 0.5 | AN5: =IF($B$4=B5,0.5,IF($B$4>B5,1,0)) -> 0.5 | AO5: =IF($C$4=C5,0.5,IF($C$4>C5,1,0)) -> 0.5 | AP5: =IF($D$4=D5,0.5,IF($D$4>D5,1,0)) -> 0.5 | AQ5: =IF($E$4=E5,0.5,IF($E$4>E5,1,0)) -> 0.5 | AR5: =IF($F$4=F5,0.5,IF($F$4>F5,1,0)) -> 0.5 | AS5: =IF($G$4=G5,0.5,IF($G$4>G5,1,0)) -> 0.5 | AT5: =SUM(AM5:AS5) -> 3.5 | AU5: =IF(AT5=3.5,0.5,IF(AT5>3.5,1,0)) -> 0.5
A6: =KeyIn!N11 -> 0 | B6: =KeyIn!T11 -> 0 | C6: =KeyIn!Z11 -> 0 | D6: 0 | E6: 0 | F6: 0 | G6: 0 | I6: =IF($A$1=A6,0.5,IF($A$1>A6,1,0)) -> 0.5 | J6: =IF($B$1=B6,0.5,IF($B$1>B6,1,0)) -> 0.5 | K6: =IF($C$1=C6,0.5,IF($C$1>C6,1,0)) -> 0.5 | L6: =IF($D$1=D6,0.5,IF($D$1>D6,1,0)) -> 0.5 | M6: =IF($E$1=E6,0.5,IF($E$1>E6,1,0)) -> 0.5 | N6: =IF($F$1=F6,0.5,IF($F$1>F6,1,0)) -> 0.5 | O6: =IF($G$1=G6,0.5,IF($G$1>G6,1,0)) -> 0.5 | P6: =SUM(I6:O6) -> 3.5 | Q6: =IF(P6=3.5,0.5,IF(P6>3.5,1,0)) -> 0.5 | S6: =IF($A$2=A6,0.5,IF($A$2>A6,1,0)) -> 0.5 | T6: =IF($B$2=B6,0.5,IF($B$2>B6,1,0)) -> 0.5 | U6: =IF($C$2=C6,0.5,IF($C$2>C6,1,0)) -> 0.5 | V6: =IF($D$2=D6,0.5,IF($D$2>D6,1,0)) -> 0.5 | W6: =IF($E$2=E6,0.5,IF($E$2>E6,1,0)) -> 0.5 | X6: =IF($F$2=F6,0.5,IF($F$2>F6,1,0)) -> 0.5 | Y6: =IF($G$2=G6,0.5,IF($G$2>G6,1,0)) -> 0.5 | Z6: =SUM(S6:Y6) -> 3.5 | AA6: =IF(Z6=3.5,0.5,IF(Z6>3.5,1,0)) -> 0.5 | AC6: =IF($A$3=A6,0.5,IF($A$3>A6,1,0)) -> 0.5 | AD6: =IF($B$3=B6,0.5,IF($B$3>B6,1,0)) -> 0.5 | AE6: =IF($C$3=C6,0.5,IF($C$3>C6,1,0)) -> 0.5 | AF6: =IF($D$3=D6,0.5,IF($D$3>D6,1,0)) -> 0.5 | AG6: =IF($E$3=E6,0.5,IF($E$3>E6,1,0)) -> 0.5 | AH6: =IF($F$3=F6,0.5,IF($F$3>F6,1,0)) -> 0.5 | AI6: =IF($G$3=G6,0.5,IF($G$3>G6,1,0)) -> 0.5 | AJ6: =SUM(AC6:AI6) -> 3.5 | AK6: =IF(AJ6=3.5,0.5,IF(AJ6>3.5,1,0)) -> 0.5 | AM6: =IF($A$4=A6,0.5,IF($A$4>A6,1,0)) -> 0.5 | AN6: =IF($B$4=B6,0.5,IF($B$4>B6,1,0)) -> 0.5 | AO6: =IF($C$4=C6,0.5,IF($C$4>C6,1,0)) -> 0.5 | AP6: =IF($D$4=D6,0.5,IF($D$4>D6,1,0)) -> 0.5 | AQ6: =IF($E$4=E6,0.5,IF($E$4>E6,1,0)) -> 0.5 | AR6: =IF($F$4=F6,0.5,IF($F$4>F6,1,0)) -> 0.5 | AS6: =IF($G$4=G6,0.5,IF($G$4>G6,1,0)) -> 0.5 | AT6: =SUM(AM6:AS6) -> 3.5 | AU6: =IF(AT6=3.5,0.5,IF(AT6>3.5,1,0)) -> 0.5 | AW6: =IF(A5=A6,0.5,IF(A5>A6,1,0)) -> 0.5 | AX6: =IF($B$5=B6,0.5,IF($B$5>B6,1,0)) -> 0.5 | AY6: =IF($C$5=C6,0.5,IF($C$5>C6,1,0)) -> 0.5 | AZ6: =IF($D$5=D6,0.5,IF($D$5>D6,1,0)) -> 0.5 | BA6: =IF($E$5=E6,0.5,IF($E$5>E6,1,0)) -> 0.5 | BB6: =IF($F$5=F6,0.5,IF($F$5>F6,1,0)) -> 0.5 | BC6: =IF($G$5=G6,0.5,IF($G$5>G6,1,0)) -> 0.5 | BD6: =SUM(AW6:BC6) -> 3.5 | BE6: =IF(BD6=3.5,0.5,IF(BD6>3.5,1,0)) -> 0.5
A7: =KeyIn!N12 -> 0 | B7: =KeyIn!T12 -> 0 | C7: =KeyIn!Z12 -> 0 | D7: 0 | E7: 0 | F7: 0 | G7: 0 | I7: =IF($A$1=A7,0.5,IF($A$1>A7,1,0)) -> 0.5 | J7: =IF($B$1=B7,0.5,IF($B$1>B7,1,0)) -> 0.5 | K7: =IF($C$1=C7,0.5,IF($C$1>C7,1,0)) -> 0.5 | L7: =IF($D$1=D7,0.5,IF($D$1>D7,1,0)) -> 0.5 | M7: =IF($E$1=E7,0.5,IF($E$1>E7,1,0)) -> 0.5 | N7: =IF($F$1=F7,0.5,IF($F$1>F7,1,0)) -> 0.5 | O7: =IF($G$1=G7,0.5,IF($G$1>G7,1,0)) -> 0.5 | P7: =SUM(I7:O7) -> 3.5 | Q7: =IF(P7=3.5,0.5,IF(P7>3.5,1,0)) -> 0.5 | S7: =IF($A$2=A7,0.5,IF($A$2>A7,1,0)) -> 0.5 | T7: =IF($B$2=B7,0.5,IF($B$2>B7,1,0)) -> 0.5 | U7: =IF($C$2=C7,0.5,IF($C$2>C7,1,0)) -> 0.5 | V7: =IF($D$2=D7,0.5,IF($D$2>D7,1,0)) -> 0.5 | W7: =IF($E$2=E7,0.5,IF($E$2>E7,1,0)) -> 0.5 | X7: =IF($F$2=F7,0.5,IF($F$2>F7,1,0)) -> 0.5 | Y7: =IF($G$2=G7,0.5,IF($G$2>G7,1,0)) -> 0.5 | Z7: =SUM(S7:Y7) -> 3.5 | AA7: =IF(Z7=3.5,0.5,IF(Z7>3.5,1,0)) -> 0.5 | AC7: =IF($A$3=A7,0.5,IF($A$3>A7,1,0)) -> 0.5 | AD7: =IF($B$3=B7,0.5,IF($B$3>B7,1,0)) -> 0.5 | AE7: =IF($C$3=C7,0.5,IF($C$3>C7,1,0)) -> 0.5 | AF7: =IF($D$3=D7,0.5,IF($D$3>D7,1,0)) -> 0.5 | AG7: =IF($E$3=E7,0.5,IF($E$3>E7,1,0)) -> 0.5 | AH7: =IF($F$3=F7,0.5,IF($F$3>F7,1,0)) -> 0.5 | AI7: =IF($G$3=G7,0.5,IF($G$3>G7,1,0)) -> 0.5 | AJ7: =SUM(AC7:AI7) -> 3.5 | AK7: =IF(AJ7=3.5,0.5,IF(AJ7>3.5,1,0)) -> 0.5 | AM7: =IF($A$4=A7,0.5,IF($A$4>A7,1,0)) -> 0.5 | AN7: =IF($B$4=B7,0.5,IF($B$4>B7,1,0)) -> 0.5 | AO7: =IF($C$4=C7,0.5,IF($C$4>C7,1,0)) -> 0.5 | AP7: =IF($D$4=D7,0.5,IF($D$4>D7,1,0)) -> 0.5 | AQ7: =IF($E$4=E7,0.5,IF($E$4>E7,1,0)) -> 0.5 | AR7: =IF($F$4=F7,0.5,IF($F$4>F7,1,0)) -> 0.5 | AS7: =IF($G$4=G7,0.5,IF($G$4>G7,1,0)) -> 0.5 | AT7: =SUM(AM7:AS7) -> 3.5 | AU7: =IF(AT7=3.5,0.5,IF(AT7>3.5,1,0)) -> 0.5 | AW7: =IF($A$5=A7,0.5,IF($A$5>A7,1,0)) -> 0.5 | AX7: =IF($B$5=B7,0.5,IF($B$5>B7,1,0)) -> 0.5 | AY7: =IF($C$5=C7,0.5,IF($C$5>C7,1,0)) -> 0.5 | AZ7: =IF($D$5=D7,0.5,IF($D$5>D7,1,0)) -> 0.5 | BA7: =IF($E$5=E7,0.5,IF($E$5>E7,1,0)) -> 0.5 | BB7: =IF($F$5=F7,0.5,IF($F$5>F7,1,0)) -> 0.5 | BC7: =IF($G$5=G7,0.5,IF($G$5>G7,1,0)) -> 0.5 | BD7: =SUM(AW7:BC7) -> 3.5 | BE7: =IF(BD7=3.5,0.5,IF(BD7>3.5,1,0)) -> 0.5 | BG7: =IF($A$6=A7,0.5,IF($A$6>A7,1,0)) -> 0.5 | BH7: =IF($B$6=B7,0.5,IF($B$6>B7,1,0)) -> 0.5 | BI7: =IF($C$6=C7,0.5,IF($C$6>C7,1,0)) -> 0.5 | BJ7: =IF($D$6=D7,0.5,IF($D$6>D7,1,0)) -> 0.5 | BK7: =IF($E$6=E7,0.5,IF($E$6>E7,1,0)) -> 0.5 | BL7: =IF($F$6=F7,0.5,IF($F$6>F7,1,0)) -> 0.5 | BM7: =IF($G$6=G7,0.5,IF($G$6>G7,1,0)) -> 0.5 | BN7: =SUM(BG7:BM7) -> 3.5 | BO7: =IF(BN7=3.5,0.5,IF(BN7>3.5,1,0)) -> 0.5
A8: =KeyIn!N13 -> 0 | B8: =KeyIn!T13 -> 0 | C8: =KeyIn!Z13 -> 0 | D8: 0 | E8: 0 | F8: 0 | G8: 0 | I8: =IF($A$1=A8,0.5,IF($A$1>A8,1,0)) -> 0.5 | J8: =IF($B$1=B8,0.5,IF($B$1>B8,1,0)) -> 0.5 | K8: =IF($C$1=C8,0.5,IF($C$1>C8,1,0)) -> 0.5 | L8: =IF($D$1=D8,0.5,IF($D$1>D8,1,0)) -> 0.5 | M8: =IF($E$1=E8,0.5,IF($E$1>E8,1,0)) -> 0.5 | N8: =IF($F$1=F8,0.5,IF($F$1>F8,1,0)) -> 0.5 | O8: =IF($G$1=G8,0.5,IF($G$1>G8,1,0)) -> 0.5 | P8: =SUM(I8:O8) -> 3.5 | Q8: =IF(P8=3.5,0.5,IF(P8>3.5,1,0)) -> 0.5 | S8: =IF($A$2=A8,0.5,IF($A$2>A8,1,0)) -> 0.5 | T8: =IF($B$2=B8,0.5,IF($B$2>B8,1,0)) -> 0.5 | U8: =IF($C$2=C8,0.5,IF($C$2>C8,1,0)) -> 0.5 | V8: =IF($D$2=D8,0.5,IF($D$2>D8,1,0)) -> 0.5 | W8: =IF($E$2=E8,0.5,IF($E$2>E8,1,0)) -> 0.5 | X8: =IF($F$2=F8,0.5,IF($F$2>F8,1,0)) -> 0.5 | Y8: =IF($G$2=G8,0.5,IF($G$2>G8,1,0)) -> 0.5 | Z8: =SUM(S8:Y8) -> 3.5 | AA8: =IF(Z8=3.5,0.5,IF(Z8>3.5,1,0)) -> 0.5 | AC8: =IF($A$3=A8,0.5,IF($A$3>A8,1,0)) -> 0.5 | AD8: =IF($B$3=B8,0.5,IF($B$3>B8,1,0)) -> 0.5 | AE8: =IF($C$3=C8,0.5,IF($C$3>C8,1,0)) -> 0.5 | AF8: =IF($D$3=D8,0.5,IF($D$3>D8,1,0)) -> 0.5 | AG8: =IF($E$3=E8,0.5,IF($E$3>E8,1,0)) -> 0.5 | AH8: =IF($F$3=F8,0.5,IF($F$3>F8,1,0)) -> 0.5 | AI8: =IF($G$3=G8,0.5,IF($G$3>G8,1,0)) -> 0.5 | AJ8: =SUM(AC8:AI8) -> 3.5 | AK8: =IF(AJ8=3.5,0.5,IF(AJ8>3.5,1,0)) -> 0.5 | AM8: =IF($A$4=A8,0.5,IF($A$4>A8,1,0)) -> 0.5 | AN8: =IF($B$4=B8,0.5,IF($B$4>B8,1,0)) -> 0.5 | AO8: =IF($C$4=C8,0.5,IF($C$4>C8,1,0)) -> 0.5 | AP8: =IF($D$4=D8,0.5,IF($D$4>D8,1,0)) -> 0.5 | AQ8: =IF($E$4=E8,0.5,IF($E$4>E8,1,0)) -> 0.5 | AR8: =IF($F$4=F8,0.5,IF($F$4>F8,1,0)) -> 0.5 | AS8: =IF($G$4=G8,0.5,IF($G$4>G8,1,0)) -> 0.5 | AT8: =SUM(AM8:AS8) -> 3.5 | AU8: =IF(AT8=3.5,0.5,IF(AT8>3.5,1,0)) -> 0.5 | AW8: =IF($A$5=A8,0.5,IF($A$5>A8,1,0)) -> 0.5 | AX8: =IF($B$5=B8,0.5,IF($B$5>B8,1,0)) -> 0.5 | AY8: =IF($C$5=C8,0.5,IF($C$5>C8,1,0)) -> 0.5 | AZ8: =IF($D$5=D8,0.5,IF($D$5>D8,1,0)) -> 0.5 | BA8: =IF($E$5=E8,0.5,IF($E$5>E8,1,0)) -> 0.5 | BB8: =IF($F$5=F8,0.5,IF($F$5>F8,1,0)) -> 0.5 | BC8: =IF($G$5=G8,0.5,IF($G$5>G8,1,0)) -> 0.5 | BD8: =SUM(AW8:BC8) -> 3.5 | BE8: =IF(BD8=3.5,0.5,IF(BD8>3.5,1,0)) -> 0.5 | BG8: =IF($A$6=A8,0.5,IF($A$6>A8,1,0)) -> 0.5 | BH8: =IF($B$6=B8,0.5,IF($B$6>B8,1,0)) -> 0.5 | BI8: =IF($C$6=C8,0.5,IF($C$6>C8,1,0)) -> 0.5 | BJ8: =IF($D$6=D8,0.5,IF($D$6>D8,1,0)) -> 0.5 | BK8: =IF($E$6=E8,0.5,IF($E$6>E8,1,0)) -> 0.5 | BL8: =IF($F$6=F8,0.5,IF($F$6>F8,1,0)) -> 0.5 | BM8: =IF($G$6=G8,0.5,IF($G$6>G8,1,0)) -> 0.5 | BN8: =SUM(BG8:BM8) -> 3.5 | BO8: =IF(BN8=3.5,0.5,IF(BN8>3.5,1,0)) -> 0.5 | BQ8: =IF($A$7=A8,0.5,IF($A$7>A8,1,0)) -> 0.5 | BR8: =IF($B$7=B8,0.5,IF($B$7>B8,1,0)) -> 0.5 | BS8: =IF($C$7=C8,0.5,IF($C$7>C8,1,0)) -> 0.5 | BT8: =IF($D$7=D8,0.5,IF($D$7>D8,1,0)) -> 0.5 | BU8: =IF($E$7=E8,0.5,IF($E$7>E8,1,0)) -> 0.5 | BV8: =IF($F$7=F8,0.5,IF($F$7>F8,1,0)) -> 0.5 | BW8: =IF($G$7=G8,0.5,IF($G$7>G8,1,0)) -> 0.5 | BX8: =SUM(BQ8:BW8) -> 3.5 | BY8: =IF(BX8=3.5,0.5,IF(BX8>3.5,1,0)) -> 0.5
A9: =KeyIn!N14 -> 0 | B9: =KeyIn!T14 -> 0 | C9: =KeyIn!Z14 -> 0 | D9: 0 | E9: 0 | F9: 0 | G9: 0 | I9: =IF($A$1=A9,0.5,IF($A$1>A9,1,0)) -> 0.5 | J9: =IF($B$1=B9,0.5,IF($B$1>B9,1,0)) -> 0.5 | K9: =IF($C$1=C9,0.5,IF($C$1>C9,1,0)) -> 0.5 | L9: =IF($D$1=D9,0.5,IF($D$1>D9,1,0)) -> 0.5 | M9: =IF($E$1=E9,0.5,IF($E$1>E9,1,0)) -> 0.5 | N9: =IF($F$1=F9,0.5,IF($F$1>F9,1,0)) -> 0.5 | O9: =IF($G$1=G9,0.5,IF($G$1>G9,1,0)) -> 0.5 | P9: =SUM(I9:O9) -> 3.5 | Q9: =IF(P9=3.5,0.5,IF(P9>3.5,1,0)) -> 0.5 | S9: =IF($A$2=A9,0.5,IF($A$2>A9,1,0)) -> 0.5 | T9: =IF($B$2=B9,0.5,IF($B$2>B9,1,0)) -> 0.5 | U9: =IF($C$2=C9,0.5,IF($C$2>C9,1,0)) -> 0.5 | V9: =IF($D$2=D9,0.5,IF($D$2>D9,1,0)) -> 0.5 | W9: =IF($E$2=E9,0.5,IF($E$2>E9,1,0)) -> 0.5 | X9: =IF($F$2=F9,0.5,IF($F$2>F9,1,0)) -> 0.5 | Y9: =IF($G$2=G9,0.5,IF($G$2>G9,1,0)) -> 0.5 | Z9: =SUM(S9:Y9) -> 3.5 | AA9: =IF(Z9=3.5,0.5,IF(Z9>3.5,1,0)) -> 0.5 | AC9: =IF($A$3=A9,0.5,IF($A$3>A9,1,0)) -> 0.5 | AD9: =IF($B$3=B9,0.5,IF($B$3>B9,1,0)) -> 0.5 | AE9: =IF($C$3=C9,0.5,IF($C$3>C9,1,0)) -> 0.5 | AF9: =IF($D$3=D9,0.5,IF($D$3>D9,1,0)) -> 0.5 | AG9: =IF($E$3=E9,0.5,IF($E$3>E9,1,0)) -> 0.5 | AH9: =IF($F$3=F9,0.5,IF($F$3>F9,1,0)) -> 0.5 | AI9: =IF($G$3=G9,0.5,IF($G$3>G9,1,0)) -> 0.5 | AJ9: =SUM(AC9:AI9) -> 3.5 | AK9: =IF(AJ9=3.5,0.5,IF(AJ9>3.5,1,0)) -> 0.5 | AM9: =IF($A$4=A9,0.5,IF($A$4>A9,1,0)) -> 0.5 | AN9: =IF($B$4=B9,0.5,IF($B$4>B9,1,0)) -> 0.5 | AO9: =IF($C$4=C9,0.5,IF($C$4>C9,1,0)) -> 0.5 | AP9: =IF($D$4=D9,0.5,IF($D$4>D9,1,0)) -> 0.5 | AQ9: =IF($E$4=E9,0.5,IF($E$4>E9,1,0)) -> 0.5 | AR9: =IF($F$4=F9,0.5,IF($F$4>F9,1,0)) -> 0.5 | AS9: =IF($G$4=G9,0.5,IF($G$4>G9,1,0)) -> 0.5 | AT9: =SUM(AM9:AS9) -> 3.5 | AU9: =IF(AT9=3.5,0.5,IF(AT9>3.5,1,0)) -> 0.5 | AW9: =IF($A$5=A9,0.5,IF($A$5>A9,1,0)) -> 0.5 | AX9: =IF($B$5=B9,0.5,IF($B$5>B9,1,0)) -> 0.5 | AY9: =IF($C$5=C9,0.5,IF($C$5>C9,1,0)) -> 0.5 | AZ9: =IF($D$5=D9,0.5,IF($D$5>D9,1,0)) -> 0.5 | BA9: =IF($E$5=E9,0.5,IF($E$5>E9,1,0)) -> 0.5 | BB9: =IF($F$5=F9,0.5,IF($F$5>F9,1,0)) -> 0.5 | BC9: =IF($G$5=G9,0.5,IF($G$5>G9,1,0)) -> 0.5 | BD9: =SUM(AW9:BC9) -> 3.5 | BE9: =IF(BD9=3.5,0.5,IF(BD9>3.5,1,0)) -> 0.5 | BG9: =IF($A$6=A9,0.5,IF($A$6>A9,1,0)) -> 0.5 | BH9: =IF($B$6=B9,0.5,IF($B$6>B9,1,0)) -> 0.5 | BI9: =IF($C$6=C9,0.5,IF($C$6>C9,1,0)) -> 0.5 | BJ9: =IF($D$6=D9,0.5,IF($D$6>D9,1,0)) -> 0.5 | BK9: =IF($E$6=E9,0.5,IF($E$6>E9,1,0)) -> 0.5 | BL9: =IF($F$6=F9,0.5,IF($F$6>F9,1,0)) -> 0.5 | BM9: =IF($G$6=G9,0.5,IF($G$6>G9,1,0)) -> 0.5 | BN9: =SUM(BG9:BM9) -> 3.5 | BO9: =IF(BN9=3.5,0.5,IF(BN9>3.5,1,0)) -> 0.5 | BQ9: =IF($A$7=A9,0.5,IF($A$7>A9,1,0)) -> 0.5 | BR9: =IF($B$7=B9,0.5,IF($B$7>B9,1,0)) -> 0.5 | BS9: =IF($C$7=C9,0.5,IF($C$7>C9,1,0)) -> 0.5 | BT9: =IF($D$7=D9,0.5,IF($D$7>D9,1,0)) -> 0.5 | BU9: =IF($E$7=E9,0.5,IF($E$7>E9,1,0)) -> 0.5 | BV9: =IF($F$7=F9,0.5,IF($F$7>F9,1,0)) -> 0.5 | BW9: =IF($G$7=G9,0.5,IF($G$7>G9,1,0)) -> 0.5 | BX9: =SUM(BQ9:BW9) -> 3.5 | BY9: =IF(BX9=3.5,0.5,IF(BX9>3.5,1,0)) -> 0.5 | CA9: =IF($A$8=A9,0.5,IF($A$8>A9,1,0)) -> 0.5 | CB9: =IF($B$8=B9,0.5,IF($B$8>B9,1,0)) -> 0.5 | CC9: =IF($C$8=C9,0.5,IF($C$8>C9,1,0)) -> 0.5 | CD9: =IF($D$8=D9,0.5,IF($D$8>D9,1,0)) -> 0.5 | CE9: =IF($E$8=E9,0.5,IF($E$8>E9,1,0)) -> 0.5 | CF9: =IF($F$8=F9,0.5,IF($F$8>F9,1,0)) -> 0.5 | CG9: =IF($G$8=G9,0.5,IF($G$8>G9,1,0)) -> 0.5 | CH9: =SUM(CA9:CG9) -> 3.5 | CI9: =IF(CH9=3.5,0.5,IF(CH9>3.5,1,0)) -> 0.5
A10: =KeyIn!N15 -> 0 | B10: =KeyIn!T15 -> 0 | C10: =KeyIn!Z15 -> 0 | D10: 0 | E10: 0 | F10: 0 | G10: 0 | I10: =IF($A$1=A10,0.5,IF($A$1>A10,1,0)) -> 0.5 | J10: =IF($B$1=B10,0.5,IF($B$1>B10,1,0)) -> 0.5 | K10: =IF($C$1=C10,0.5,IF($C$1>C10,1,0)) -> 0.5 | L10: =IF($D$1=D10,0.5,IF($D$1>D10,1,0)) -> 0.5 | M10: =IF($E$1=E10,0.5,IF($E$1>E10,1,0)) -> 0.5 | N10: =IF($F$1=F10,0.5,IF($F$1>F10,1,0)) -> 0.5 | O10: =IF($G$1=G10,0.5,IF($G$1>G10,1,0)) -> 0.5 | P10: =SUM(I10:O10) -> 3.5 | Q10: =IF(P10=3.5,0.5,IF(P10>3.5,1,0)) -> 0.5 | S10: =IF($A$2=A10,0.5,IF($A$2>A10,1,0)) -> 0.5 | T10: =IF($B$2=B10,0.5,IF($B$2>B10,1,0)) -> 0.5 | U10: =IF($C$2=C10,0.5,IF($C$2>C10,1,0)) -> 0.5 | V10: =IF($D$2=D10,0.5,IF($D$2>D10,1,0)) -> 0.5 | W10: =IF($E$2=E10,0.5,IF($E$2>E10,1,0)) -> 0.5 | X10: =IF($F$2=F10,0.5,IF($F$2>F10,1,0)) -> 0.5 | Y10: =IF($G$2=G10,0.5,IF($G$2>G10,1,0)) -> 0.5 | Z10: =SUM(S10:Y10) -> 3.5 | AA10: =IF(Z10=3.5,0.5,IF(Z10>3.5,1,0)) -> 0.5 | AC10: =IF($A$3=A10,0.5,IF($A$3>A10,1,0)) -> 0.5 | AD10: =IF($B$3=B10,0.5,IF($B$3>B10,1,0)) -> 0.5 | AE10: =IF($C$3=C10,0.5,IF($C$3>C10,1,0)) -> 0.5 | AF10: =IF($D$3=D10,0.5,IF($D$3>D10,1,0)) -> 0.5 | AG10: =IF($E$3=E10,0.5,IF($E$3>E10,1,0)) -> 0.5 | AH10: =IF($F$3=F10,0.5,IF($F$3>F10,1,0)) -> 0.5 | AI10: =IF($G$3=G10,0.5,IF($G$3>G10,1,0)) -> 0.5 | AJ10: =SUM(AC10:AI10) -> 3.5 | AK10: =IF(AJ10=3.5,0.5,IF(AJ10>3.5,1,0)) -> 0.5 | AM10: =IF($A$4=A10,0.5,IF($A$4>A10,1,0)) -> 0.5 | AN10: =IF($B$4=B10,0.5,IF($B$4>B10,1,0)) -> 0.5 | AO10: =IF($C$4=C10,0.5,IF($C$4>C10,1,0)) -> 0.5 | AP10: =IF($D$4=D10,0.5,IF($D$4>D10,1,0)) -> 0.5 | AQ10: =IF($E$4=E10,0.5,IF($E$4>E10,1,0)) -> 0.5 | AR10: =IF($F$4=F10,0.5,IF($F$4>F10,1,0)) -> 0.5 | AS10: =IF($G$4=G10,0.5,IF($G$4>G10,1,0)) -> 0.5 | AT10: =SUM(AM10:AS10) -> 3.5 | AU10: =IF(AT10=3.5,0.5,IF(AT10>3.5,1,0)) -> 0.5 | AW10: =IF($A$5=A10,0.5,IF($A$5>A10,1,0)) -> 0.5 | AX10: =IF($B$5=B10,0.5,IF($B$5>B10,1,0)) -> 0.5 | AY10: =IF($C$5=C10,0.5,IF($C$5>C10,1,0)) -> 0.5 | AZ10: =IF($D$5=D10,0.5,IF($D$5>D10,1,0)) -> 0.5 | BA10: =IF($E$5=E10,0.5,IF($E$5>E10,1,0)) -> 0.5 | BB10: =IF($F$5=F10,0.5,IF($F$5>F10,1,0)) -> 0.5 | BC10: =IF($G$5=G10,0.5,IF($G$5>G10,1,0)) -> 0.5 | BD10: =SUM(AW10:BC10) -> 3.5 | BE10: =IF(BD10=3.5,0.5,IF(BD10>3.5,1,0)) -> 0.5 | BG10: =IF($A$6=A10,0.5,IF($A$6>A10,1,0)) -> 0.5 | BH10: =IF($B$6=B10,0.5,IF($B$6>B10,1,0)) -> 0.5 | BI10: =IF($C$6=C10,0.5,IF($C$6>C10,1,0)) -> 0.5 | BJ10: =IF($D$6=D10,0.5,IF($D$6>D10,1,0)) -> 0.5 | BK10: =IF($E$6=E10,0.5,IF($E$6>E10,1,0)) -> 0.5 | BL10: =IF($F$6=F10,0.5,IF($F$6>F10,1,0)) -> 0.5 | BM10: =IF($G$6=G10,0.5,IF($G$6>G10,1,0)) -> 0.5 | BN10: =SUM(BG10:BM10) -> 3.5 | BO10: =IF(BN10=3.5,0.5,IF(BN10>3.5,1,0)) -> 0.5 | BQ10: =IF($A$7=A10,0.5,IF($A$7>A10,1,0)) -> 0.5 | BR10: =IF($B$7=B10,0.5,IF($B$7>B10,1,0)) -> 0.5 | BS10: =IF($C$7=C10,0.5,IF($C$7>C10,1,0)) -> 0.5 | BT10: =IF($D$7=D10,0.5,IF($D$7>D10,1,0)) -> 0.5 | BU10: =IF($E$7=E10,0.5,IF($E$7>E10,1,0)) -> 0.5 | BV10: =IF($F$7=F10,0.5,IF($F$7>F10,1,0)) -> 0.5 | BW10: =IF($G$7=G10,0.5,IF($G$7>G10,1,0)) -> 0.5 | BX10: =SUM(BQ10:BW10) -> 3.5 | BY10: =IF(BX10=3.5,0.5,IF(BX10>3.5,1,0)) -> 0.5 | CA10: =IF($A$8=A10,0.5,IF($A$8>A10,1,0)) -> 0.5 | CB10: =IF($B$8=B10,0.5,IF($B$8>B10,1,0)) -> 0.5 | CC10: =IF($C$8=C10,0.5,IF($C$8>C10,1,0)) -> 0.5 | CD10: =IF($D$8=D10,0.5,IF($D$8>D10,1,0)) -> 0.5 | CE10: =IF($E$8=E10,0.5,IF($E$8>E10,1,0)) -> 0.5 | CF10: =IF($F$8=F10,0.5,IF($F$8>F10,1,0)) -> 0.5 | CG10: =IF($G$8=G10,0.5,IF($G$8>G10,1,0)) -> 0.5 | CH10: =SUM(CA10:CG10) -> 3.5 | CI10: =IF(CH10=3.5,0.5,IF(CH10>3.5,1,0)) -> 0.5 | CK10: =IF($A$9=A10,0.5,IF($A$9>A10,1,0)) -> 0.5 | CL10: =IF($B$9=B10,0.5,IF($B$9>B10,1,0)) -> 0.5 | CM10: =IF($C$9=C10,0.5,IF($C$9>C10,1,0)) -> 0.5 | CN10: =IF($D$9=D10,0.5,IF($D$9>D10,1,0)) -> 0.5 | CO10: =IF($E$9=E10,0.5,IF($E$9>E10,1,0)) -> 0.5 | CP10: =IF($F$9=F10,0.5,IF($F$9>F10,1,0)) -> 0.5 | CQ10: =IF($G$9=G10,0.5,IF($G$9>G10,1,0)) -> 0.5 | CR10: =SUM(CK10:CQ10) -> 3.5 | CS10: =IF(CR10=3.5,0.5,IF(CR10>3.5,1,0)) -> 0.5
A11: =KeyIn!N16 -> 0 | B11: =KeyIn!T16 -> 0 | C11: =KeyIn!Z16 -> 0 | D11: 0 | E11: 0 | F11: 0 | G11: 0 | I11: =IF($A$1=A11,0.5,IF($A$1>A11,1,0)) -> 0.5 | J11: =IF($B$1=B11,0.5,IF($B$1>B11,1,0)) -> 0.5 | K11: =IF($C$1=C11,0.5,IF($C$1>C11,1,0)) -> 0.5 | L11: =IF($D$1=D11,0.5,IF($D$1>D11,1,0)) -> 0.5 | M11: =IF($E$1=E11,0.5,IF($E$1>E11,1,0)) -> 0.5 | N11: =IF($F$1=F11,0.5,IF($F$1>F11,1,0)) -> 0.5 | O11: =IF($G$1=G11,0.5,IF($G$1>G11,1,0)) -> 0.5 | P11: =SUM(I11:O11) -> 3.5 | Q11: =IF(P11=3.5,0.5,IF(P11>3.5,1,0)) -> 0.5 | S11: =IF($A$2=A11,0.5,IF($A$2>A11,1,0)) -> 0.5 | T11: =IF($B$2=B11,0.5,IF($B$2>B11,1,0)) -> 0.5 | U11: =IF($C$2=C11,0.5,IF($C$2>C11,1,0)) -> 0.5 | V11: =IF($D$2=D11,0.5,IF($D$2>D11,1,0)) -> 0.5 | W11: =IF($E$2=E11,0.5,IF($E$2>E11,1,0)) -> 0.5 | X11: =IF($F$2=F11,0.5,IF($F$2>F11,1,0)) -> 0.5 | Y11: =IF($G$2=G11,0.5,IF($G$2>G11,1,0)) -> 0.5 | Z11: =SUM(S11:Y11) -> 3.5 | AA11: =IF(Z11=3.5,0.5,IF(Z11>3.5,1,0)) -> 0.5 | AC11: =IF($A$3=A11,0.5,IF($A$3>A11,1,0)) -> 0.5 | AD11: =IF($B$3=B11,0.5,IF($B$3>B11,1,0)) -> 0.5 | AE11: =IF($C$3=C11,0.5,IF($C$3>C11,1,0)) -> 0.5 | AF11: =IF($D$3=D11,0.5,IF($D$3>D11,1,0)) -> 0.5 | AG11: =IF($E$3=E11,0.5,IF($E$3>E11,1,0)) -> 0.5 | AH11: =IF($F$3=F11,0.5,IF($F$3>F11,1,0)) -> 0.5 | AI11: =IF($G$3=G11,0.5,IF($G$3>G11,1,0)) -> 0.5 | AJ11: =SUM(AC11:AI11) -> 3.5 | AK11: =IF(AJ11=3.5,0.5,IF(AJ11>3.5,1,0)) -> 0.5 | AM11: =IF($A$4=A11,0.5,IF($A$4>A11,1,0)) -> 0.5 | AN11: =IF($B$4=B11,0.5,IF($B$4>B11,1,0)) -> 0.5 | AO11: =IF($C$4=C11,0.5,IF($C$4>C11,1,0)) -> 0.5 | AP11: =IF($D$4=D11,0.5,IF($D$4>D11,1,0)) -> 0.5 | AQ11: =IF($E$4=E11,0.5,IF($E$4>E11,1,0)) -> 0.5 | AR11: =IF($F$4=F11,0.5,IF($F$4>F11,1,0)) -> 0.5 | AS11: =IF($G$4=G11,0.5,IF($G$4>G11,1,0)) -> 0.5 | AT11: =SUM(AM11:AS11) -> 3.5 | AU11: =IF(AT11=3.5,0.5,IF(AT11>3.5,1,0)) -> 0.5 | AW11: =IF($A$5=A11,0.5,IF($A$5>A11,1,0)) -> 0.5 | AX11: =IF($B$5=B11,0.5,IF($B$5>B11,1,0)) -> 0.5 | AY11: =IF($C$5=C11,0.5,IF($C$5>C11,1,0)) -> 0.5 | AZ11: =IF($D$5=D11,0.5,IF($D$5>D11,1,0)) -> 0.5 | BA11: =IF($E$5=E11,0.5,IF($E$5>E11,1,0)) -> 0.5 | BB11: =IF($F$5=F11,0.5,IF($F$5>F11,1,0)) -> 0.5 | BC11: =IF($G$5=G11,0.5,IF($G$5>G11,1,0)) -> 0.5 | BD11: =SUM(AW11:BC11) -> 3.5 | BE11: =IF(BD11=3.5,0.5,IF(BD11>3.5,1,0)) -> 0.5 | BG11: =IF($A$6=A11,0.5,IF($A$6>A11,1,0)) -> 0.5 | BH11: =IF($B$6=B11,0.5,IF($B$6>B11,1,0)) -> 0.5 | BI11: =IF($C$6=C11,0.5,IF($C$6>C11,1,0)) -> 0.5 | BJ11: =IF($D$6=D11,0.5,IF($D$6>D11,1,0)) -> 0.5 | BK11: =IF($E$6=E11,0.5,IF($E$6>E11,1,0)) -> 0.5 | BL11: =IF($F$6=F11,0.5,IF($F$6>F11,1,0)) -> 0.5 | BM11: =IF($G$6=G11,0.5,IF($G$6>G11,1,0)) -> 0.5 | BN11: =SUM(BG11:BM11) -> 3.5 | BO11: =IF(BN11=3.5,0.5,IF(BN11>3.5,1,0)) -> 0.5 | BQ11: =IF($A$7=A11,0.5,IF($A$7>A11,1,0)) -> 0.5 | BR11: =IF($B$7=B11,0.5,IF($B$7>B11,1,0)) -> 0.5 | BS11: =IF($C$7=C11,0.5,IF($C$7>C11,1,0)) -> 0.5 | BT11: =IF($D$7=D11,0.5,IF($D$7>D11,1,0)) -> 0.5 | BU11: =IF($E$7=E11,0.5,IF($E$7>E11,1,0)) -> 0.5 | BV11: =IF($F$7=F11,0.5,IF($F$7>F11,1,0)) -> 0.5 | BW11: =IF($G$7=G11,0.5,IF($G$7>G11,1,0)) -> 0.5 | BX11: =SUM(BQ11:BW11) -> 3.5 | BY11: =IF(BX11=3.5,0.5,IF(BX11>3.5,1,0)) -> 0.5 | CA11: =IF($A$8=A11,0.5,IF($A$8>A11,1,0)) -> 0.5 | CB11: =IF($B$8=B11,0.5,IF($B$8>B11,1,0)) -> 0.5 | CC11: =IF($C$8=C11,0.5,IF($C$8>C11,1,0)) -> 0.5 | CD11: =IF($D$8=D11,0.5,IF($D$8>D11,1,0)) -> 0.5 | CE11: =IF($E$8=E11,0.5,IF($E$8>E11,1,0)) -> 0.5 | CF11: =IF($F$8=F11,0.5,IF($F$8>F11,1,0)) -> 0.5 | CG11: =IF($G$8=G11,0.5,IF($G$8>G11,1,0)) -> 0.5 | CH11: =SUM(CA11:CG11) -> 3.5 | CI11: =IF(CH11=3.5,0.5,IF(CH11>3.5,1,0)) -> 0.5 | CK11: =IF($A$9=A11,0.5,IF($A$9>A11,1,0)) -> 0.5 | CL11: =IF($B$9=B11,0.5,IF($B$9>B11,1,0)) -> 0.5 | CM11: =IF($C$9=C11,0.5,IF($C$9>C11,1,0)) -> 0.5 | CN11: =IF($D$9=D11,0.5,IF($D$9>D11,1,0)) -> 0.5 | CO11: =IF($E$9=E11,0.5,IF($E$9>E11,1,0)) -> 0.5 | CP11: =IF($F$9=F11,0.5,IF($F$9>F11,1,0)) -> 0.5 | CQ11: =IF($G$9=G11,0.5,IF($G$9>G11,1,0)) -> 0.5 | CR11: =SUM(CK11:CQ11) -> 3.5 | CS11: =IF(CR11=3.5,0.5,IF(CR11>3.5,1,0)) -> 0.5 | CU11: =IF($A$10=A11,0.5,IF($A$10>A11,1,0)) -> 0.5 | CV11: =IF($B$10=B11,0.5,IF($B$10>B11,1,0)) -> 0.5 | CW11: =IF($C$10=C11,0.5,IF($C$10>C11,1,0)) -> 0.5 | CX11: =IF($D$10=D11,0.5,IF($D$10>D11,1,0)) -> 0.5 | CY11: =IF($E$10=E11,0.5,IF($E$10>E11,1,0)) -> 0.5 | CZ11: =IF($F$10=F11,0.5,IF($F$10>F11,1,0)) -> 0.5 | DA11: =IF($G$10=G11,0.5,IF($G$10>G11,1,0)) -> 0.5 | DB11: =SUM(CU11:DA11) -> 3.5 | DC11: =IF(DB11=3.5,0.5,IF(DB11>3.5,1,0)) -> 0.5
A12: =KeyIn!N17 -> 0 | B12: =KeyIn!T17 -> 0 | C12: =KeyIn!Z17 -> 0 | D12: 0 | E12: 0 | F12: 0 | G12: 0 | I12: =IF($A$1=A12,0.5,IF($A$1>A12,1,0)) -> 0.5 | J12: =IF($B$1=B12,0.5,IF($B$1>B12,1,0)) -> 0.5 | K12: =IF($C$1=C12,0.5,IF($C$1>C12,1,0)) -> 0.5 | L12: =IF($D$1=D12,0.5,IF($D$1>D12,1,0)) -> 0.5 | M12: =IF($E$1=E12,0.5,IF($E$1>E12,1,0)) -> 0.5 | N12: =IF($F$1=F12,0.5,IF($F$1>F12,1,0)) -> 0.5 | O12: =IF($G$1=G12,0.5,IF($G$1>G12,1,0)) -> 0.5 | P12: =SUM(I12:O12) -> 3.5 | Q12: =IF(P12=3.5,0.5,IF(P12>3.5,1,0)) -> 0.5 | S12: =IF($A$2=A12,0.5,IF($A$2>A12,1,0)) -> 0.5 | T12: =IF($B$2=B12,0.5,IF($B$2>B12,1,0)) -> 0.5 | U12: =IF($C$2=C12,0.5,IF($C$2>C12,1,0)) -> 0.5 | V12: =IF($D$2=D12,0.5,IF($D$2>D12,1,0)) -> 0.5 | W12: =IF($E$2=E12,0.5,IF($E$2>E12,1,0)) -> 0.5 | X12: =IF($F$2=F12,0.5,IF($F$2>F12,1,0)) -> 0.5 | Y12: =IF($G$2=G12,0.5,IF($G$2>G12,1,0)) -> 0.5 | Z12: =SUM(S12:Y12) -> 3.5 | AA12: =IF(Z12=3.5,0.5,IF(Z12>3.5,1,0)) -> 0.5 | AC12: =IF($A$3=A12,0.5,IF($A$3>A12,1,0)) -> 0.5 | AD12: =IF($B$3=B12,0.5,IF($B$3>B12,1,0)) -> 0.5 | AE12: =IF($C$3=C12,0.5,IF($C$3>C12,1,0)) -> 0.5 | AF12: =IF($D$3=D12,0.5,IF($D$3>D12,1,0)) -> 0.5 | AG12: =IF($E$3=E12,0.5,IF($E$3>E12,1,0)) -> 0.5 | AH12: =IF($F$3=F12,0.5,IF($F$3>F12,1,0)) -> 0.5 | AI12: =IF($G$3=G12,0.5,IF($G$3>G12,1,0)) -> 0.5 | AJ12: =SUM(AC12:AI12) -> 3.5 | AK12: =IF(AJ12=3.5,0.5,IF(AJ12>3.5,1,0)) -> 0.5 | AM12: =IF($A$4=A12,0.5,IF($A$4>A12,1,0)) -> 0.5 | AN12: =IF($B$4=B12,0.5,IF($B$4>B12,1,0)) -> 0.5 | AO12: =IF($C$4=C12,0.5,IF($C$4>C12,1,0)) -> 0.5 | AP12: =IF($D$4=D12,0.5,IF($D$4>D12,1,0)) -> 0.5 | AQ12: =IF($E$4=E12,0.5,IF($E$4>E12,1,0)) -> 0.5 | AR12: =IF($F$4=F12,0.5,IF($F$4>F12,1,0)) -> 0.5 | AS12: =IF($G$4=G12,0.5,IF($G$4>G12,1,0)) -> 0.5 | AT12: =SUM(AM12:AS12) -> 3.5 | AU12: =IF(AT12=3.5,0.5,IF(AT12>3.5,1,0)) -> 0.5 | AW12: =IF($A$5=A12,0.5,IF($A$5>A12,1,0)) -> 0.5 | AX12: =IF($B$5=B12,0.5,IF($B$5>B12,1,0)) -> 0.5 | AY12: =IF($C$5=C12,0.5,IF($C$5>C12,1,0)) -> 0.5 | AZ12: =IF($D$5=D12,0.5,IF($D$5>D12,1,0)) -> 0.5 | BA12: =IF($E$5=E12,0.5,IF($E$5>E12,1,0)) -> 0.5 | BB12: =IF($F$5=F12,0.5,IF($F$5>F12,1,0)) -> 0.5 | BC12: =IF($G$5=G12,0.5,IF($G$5>G12,1,0)) -> 0.5 | BD12: =SUM(AW12:BC12) -> 3.5 | BE12: =IF(BD12=3.5,0.5,IF(BD12>3.5,1,0)) -> 0.5 | BG12: =IF($A$6=A12,0.5,IF($A$6>A12,1,0)) -> 0.5 | BH12: =IF($B$6=B12,0.5,IF($B$6>B12,1,0)) -> 0.5 | BI12: =IF($C$6=C12,0.5,IF($C$6>C12,1,0)) -> 0.5 | BJ12: =IF($D$6=D12,0.5,IF($D$6>D12,1,0)) -> 0.5 | BK12: =IF($E$6=E12,0.5,IF($E$6>E12,1,0)) -> 0.5 | BL12: =IF($F$6=F12,0.5,IF($F$6>F12,1,0)) -> 0.5 | BM12: =IF($G$6=G12,0.5,IF($G$6>G12,1,0)) -> 0.5 | BN12: =SUM(BG12:BM12) -> 3.5 | BO12: =IF(BN12=3.5,0.5,IF(BN12>3.5,1,0)) -> 0.5 | BQ12: =IF($A$7=A12,0.5,IF($A$7>A12,1,0)) -> 0.5 | BR12: =IF($B$7=B12,0.5,IF($B$7>B12,1,0)) -> 0.5 | BS12: =IF($C$7=C12,0.5,IF($C$7>C12,1,0)) -> 0.5 | BT12: =IF($D$7=D12,0.5,IF($D$7>D12,1,0)) -> 0.5 | BU12: =IF($E$7=E12,0.5,IF($E$7>E12,1,0)) -> 0.5 | BV12: =IF($F$7=F12,0.5,IF($F$7>F12,1,0)) -> 0.5 | BW12: =IF($G$7=G12,0.5,IF($G$7>G12,1,0)) -> 0.5 | BX12: =SUM(BQ12:BW12) -> 3.5 | BY12: =IF(BX12=3.5,0.5,IF(BX12>3.5,1,0)) -> 0.5 | CA12: =IF($A$8=A12,0.5,IF($A$8>A12,1,0)) -> 0.5 | CB12: =IF($B$8=B12,0.5,IF($B$8>B12,1,0)) -> 0.5 | CC12: =IF($C$8=C12,0.5,IF($C$8>C12,1,0)) -> 0.5 | CD12: =IF($D$8=D12,0.5,IF($D$8>D12,1,0)) -> 0.5 | CE12: =IF($E$8=E12,0.5,IF($E$8>E12,1,0)) -> 0.5 | CF12: =IF($F$8=F12,0.5,IF($F$8>F12,1,0)) -> 0.5 | CG12: =IF($G$8=G12,0.5,IF($G$8>G12,1,0)) -> 0.5 | CH12: =SUM(CA12:CG12) -> 3.5 | CI12: =IF(CH12=3.5,0.5,IF(CH12>3.5,1,0)) -> 0.5 | CK12: =IF($A$9=A12,0.5,IF($A$9>A12,1,0)) -> 0.5 | CL12: =IF($B$9=B12,0.5,IF($B$9>B12,1,0)) -> 0.5 | CM12: =IF($C$9=C12,0.5,IF($C$9>C12,1,0)) -> 0.5 | CN12: =IF($D$9=D12,0.5,IF($D$9>D12,1,0)) -> 0.5 | CO12: =IF($E$9=E12,0.5,IF($E$9>E12,1,0)) -> 0.5 | CP12: =IF($F$9=F12,0.5,IF($F$9>F12,1,0)) -> 0.5 | CQ12: =IF($G$9=G12,0.5,IF($G$9>G12,1,0)) -> 0.5 | CR12: =SUM(CK12:CQ12) -> 3.5 | CS12: =IF(CR12=3.5,0.5,IF(CR12>3.5,1,0)) -> 0.5 | CU12: =IF($A$10=A12,0.5,IF($A$10>A12,1,0)) -> 0.5 | CV12: =IF($B$10=B12,0.5,IF($B$10>B12,1,0)) -> 0.5 | CW12: =IF($C$10=C12,0.5,IF($C$10>C12,1,0)) -> 0.5 | CX12: =IF($D$10=D12,0.5,IF($D$10>D12,1,0)) -> 0.5 | CY12: =IF($E$10=E12,0.5,IF($E$10>E12,1,0)) -> 0.5 | CZ12: =IF($F$10=F12,0.5,IF($F$10>F12,1,0)) -> 0.5 | DA12: =IF($G$10=G12,0.5,IF($G$10>G12,1,0)) -> 0.5 | DB12: =SUM(CU12:DA12) -> 3.5 | DC12: =IF(DB12=3.5,0.5,IF(DB12>3.5,1,0)) -> 0.5 | DE12: =IF($A$11=A12,0.5,IF($A$11>A12,1,0)) -> 0.5 | DF12: =IF($B$11=B12,0.5,IF($B$11>B12,1,0)) -> 0.5 | DG12: =IF($C$11=C12,0.5,IF($C$11>C12,1,0)) -> 0.5 | DH12: =IF($D$11=D12,0.5,IF($D$11>D12,1,0)) -> 0.5 | DI12: =IF($E$11=E12,0.5,IF($E11>$E$12,1,0)) -> 0.5 | DJ12: =IF($F$11=F12,0.5,IF($F$11>F12,1,0)) -> 0.5 | DK12: =IF($G$11=G12,0.5,IF($G$11>G12,1,0)) -> 0.5 | DL12: =SUM(DE12:DK12) -> 3.5 | DM12: =IF(DL12=3.5,0.5,IF(DL12>3.5,1,0)) -> 0.5
A13: =KeyIn!N18 -> 0 | B13: =KeyIn!T18 -> 0 | C13: =KeyIn!Z18 -> 0 | D13: 0 | E13: 0 | F13: 0 | G13: 0 | I13: =IF($A$1=A13,0.5,IF($A$1>A13,1,0)) -> 0.5 | J13: =IF($B$1=B13,0.5,IF($B$1>B13,1,0)) -> 0.5 | K13: =IF($C$1=C13,0.5,IF($C$1>C13,1,0)) -> 0.5 | L13: =IF($D$1=D13,0.5,IF($D$1>D13,1,0)) -> 0.5 | M13: =IF($E$1=E13,0.5,IF($E$1>E13,1,0)) -> 0.5 | N13: =IF($F$1=F13,0.5,IF($F$1>F13,1,0)) -> 0.5 | O13: =IF($G$1=G13,0.5,IF($G$1>G13,1,0)) -> 0.5 | P13: =SUM(I13:O13) -> 3.5 | Q13: =IF(P13=3.5,0.5,IF(P13>3.5,1,0)) -> 0.5 | S13: =IF($A$2=A13,0.5,IF($A$2>A13,1,0)) -> 0.5 | T13: =IF($B$2=B13,0.5,IF($B$2>B13,1,0)) -> 0.5 | U13: =IF($C$2=C13,0.5,IF($C$2>C13,1,0)) -> 0.5 | V13: =IF($D$2=D13,0.5,IF($D$2>D13,1,0)) -> 0.5 | W13: =IF($E$2=E13,0.5,IF($E$2>E13,1,0)) -> 0.5 | X13: =IF($F$2=F13,0.5,IF($F$2>F13,1,0)) -> 0.5 | Y13: =IF($G$2=G13,0.5,IF($G$2>G13,1,0)) -> 0.5 | Z13: =SUM(S13:Y13) -> 3.5 | AA13: =IF(Z13=3.5,0.5,IF(Z13>3.5,1,0)) -> 0.5 | AC13: =IF($A$3=A13,0.5,IF($A$3>A13,1,0)) -> 0.5 | AD13: =IF($B$3=B13,0.5,IF($B$3>B13,1,0)) -> 0.5 | AE13: =IF($C$3=C13,0.5,IF($C$3>C13,1,0)) -> 0.5 | AF13: =IF($D$3=D13,0.5,IF($D$3>D13,1,0)) -> 0.5 | AG13: =IF($E$3=E13,0.5,IF($E$3>E13,1,0)) -> 0.5 | AH13: =IF($F$3=F13,0.5,IF($F$3>F13,1,0)) -> 0.5 | AI13: =IF($G$3=G13,0.5,IF($G$3>G13,1,0)) -> 0.5 | AJ13: =SUM(AC13:AI13) -> 3.5 | AK13: =IF(AJ13=3.5,0.5,IF(AJ13>3.5,1,0)) -> 0.5 | AM13: =IF($A$4=A13,0.5,IF($A$4>A13,1,0)) -> 0.5 | AN13: =IF($B$4=B13,0.5,IF($B$4>B13,1,0)) -> 0.5 | AO13: =IF($C$4=C13,0.5,IF($C$4>C13,1,0)) -> 0.5 | AP13: =IF($D$4=D13,0.5,IF($D$4>D13,1,0)) -> 0.5 | AQ13: =IF($E$4=E13,0.5,IF($E$4>E13,1,0)) -> 0.5 | AR13: =IF($F$4=F13,0.5,IF($F$4>F13,1,0)) -> 0.5 | AS13: =IF($G$4=G13,0.5,IF($G$4>G13,1,0)) -> 0.5 | AT13: =SUM(AM13:AS13) -> 3.5 | AU13: =IF(AT13=3.5,0.5,IF(AT13>3.5,1,0)) -> 0.5 | AW13: =IF($A$5=A13,0.5,IF($A$5>A13,1,0)) -> 0.5 | AX13: =IF($B$5=B13,0.5,IF($B$5>B13,1,0)) -> 0.5 | AY13: =IF($C$5=C13,0.5,IF($C$5>C13,1,0)) -> 0.5 | AZ13: =IF($D$5=D13,0.5,IF($D$5>D13,1,0)) -> 0.5 | BA13: =IF($E$5=E13,0.5,IF($E$5>E13,1,0)) -> 0.5 | BB13: =IF($F$5=F13,0.5,IF($F$5>F13,1,0)) -> 0.5 | BC13: =IF($G$5=G13,0.5,IF($G$5>G13,1,0)) -> 0.5 | BD13: =SUM(AW13:BC13) -> 3.5 | BE13: =IF(BD13=3.5,0.5,IF(BD13>3.5,1,0)) -> 0.5 | BG13: =IF($A$6=A13,0.5,IF($A$6>A13,1,0)) -> 0.5 | BH13: =IF($B$6=B13,0.5,IF($B$6>B13,1,0)) -> 0.5 | BI13: =IF($C$6=C13,0.5,IF($C$6>C13,1,0)) -> 0.5 | BJ13: =IF($D$6=D13,0.5,IF($D$6>D13,1,0)) -> 0.5 | BK13: =IF($E$6=E13,0.5,IF($E$6>E13,1,0)) -> 0.5 | BL13: =IF($F$6=F13,0.5,IF($F$6>F13,1,0)) -> 0.5 | BM13: =IF($G$6=G13,0.5,IF($G$6>G13,1,0)) -> 0.5 | BN13: =SUM(BG13:BM13) -> 3.5 | BO13: =IF(BN13=3.5,0.5,IF(BN13>3.5,1,0)) -> 0.5 | BQ13: =IF($A$7=A13,0.5,IF($A$7>A13,1,0)) -> 0.5 | BR13: =IF($B$7=B13,0.5,IF($B$7>B13,1,0)) -> 0.5 | BS13: =IF($C$7=C13,0.5,IF($C$7>C13,1,0)) -> 0.5 | BT13: =IF($D$7=D13,0.5,IF($D$7>D13,1,0)) -> 0.5 | BU13: =IF($E$7=E13,0.5,IF($E$7>E13,1,0)) -> 0.5 | BV13: =IF($F$7=F13,0.5,IF($F$7>F13,1,0)) -> 0.5 | BW13: =IF($G$7=G13,0.5,IF($G$7>G13,1,0)) -> 0.5 | BX13: =SUM(BQ13:BW13) -> 3.5 | BY13: =IF(BX13=3.5,0.5,IF(BX13>3.5,1,0)) -> 0.5 | CA13: =IF($A$8=A13,0.5,IF($A$8>A13,1,0)) -> 0.5 | CB13: =IF($B$8=B13,0.5,IF($B$8>B13,1,0)) -> 0.5 | CC13: =IF($C$8=C13,0.5,IF($C$8>C13,1,0)) -> 0.5 | CD13: =IF($D$8=D13,0.5,IF($D$8>D13,1,0)) -> 0.5 | CE13: =IF($E$8=E13,0.5,IF($E$8>E13,1,0)) -> 0.5 | CF13: =IF($F$8=F13,0.5,IF($F$8>F13,1,0)) -> 0.5 | CG13: =IF($G$8=G13,0.5,IF($G$8>G13,1,0)) -> 0.5 | CH13: =SUM(CA13:CG13) -> 3.5 | CI13: =IF(CH13=3.5,0.5,IF(CH13>3.5,1,0)) -> 0.5 | CK13: =IF($A$9=A13,0.5,IF($A$9>A13,1,0)) -> 0.5 | CL13: =IF($B$9=B13,0.5,IF($B$9>B13,1,0)) -> 0.5 | CM13: =IF($C$9=C13,0.5,IF($C$9>C13,1,0)) -> 0.5 | CN13: =IF($D$9=D13,0.5,IF($D$9>D13,1,0)) -> 0.5 | CO13: =IF($E$9=E13,0.5,IF($E$9>E13,1,0)) -> 0.5 | CP13: =IF($F$9=F13,0.5,IF($F$9>F13,1,0)) -> 0.5 | CQ13: =IF($G$9=G13,0.5,IF($G$9>G13,1,0)) -> 0.5 | CR13: =SUM(CK13:CQ13) -> 3.5 | CS13: =IF(CR13=3.5,0.5,IF(CR13>3.5,1,0)) -> 0.5 | CU13: =IF($A$10=A13,0.5,IF($A$10>A13,1,0)) -> 0.5 | CV13: =IF($B$10=B13,0.5,IF($B$10>B13,1,0)) -> 0.5 | CW13: =IF($C$10=C13,0.5,IF($C$10>C13,1,0)) -> 0.5 | CX13: =IF($D$10=D13,0.5,IF($D$10>D13,1,0)) -> 0.5 | CY13: =IF($E$10=E13,0.5,IF($E$10>E13,1,0)) -> 0.5 | CZ13: =IF($F$10=F13,0.5,IF($F$10>F13,1,0)) -> 0.5 | DA13: =IF($G$10=G13,0.5,IF($G$10>G13,1,0)) -> 0.5 | DB13: =SUM(CU13:DA13) -> 3.5 | DC13: =IF(DB13=3.5,0.5,IF(DB13>3.5,1,0)) -> 0.5 | DE13: =IF($A$11=A13,0.5,IF($A$11>A13,1,0)) -> 0.5 | DF13: =IF($B$11=B13,0.5,IF($B$11>B13,1,0)) -> 0.5 | DG13: =IF($C$11=C13,0.5,IF($C$11>C13,1,0)) -> 0.5 | DH13: =IF($D$11=D13,0.5,IF($D$11>D13,1,0)) -> 0.5 | DI13: =IF($E$11=E13,0.5,IF($E11>$E$13,1,0)) -> 0.5 | DJ13: =IF($F$11=F13,0.5,IF($F$11>F13,1,0)) -> 0.5 | DK13: =IF($G$11=G13,0.5,IF($G$11>G13,1,0)) -> 0.5 | DL13: =SUM(DE13:DK13) -> 3.5 | DM13: =IF(DL13=3.5,0.5,IF(DL13>3.5,1,0)) -> 0.5 | DO13: =IF($A$12=A13,0.5,IF($A$12>A13,1,0)) -> 0.5 | DP13: =IF($B$12=B13,0.5,IF($B$12>B13,1,0)) -> 0.5 | DQ13: =IF($C$12=C13,0.5,IF($C$12>C13,1,0)) -> 0.5 | DR13: =IF($D$12=D13,0.5,IF($D$12>D13,1,0)) -> 0.5 | DS13: =IF($E$12=E13,0.5,IF($E$12>E13,1,0)) -> 0.5 | DT13: =IF($F$12=F13,0.5,IF($F$12>F13,1,0)) -> 0.5 | DU13: =IF($G$12=G13,0.5,IF($G$12>G13,1,0)) -> 0.5 | DV13: =SUM(DO13:DU13) -> 3.5 | DW13: =IF(DV13=3.5,0.5,IF(DV13>3.5,1,0)) -> 0.5
A14: =KeyIn!N19 -> 0 | B14: =KeyIn!T19 -> 0 | C14: =KeyIn!Z19 -> 0 | D14: 0 | E14: 0 | F14: 0 | G14: 0 | I14: =IF($A$1=A14,0.5,IF($A$1>A14,1,0)) -> 0.5 | J14: =IF($B$1=B14,0.5,IF($B$1>B14,1,0)) -> 0.5 | K14: =IF($C$1=C14,0.5,IF($C$1>C14,1,0)) -> 0.5 | L14: =IF($D$1=D14,0.5,IF($D$1>D14,1,0)) -> 0.5 | M14: =IF($E$1=E14,0.5,IF($E$1>E14,1,0)) -> 0.5 | N14: =IF($F$1=F14,0.5,IF($F$1>F14,1,0)) -> 0.5 | O14: =IF($G$1=G14,0.5,IF($G$1>G14,1,0)) -> 0.5 | P14: =SUM(I14:O14) -> 3.5 | Q14: =IF(P14=3.5,0.5,IF(P14>3.5,1,0)) -> 0.5 | S14: =IF($A$2=A14,0.5,IF($A$2>A14,1,0)) -> 0.5 | T14: =IF($B$2=B14,0.5,IF($B$2>B14,1,0)) -> 0.5 | U14: =IF($C$2=C14,0.5,IF($C$2>C14,1,0)) -> 0.5 | V14: =IF($D$2=D14,0.5,IF($D$2>D14,1,0)) -> 0.5 | W14: =IF($E$2=E14,0.5,IF($E$2>E14,1,0)) -> 0.5 | X14: =IF($F$2=F14,0.5,IF($F$2>F14,1,0)) -> 0.5 | Y14: =IF($G$2=G14,0.5,IF($G$2>G14,1,0)) -> 0.5 | Z14: =SUM(S14:Y14) -> 3.5 | AA14: =IF(Z14=3.5,0.5,IF(Z14>3.5,1,0)) -> 0.5 | AC14: =IF($A$3=A14,0.5,IF($A$3>A14,1,0)) -> 0.5 | AD14: =IF($B$3=B14,0.5,IF($B$3>B14,1,0)) -> 0.5 | AE14: =IF($C$3=C14,0.5,IF($C$3>C14,1,0)) -> 0.5 | AF14: =IF($D$3=D14,0.5,IF($D$3>D14,1,0)) -> 0.5 | AG14: =IF($E$3=E14,0.5,IF($E$3>E14,1,0)) -> 0.5 | AH14: =IF($F$3=F14,0.5,IF($F$3>F14,1,0)) -> 0.5 | AI14: =IF($G$3=G14,0.5,IF($G$3>G14,1,0)) -> 0.5 | AJ14: =SUM(AC14:AI14) -> 3.5 | AK14: =IF(AJ14=3.5,0.5,IF(AJ14>3.5,1,0)) -> 0.5 | AM14: =IF($A$4=A14,0.5,IF($A$4>A14,1,0)) -> 0.5 | AN14: =IF($B$4=B14,0.5,IF($B$4>B14,1,0)) -> 0.5 | AO14: =IF($C$4=C14,0.5,IF($C$4>C14,1,0)) -> 0.5 | AP14: =IF($D$4=D14,0.5,IF($D$4>D14,1,0)) -> 0.5 | AQ14: =IF($E$4=E14,0.5,IF($E$4>E14,1,0)) -> 0.5 | AR14: =IF($F$4=F14,0.5,IF($F$4>F14,1,0)) -> 0.5 | AS14: =IF($G$4=G14,0.5,IF($G$4>G14,1,0)) -> 0.5 | AT14: =SUM(AM14:AS14) -> 3.5 | AU14: =IF(AT14=3.5,0.5,IF(AT14>3.5,1,0)) -> 0.5 | AW14: =IF($A$5=A14,0.5,IF($A$5>A14,1,0)) -> 0.5 | AX14: =IF($B$5=B14,0.5,IF($B$5>B14,1,0)) -> 0.5 | AY14: =IF($C$5=C14,0.5,IF($C$5>C14,1,0)) -> 0.5 | AZ14: =IF($D$5=D14,0.5,IF($D$5>D14,1,0)) -> 0.5 | BA14: =IF($E$5=E14,0.5,IF($E$5>E14,1,0)) -> 0.5 | BB14: =IF($F$5=F14,0.5,IF($F$5>F14,1,0)) -> 0.5 | BC14: =IF($G$5=G14,0.5,IF($G$5>G14,1,0)) -> 0.5 | BD14: =SUM(AW14:BC14) -> 3.5 | BE14: =IF(BD14=3.5,0.5,IF(BD14>3.5,1,0)) -> 0.5 | BG14: =IF($A$6=A14,0.5,IF($A$6>A14,1,0)) -> 0.5 | BH14: =IF($B$6=B14,0.5,IF($B$6>B14,1,0)) -> 0.5 | BI14: =IF($C$6=C14,0.5,IF($C$6>C14,1,0)) -> 0.5 | BJ14: =IF($D$6=D14,0.5,IF($D$6>D14,1,0)) -> 0.5 | BK14: =IF($E$6=E14,0.5,IF($E$6>E14,1,0)) -> 0.5 | BL14: =IF($F$6=F14,0.5,IF($F$6>F14,1,0)) -> 0.5 | BM14: =IF($G$6=G14,0.5,IF($G$6>G14,1,0)) -> 0.5 | BN14: =SUM(BG14:BM14) -> 3.5 | BO14: =IF(BN14=3.5,0.5,IF(BN14>3.5,1,0)) -> 0.5 | BQ14: =IF($A$7=A14,0.5,IF($A$7>A14,1,0)) -> 0.5 | BR14: =IF($B$7=B14,0.5,IF($B$7>B14,1,0)) -> 0.5 | BS14: =IF($C$7=C14,0.5,IF($C$7>C14,1,0)) -> 0.5 | BT14: =IF($D$7=D14,0.5,IF($D$7>D14,1,0)) -> 0.5 | BU14: =IF($E$7=E14,0.5,IF($E$7>E14,1,0)) -> 0.5 | BV14: =IF($F$7=F14,0.5,IF($F$7>F14,1,0)) -> 0.5 | BW14: =IF($G$7=G14,0.5,IF($G$7>G14,1,0)) -> 0.5 | BX14: =SUM(BQ14:BW14) -> 3.5 | BY14: =IF(BX14=3.5,0.5,IF(BX14>3.5,1,0)) -> 0.5 | CA14: =IF($A$8=A14,0.5,IF($A$8>A14,1,0)) -> 0.5 | CB14: =IF($B$8=B14,0.5,IF($B$8>B14,1,0)) -> 0.5 | CC14: =IF($C$8=C14,0.5,IF($C$8>C14,1,0)) -> 0.5 | CD14: =IF($D$8=D14,0.5,IF($D$8>D14,1,0)) -> 0.5 | CE14: =IF($E$8=E14,0.5,IF($E$8>E14,1,0)) -> 0.5 | CF14: =IF($F$8=F14,0.5,IF($F$8>F14,1,0)) -> 0.5 | CG14: =IF($G$8=G14,0.5,IF($G$8>G14,1,0)) -> 0.5 | CH14: =SUM(CA14:CG14) -> 3.5 | CI14: =IF(CH14=3.5,0.5,IF(CH14>3.5,1,0)) -> 0.5 | CK14: =IF($A$9=A14,0.5,IF($A$9>A14,1,0)) -> 0.5 | CL14: =IF($B$9=B14,0.5,IF($B$9>B14,1,0)) -> 0.5 | CM14: =IF($C$9=C14,0.5,IF($C$9>C14,1,0)) -> 0.5 | CN14: =IF($D$9=D14,0.5,IF($D$9>D14,1,0)) -> 0.5 | CO14: =IF($E$9=E14,0.5,IF($E$9>E14,1,0)) -> 0.5 | CP14: =IF($F$9=F14,0.5,IF($F$9>F14,1,0)) -> 0.5 | CQ14: =IF($G$9=G14,0.5,IF($G$9>G14,1,0)) -> 0.5 | CR14: =SUM(CK14:CQ14) -> 3.5 | CS14: =IF(CR14=3.5,0.5,IF(CR14>3.5,1,0)) -> 0.5 | CU14: =IF($A$10=A14,0.5,IF($A$10>A14,1,0)) -> 0.5 | CV14: =IF($B$10=B14,0.5,IF($B$10>B14,1,0)) -> 0.5 | CW14: =IF($C$10=C14,0.5,IF($C$10>C14,1,0)) -> 0.5 | CX14: =IF($D$10=D14,0.5,IF($D$10>D14,1,0)) -> 0.5 | CY14: =IF($E$10=E14,0.5,IF($E$10>E14,1,0)) -> 0.5 | CZ14: =IF($F$10=F14,0.5,IF($F$10>F14,1,0)) -> 0.5 | DA14: =IF($G$10=G14,0.5,IF($G$10>G14,1,0)) -> 0.5 | DB14: =SUM(CU14:DA14) -> 3.5 | DC14: =IF(DB14=3.5,0.5,IF(DB14>3.5,1,0)) -> 0.5 | DE14: =IF($A$11=A14,0.5,IF($A$11>A14,1,0)) -> 0.5 | DF14: =IF($B$11=B14,0.5,IF($B$11>B14,1,0)) -> 0.5 | DG14: =IF($C$11=C14,0.5,IF($C$11>C14,1,0)) -> 0.5 | DH14: =IF($D$11=D14,0.5,IF($D$11>D14,1,0)) -> 0.5 | DI14: =IF($E$11=E14,0.5,IF($E11>$E$14,1,0)) -> 0.5 | DJ14: =IF($F$11=F14,0.5,IF($F$11>F14,1,0)) -> 0.5 | DK14: =IF($G$11=G14,0.5,IF($G$11>G14,1,0)) -> 0.5 | DL14: =SUM(DE14:DK14) -> 3.5 | DM14: =IF(DL14=3.5,0.5,IF(DL14>3.5,1,0)) -> 0.5 | DO14: =IF($A$12=A14,0.5,IF($A$12>A14,1,0)) -> 0.5 | DP14: =IF($B$12=B14,0.5,IF($B$12>B14,1,0)) -> 0.5 | DQ14: =IF($C$12=C14,0.5,IF($C$12>C14,1,0)) -> 0.5 | DR14: =IF($D$12=D14,0.5,IF($D$12>D14,1,0)) -> 0.5 | DS14: =IF($E$12=E14,0.5,IF($E$12>E14,1,0)) -> 0.5 | DT14: =IF($F$12=F14,0.5,IF($F$12>F14,1,0)) -> 0.5 | DU14: =IF($G$12=G14,0.5,IF($G$12>G14,1,0)) -> 0.5 | DV14: =SUM(DO14:DU14) -> 3.5 | DW14: =IF(DV14=3.5,0.5,IF(DV14>3.5,1,0)) -> 0.5 | DY14: =IF($A$13=A14,0.5,IF($A$13>A14,1,0)) -> 0.5 | DZ14: =IF($B$13=B14,0.5,IF($B$13>B14,1,0)) -> 0.5 | EA14: =IF($C$13=C14,0.5,IF($C$13>C14,1,0)) -> 0.5 | EB14: =IF($D$13=D14,0.5,IF($D$13>D14,1,0)) -> 0.5 | EC14: =IF($E$13=E14,0.5,IF($E$13>E14,1,0)) -> 0.5 | ED14: =IF($F$13=F14,0.5,IF($F$13>F14,1,0)) -> 0.5 | EE14: =IF($G$13=G14,0.5,IF($G$13>G14,1,0)) -> 0.5 | EF14: =SUM(DY14:EE14) -> 3.5 | EG14: =IF(EF14=3.5,0.5,IF(EF14>3.5,1,0)) -> 0.5
A15: =KeyIn!N20 -> 0 | B15: =KeyIn!T20 -> 0 | C15: =KeyIn!Z20 -> 0 | D15: 0 | E15: 0 | F15: 0 | G15: 0 | I15: =IF($A$1=A15,0.5,IF($A$1>A15,1,0)) -> 0.5 | J15: =IF($B$1=B15,0.5,IF($B$1>B15,1,0)) -> 0.5 | K15: =IF($C$1=C15,0.5,IF($C$1>C15,1,0)) -> 0.5 | L15: =IF($D$1=D15,0.5,IF($D$1>D15,1,0)) -> 0.5 | M15: =IF($E$1=E15,0.5,IF($E$1>E15,1,0)) -> 0.5 | N15: =IF($F$1=F15,0.5,IF($F$1>F15,1,0)) -> 0.5 | O15: =IF($G$1=G15,0.5,IF($G$1>G15,1,0)) -> 0.5 | P15: =SUM(I15:O15) -> 3.5 | Q15: =IF(P15=3.5,0.5,IF(P15>3.5,1,0)) -> 0.5 | S15: =IF($A$2=A15,0.5,IF($A$2>A15,1,0)) -> 0.5 | T15: =IF($B$2=B15,0.5,IF($B$2>B15,1,0)) -> 0.5 | U15: =IF($C$2=C15,0.5,IF($C$2>C15,1,0)) -> 0.5 | V15: =IF($D$2=D15,0.5,IF($D$2>D15,1,0)) -> 0.5 | W15: =IF($E$2=E15,0.5,IF($E$2>E15,1,0)) -> 0.5 | X15: =IF($F$2=F15,0.5,IF($F$2>F15,1,0)) -> 0.5 | Y15: =IF($G$2=G15,0.5,IF($G$2>G15,1,0)) -> 0.5 | Z15: =SUM(S15:Y15) -> 3.5 | AA15: =IF(Z15=3.5,0.5,IF(Z15>3.5,1,0)) -> 0.5 | AC15: =IF($A$3=A15,0.5,IF($A$3>A15,1,0)) -> 0.5 | AD15: =IF($B$3=B15,0.5,IF($B$3>B15,1,0)) -> 0.5 | AE15: =IF($C$3=C15,0.5,IF($C$3>C15,1,0)) -> 0.5 | AF15: =IF($D$3=D15,0.5,IF($D$3>D15,1,0)) -> 0.5 | AG15: =IF($E$3=E15,0.5,IF($E$3>E15,1,0)) -> 0.5 | AH15: =IF($F$3=F15,0.5,IF($F$3>F15,1,0)) -> 0.5 | AI15: =IF($G$3=G15,0.5,IF($G$3>G15,1,0)) -> 0.5 | AJ15: =SUM(AC15:AI15) -> 3.5 | AK15: =IF(AJ15=3.5,0.5,IF(AJ15>3.5,1,0)) -> 0.5 | AM15: =IF($A$4=A15,0.5,IF($A$4>A15,1,0)) -> 0.5 | AN15: =IF($B$4=B15,0.5,IF($B$4>B15,1,0)) -> 0.5 | AO15: =IF($C$4=C15,0.5,IF($C$4>C15,1,0)) -> 0.5 | AP15: =IF($D$4=D15,0.5,IF($D$4>D15,1,0)) -> 0.5 | AQ15: =IF($E$4=E15,0.5,IF($E$4>E15,1,0)) -> 0.5 | AR15: =IF($F$4=F15,0.5,IF($F$4>F15,1,0)) -> 0.5 | AS15: =IF($G$4=G15,0.5,IF($G$4>G15,1,0)) -> 0.5 | AT15: =SUM(AM15:AS15) -> 3.5 | AU15: =IF(AT15=3.5,0.5,IF(AT15>3.5,1,0)) -> 0.5 | AW15: =IF($A$5=A15,0.5,IF($A$5>A15,1,0)) -> 0.5 | AX15: =IF($B$5=B15,0.5,IF($B$5>B15,1,0)) -> 0.5 | AY15: =IF($C$5=C15,0.5,IF($C$5>C15,1,0)) -> 0.5 | AZ15: =IF($D$5=D15,0.5,IF($D$5>D15,1,0)) -> 0.5 | BA15: =IF($E$5=E15,0.5,IF($E$5>E15,1,0)) -> 0.5 | BB15: =IF($F$5=F15,0.5,IF($F$5>F15,1,0)) -> 0.5 | BC15: =IF($G$5=G15,0.5,IF($G$5>G15,1,0)) -> 0.5 | BD15: =SUM(AW15:BC15) -> 3.5 | BE15: =IF(BD15=3.5,0.5,IF(BD15>3.5,1,0)) -> 0.5 | BG15: =IF($A$6=A15,0.5,IF($A$6>A15,1,0)) -> 0.5 | BH15: =IF($B$6=B15,0.5,IF($B$6>B15,1,0)) -> 0.5 | BI15: =IF($C$6=C15,0.5,IF($C$6>C15,1,0)) -> 0.5 | BJ15: =IF($D$6=D15,0.5,IF($D$6>D15,1,0)) -> 0.5 | BK15: =IF($E$6=E15,0.5,IF($E$6>E15,1,0)) -> 0.5 | BL15: =IF($F$6=F15,0.5,IF($F$6>F15,1,0)) -> 0.5 | BM15: =IF($G$6=G15,0.5,IF($G$6>G15,1,0)) -> 0.5 | BN15: =SUM(BG15:BM15) -> 3.5 | BO15: =IF(BN15=3.5,0.5,IF(BN15>3.5,1,0)) -> 0.5 | BQ15: =IF($A$7=A15,0.5,IF($A$7>A15,1,0)) -> 0.5 | BR15: =IF($B$7=B15,0.5,IF($B$7>B15,1,0)) -> 0.5 | BS15: =IF($C$7=C15,0.5,IF($C$7>C15,1,0)) -> 0.5 | BT15: =IF($D$7=D15,0.5,IF($D$7>D15,1,0)) -> 0.5 | BU15: =IF($E$7=E15,0.5,IF($E$7>E15,1,0)) -> 0.5 | BV15: =IF($F$7=F15,0.5,IF($F$7>F15,1,0)) -> 0.5 | BW15: =IF($G$7=G15,0.5,IF($G$7>G15,1,0)) -> 0.5 | BX15: =SUM(BQ15:BW15) -> 3.5 | BY15: =IF(BX15=3.5,0.5,IF(BX15>3.5,1,0)) -> 0.5 | CA15: =IF($A$8=A15,0.5,IF($A$8>A15,1,0)) -> 0.5 | CB15: =IF($B$8=B15,0.5,IF($B$8>B15,1,0)) -> 0.5 | CC15: =IF($C$8=C15,0.5,IF($C$8>C15,1,0)) -> 0.5 | CD15: =IF($D$8=D15,0.5,IF($D$8>D15,1,0)) -> 0.5 | CE15: =IF($E$8=E15,0.5,IF($E$8>E15,1,0)) -> 0.5 | CF15: =IF($F$8=F15,0.5,IF($F$8>F15,1,0)) -> 0.5 | CG15: =IF($G$8=G15,0.5,IF($G$8>G15,1,0)) -> 0.5 | CH15: =SUM(CA15:CG15) -> 3.5 | CI15: =IF(CH15=3.5,0.5,IF(CH15>3.5,1,0)) -> 0.5 | CK15: =IF($A$9=A15,0.5,IF($A$9>A15,1,0)) -> 0.5 | CL15: =IF($B$9=B15,0.5,IF($B$9>B15,1,0)) -> 0.5 | CM15: =IF($C$9=C15,0.5,IF($C$9>C15,1,0)) -> 0.5 | CN15: =IF($D$9=D15,0.5,IF($D$9>D15,1,0)) -> 0.5 | CO15: =IF($E$9=E15,0.5,IF($E$9>E15,1,0)) -> 0.5 | CP15: =IF($F$9=F15,0.5,IF($F$9>F15,1,0)) -> 0.5 | CQ15: =IF($G$9=G15,0.5,IF($G$9>G15,1,0)) -> 0.5 | CR15: =SUM(CK15:CQ15) -> 3.5 | CS15: =IF(CR15=3.5,0.5,IF(CR15>3.5,1,0)) -> 0.5 | CU15: =IF($A$10=A15,0.5,IF($A$10>A15,1,0)) -> 0.5 | CV15: =IF($B$10=B15,0.5,IF($B$10>B15,1,0)) -> 0.5 | CW15: =IF($C$10=C15,0.5,IF($C$10>C15,1,0)) -> 0.5 | CX15: =IF($D$10=D15,0.5,IF($D$10>D15,1,0)) -> 0.5 | CY15: =IF($E$10=E15,0.5,IF($E$10>E15,1,0)) -> 0.5 | CZ15: =IF($F$10=F15,0.5,IF($F$10>F15,1,0)) -> 0.5 | DA15: =IF($G$10=G15,0.5,IF($G$10>G15,1,0)) -> 0.5 | DB15: =SUM(CU15:DA15) -> 3.5 | DC15: =IF(DB15=3.5,0.5,IF(DB15>3.5,1,0)) -> 0.5 | DE15: =IF($A$11=A15,0.5,IF($A$11>A15,1,0)) -> 0.5 | DF15: =IF($B$11=B15,0.5,IF($B$11>B15,1,0)) -> 0.5 | DG15: =IF($C$11=C15,0.5,IF($C$11>C15,1,0)) -> 0.5 | DH15: =IF($D$11=D15,0.5,IF($D$11>D15,1,0)) -> 0.5 | DI15: =IF($E$11=E15,0.5,IF($E11>$E$15,1,0)) -> 0.5 | DJ15: =IF($F$11=F15,0.5,IF($F$11>F15,1,0)) -> 0.5 | DK15: =IF($G$11=G15,0.5,IF($G$11>G15,1,0)) -> 0.5 | DL15: =SUM(DE15:DK15) -> 3.5 | DM15: =IF(DL15=3.5,0.5,IF(DL15>3.5,1,0)) -> 0.5 | DO15: =IF($A$12=A15,0.5,IF($A$12>A15,1,0)) -> 0.5 | DP15: =IF($B$12=B15,0.5,IF($B$12>B15,1,0)) -> 0.5 | DQ15: =IF($C$12=C15,0.5,IF($C$12>C15,1,0)) -> 0.5 | DR15: =IF($D$12=D15,0.5,IF($D$12>D15,1,0)) -> 0.5 | DS15: =IF($E$12=E15,0.5,IF($E$12>E15,1,0)) -> 0.5 | DT15: =IF($F$12=F15,0.5,IF($F$12>F15,1,0)) -> 0.5 | DU15: =IF($G$12=G15,0.5,IF($G$12>G15,1,0)) -> 0.5 | DV15: =SUM(DO15:DU15) -> 3.5 | DW15: =IF(DV15=3.5,0.5,IF(DV15>3.5,1,0)) -> 0.5 | DY15: =IF($A$13=A15,0.5,IF($A$13>A15,1,0)) -> 0.5 | DZ15: =IF($B$13=B15,0.5,IF($B$13>B15,1,0)) -> 0.5 | EA15: =IF($C$13=C15,0.5,IF($C$13>C15,1,0)) -> 0.5 | EB15: =IF($D$13=D15,0.5,IF($D$13>D15,1,0)) -> 0.5 | EC15: =IF($E$13=E15,0.5,IF($E$13>E15,1,0)) -> 0.5 | ED15: =IF($F$13=F15,0.5,IF($F$13>F15,1,0)) -> 0.5 | EE15: =IF($G$13=G15,0.5,IF($G$13>G15,1,0)) -> 0.5 | EF15: =SUM(DY15:EE15) -> 3.5 | EG15: =IF(EF15=3.5,0.5,IF(EF15>3.5,1,0)) -> 0.5 | EI15: =IF($A$14=A15,0.5,IF($A$14>A15,1,0)) -> 0.5 | EJ15: =IF($B$14=B15,0.5,IF($B$14>B15,1,0)) -> 0.5 | EK15: =IF($C$14=C15,0.5,IF($C$14>C15,1,0)) -> 0.5 | EL15: =IF($D$14=D15,0.5,IF($D$14>D15,1,0)) -> 0.5 | EM15: =IF($E$14=E15,0.5,IF($E$14>E15,1,0)) -> 0.5 | EN15: =IF($F$14=F15,0.5,IF($F$14>F15,1,0)) -> 0.5 | EO15: =IF($G$14=G15,0.5,IF($G$14>G15,1,0)) -> 0.5 | EP15: =SUM(EI15:EO15) -> 3.5 | EQ15: =IF(EP15=3.5,0.5,IF(EP15>3.5,1,0)) -> 0.5
A16: =KeyIn!N21 -> 0 | B16: =KeyIn!T21 -> 0 | C16: =KeyIn!Z21 -> 0 | D16: 0 | E16: 0 | F16: 0 | G16: 0 | I16: =IF($A$1=A16,0.5,IF($A$1>A16,1,0)) -> 0.5 | J16: =IF($B$1=B16,0.5,IF($B$1>B16,1,0)) -> 0.5 | K16: =IF($C$1=C16,0.5,IF($C$1>C16,1,0)) -> 0.5 | L16: =IF($D$1=D16,0.5,IF($D$1>D16,1,0)) -> 0.5 | M16: =IF($E$1=E16,0.5,IF($E$1>E16,1,0)) -> 0.5 | N16: =IF($F$1=F16,0.5,IF($F$1>F16,1,0)) -> 0.5 | O16: =IF($G$1=G16,0.5,IF($G$1>G16,1,0)) -> 0.5 | P16: =SUM(I16:O16) -> 3.5 | Q16: =IF(P16=3.5,0.5,IF(P16>3.5,1,0)) -> 0.5 | S16: =IF($A$2=A16,0.5,IF($A$2>A16,1,0)) -> 0.5 | T16: =IF($B$2=B16,0.5,IF($B$2>B16,1,0)) -> 0.5 | U16: =IF($C$2=C16,0.5,IF($C$2>C16,1,0)) -> 0.5 | V16: =IF($D$2=D16,0.5,IF($D$2>D16,1,0)) -> 0.5 | W16: =IF($E$2=E16,0.5,IF($E$2>E16,1,0)) -> 0.5 | X16: =IF($F$2=F16,0.5,IF($F$2>F16,1,0)) -> 0.5 | Y16: =IF($G$2=G16,0.5,IF($G$2>G16,1,0)) -> 0.5 | Z16: =SUM(S16:Y16) -> 3.5 | AA16: =IF(Z16=3.5,0.5,IF(Z16>3.5,1,0)) -> 0.5 | AC16: =IF($A$3=A16,0.5,IF($A$3>A16,1,0)) -> 0.5 | AD16: =IF($B$3=B16,0.5,IF($B$3>B16,1,0)) -> 0.5 | AE16: =IF($C$3=C16,0.5,IF($C$3>C16,1,0)) -> 0.5 | AF16: =IF($D$3=D16,0.5,IF($D$3>D16,1,0)) -> 0.5 | AG16: =IF($E$3=E16,0.5,IF($E$3>E16,1,0)) -> 0.5 | AH16: =IF($F$3=F16,0.5,IF($F$3>F16,1,0)) -> 0.5 | AI16: =IF($G$3=G16,0.5,IF($G$3>G16,1,0)) -> 0.5 | AJ16: =SUM(AC16:AI16) -> 3.5 | AK16: =IF(AJ16=3.5,0.5,IF(AJ16>3.5,1,0)) -> 0.5 | AM16: =IF($A$4=A16,0.5,IF($A$4>A16,1,0)) -> 0.5 | AN16: =IF($B$4=B16,0.5,IF($B$4>B16,1,0)) -> 0.5 | AO16: =IF($C$4=C16,0.5,IF($C$4>C16,1,0)) -> 0.5 | AP16: =IF($D$4=D16,0.5,IF($D$4>D16,1,0)) -> 0.5 | AQ16: =IF($E$4=E16,0.5,IF($E$4>E16,1,0)) -> 0.5 | AR16: =IF($F$4=F16,0.5,IF($F$4>F16,1,0)) -> 0.5 | AS16: =IF($G$4=G16,0.5,IF($G$4>G16,1,0)) -> 0.5 | AT16: =SUM(AM16:AS16) -> 3.5 | AU16: =IF(AT16=3.5,0.5,IF(AT16>3.5,1,0)) -> 0.5 | AW16: =IF($A$5=A16,0.5,IF($A$5>A16,1,0)) -> 0.5 | AX16: =IF($B$5=B16,0.5,IF($B$5>B16,1,0)) -> 0.5 | AY16: =IF($C$5=C16,0.5,IF($C$5>C16,1,0)) -> 0.5 | AZ16: =IF($D$5=D16,0.5,IF($D$5>D16,1,0)) -> 0.5 | BA16: =IF($E$5=E16,0.5,IF($E$5>E16,1,0)) -> 0.5 | BB16: =IF($F$5=F16,0.5,IF($F$5>F16,1,0)) -> 0.5 | BC16: =IF($G$5=G16,0.5,IF($G$5>G16,1,0)) -> 0.5 | BD16: =SUM(AW16:BC16) -> 3.5 | BE16: =IF(BD16=3.5,0.5,IF(BD16>3.5,1,0)) -> 0.5 | BG16: =IF($A$6=A16,0.5,IF($A$6>A16,1,0)) -> 0.5 | BH16: =IF($B$6=B16,0.5,IF($B$6>B16,1,0)) -> 0.5 | BI16: =IF($C$6=C16,0.5,IF($C$6>C16,1,0)) -> 0.5 | BJ16: =IF($D$6=D16,0.5,IF($D$6>D16,1,0)) -> 0.5 | BK16: =IF($E$6=E16,0.5,IF($E$6>E16,1,0)) -> 0.5 | BL16: =IF($F$6=F16,0.5,IF($F$6>F16,1,0)) -> 0.5 | BM16: =IF($G$6=G16,0.5,IF($G$6>G16,1,0)) -> 0.5 | BN16: =SUM(BG16:BM16) -> 3.5 | BO16: =IF(BN16=3.5,0.5,IF(BN16>3.5,1,0)) -> 0.5 | BQ16: =IF($A$7=A16,0.5,IF($A$7>A16,1,0)) -> 0.5 | BR16: =IF($B$7=B16,0.5,IF($B$7>B16,1,0)) -> 0.5 | BS16: =IF($C$7=C16,0.5,IF($C$7>C16,1,0)) -> 0.5 | BT16: =IF($D$7=D16,0.5,IF($D$7>D16,1,0)) -> 0.5 | BU16: =IF($E$7=E16,0.5,IF($E$7>E16,1,0)) -> 0.5 | BV16: =IF($F$7=F16,0.5,IF($F$7>F16,1,0)) -> 0.5 | BW16: =IF($G$7=G16,0.5,IF($G$7>G16,1,0)) -> 0.5 | BX16: =SUM(BQ16:BW16) -> 3.5 | BY16: =IF(BX16=3.5,0.5,IF(BX16>3.5,1,0)) -> 0.5 | CA16: =IF($A$8=A16,0.5,IF($A$8>A16,1,0)) -> 0.5 | CB16: =IF($B$8=B16,0.5,IF($B$8>B16,1,0)) -> 0.5 | CC16: =IF($C$8=C16,0.5,IF($C$8>C16,1,0)) -> 0.5 | CD16: =IF($D$8=D16,0.5,IF($D$8>D16,1,0)) -> 0.5 | CE16: =IF($E$8=E16,0.5,IF($E$8>E16,1,0)) -> 0.5 | CF16: =IF($F$8=F16,0.5,IF($F$8>F16,1,0)) -> 0.5 | CG16: =IF($G$8=G16,0.5,IF($G$8>G16,1,0)) -> 0.5 | CH16: =SUM(CA16:CG16) -> 3.5 | CI16: =IF(CH16=3.5,0.5,IF(CH16>3.5,1,0)) -> 0.5 | CK16: =IF($A$9=A16,0.5,IF($A$9>A16,1,0)) -> 0.5 | CL16: =IF($B$9=B16,0.5,IF($B$9>B16,1,0)) -> 0.5 | CM16: =IF($C$9=C16,0.5,IF($C$9>C16,1,0)) -> 0.5 | CN16: =IF($D$9=D16,0.5,IF($D$9>D16,1,0)) -> 0.5 | CO16: =IF($E$9=E16,0.5,IF($E$9>E16,1,0)) -> 0.5 | CP16: =IF($F$9=F16,0.5,IF($F$9>F16,1,0)) -> 0.5 | CQ16: =IF($G$9=G16,0.5,IF($G$9>G16,1,0)) -> 0.5 | CR16: =SUM(CK16:CQ16) -> 3.5 | CS16: =IF(CR16=3.5,0.5,IF(CR16>3.5,1,0)) -> 0.5 | CU16: =IF($A$10=A16,0.5,IF($A$10>A16,1,0)) -> 0.5 | CV16: =IF($B$10=B16,0.5,IF($B$10>B16,1,0)) -> 0.5 | CW16: =IF($C$10=C16,0.5,IF($C$10>C16,1,0)) -> 0.5 | CX16: =IF($D$10=D16,0.5,IF($D$10>D16,1,0)) -> 0.5 | CY16: =IF($E$10=E16,0.5,IF($E$10>E16,1,0)) -> 0.5 | CZ16: =IF($F$10=F16,0.5,IF($F$10>F16,1,0)) -> 0.5 | DA16: =IF($G$10=G16,0.5,IF($G$10>G16,1,0)) -> 0.5 | DB16: =SUM(CU16:DA16) -> 3.5 | DC16: =IF(DB16=3.5,0.5,IF(DB16>3.5,1,0)) -> 0.5 | DE16: =IF($A$11=A16,0.5,IF($A$11>A16,1,0)) -> 0.5 | DF16: =IF($B$11=B16,0.5,IF($B$11>B16,1,0)) -> 0.5 | DG16: =IF($C$11=C16,0.5,IF($C$11>C16,1,0)) -> 0.5 | DH16: =IF($D$11=D16,0.5,IF($D$11>D16,1,0)) -> 0.5 | DI16: =IF($E$11=E16,0.5,IF($E11>$E$16,1,0)) -> 0.5 | DJ16: =IF($F$11=F16,0.5,IF($F$11>F16,1,0)) -> 0.5 | DK16: =IF($G$11=G16,0.5,IF($G$11>G16,1,0)) -> 0.5 | DL16: =SUM(DE16:DK16) -> 3.5 | DM16: =IF(DL16=3.5,0.5,IF(DL16>3.5,1,0)) -> 0.5 | DO16: =IF($A$12=A16,0.5,IF($A$12>A16,1,0)) -> 0.5 | DP16: =IF($B$12=B16,0.5,IF($B$12>B16,1,0)) -> 0.5 | DQ16: =IF($C$12=C16,0.5,IF($C$12>C16,1,0)) -> 0.5 | DR16: =IF($D$12=D16,0.5,IF($D$12>D16,1,0)) -> 0.5 | DS16: =IF($E$12=E16,0.5,IF($E$12>E16,1,0)) -> 0.5 | DT16: =IF($F$12=F16,0.5,IF($F$12>F16,1,0)) -> 0.5 | DU16: =IF($G$12=G16,0.5,IF($G$12>G16,1,0)) -> 0.5 | DV16: =SUM(DO16:DU16) -> 3.5 | DW16: =IF(DV16=3.5,0.5,IF(DV16>3.5,1,0)) -> 0.5 | DY16: =IF($A$13=A16,0.5,IF($A$13>A16,1,0)) -> 0.5 | DZ16: =IF($B$13=B16,0.5,IF($B$13>B16,1,0)) -> 0.5 | EA16: =IF($C$13=C16,0.5,IF($C$13>C16,1,0)) -> 0.5 | EB16: =IF($D$13=D16,0.5,IF($D$13>D16,1,0)) -> 0.5 | EC16: =IF($E$13=E16,0.5,IF($E$13>E16,1,0)) -> 0.5 | ED16: =IF($F$13=F16,0.5,IF($F$13>F16,1,0)) -> 0.5 | EE16: =IF($G$13=G16,0.5,IF($G$13>G16,1,0)) -> 0.5 | EF16: =SUM(DY16:EE16) -> 3.5 | EG16: =IF(EF16=3.5,0.5,IF(EF16>3.5,1,0)) -> 0.5 | EI16: =IF($A$14=A16,0.5,IF($A$14>A16,1,0)) -> 0.5 | EJ16: =IF($B$14=B16,0.5,IF($B$14>B16,1,0)) -> 0.5 | EK16: =IF($C$14=C16,0.5,IF($C$14>C16,1,0)) -> 0.5 | EL16: =IF($D$14=D16,0.5,IF($D$14>D16,1,0)) -> 0.5 | EM16: =IF($E$14=E16,0.5,IF($E$14>E16,1,0)) -> 0.5 | EN16: =IF($F$14=F16,0.5,IF($F$14>F16,1,0)) -> 0.5 | EO16: =IF($G$14=G16,0.5,IF($G$14>G16,1,0)) -> 0.5 | EP16: =SUM(EI16:EO16) -> 3.5 | EQ16: =IF(EP16=3.5,0.5,IF(EP16>3.5,1,0)) -> 0.5 | ES16: =IF($A$15=A16,0.5,IF($A$15>A16,1,0)) -> 0.5 | ET16: =IF($B$15=B16,0.5,IF($B$15>B16,1,0)) -> 0.5 | EU16: =IF($C$15=C16,0.5,IF($C$15>C16,1,0)) -> 0.5 | EV16: =IF($D$15=D16,0.5,IF($D$15>D16,1,0)) -> 0.5 | EW16: =IF($E$15=E16,0.5,IF($E$15>E16,1,0)) -> 0.5 | EX16: =IF($F$15=F16,0.5,IF($F$15>F16,1,0)) -> 0.5 | EY16: =IF($G$15=G16,0.5,IF($G$15>G16,1,0)) -> 0.5 | EZ16: =SUM(ES16:EY16) -> 3.5 | FA16: =IF(EZ16=3.5,0.5,IF(EZ16>3.5,1,0)) -> 0.5
A17: =KeyIn!N22 -> 0 | B17: =KeyIn!T22 -> 0 | C17: =KeyIn!Z22 -> 0 | D17: 0 | E17: 0 | F17: 0 | G17: 0 | I17: =IF($A$1=A17,0.5,IF($A$1>A17,1,0)) -> 0.5 | J17: =IF($B$1=B17,0.5,IF($B$1>B17,1,0)) -> 0.5 | K17: =IF($C$1=C17,0.5,IF($C$1>C17,1,0)) -> 0.5 | L17: =IF($D$1=D17,0.5,IF($D$1>D17,1,0)) -> 0.5 | M17: =IF($E$1=E17,0.5,IF($E$1>E17,1,0)) -> 0.5 | N17: =IF($F$1=F17,0.5,IF($F$1>F17,1,0)) -> 0.5 | O17: =IF($G$1=G17,0.5,IF($G$1>G17,1,0)) -> 0.5 | P17: =SUM(I17:O17) -> 3.5 | Q17: =IF(P17=3.5,0.5,IF(P17>3.5,1,0)) -> 0.5 | S17: =IF($A$2=A17,0.5,IF($A$2>A17,1,0)) -> 0.5 | T17: =IF($B$2=B17,0.5,IF($B$2>B17,1,0)) -> 0.5 | U17: =IF($C$2=C17,0.5,IF($C$2>C17,1,0)) -> 0.5 | V17: =IF($D$2=D17,0.5,IF($D$2>D17,1,0)) -> 0.5 | W17: =IF($E$2=E17,0.5,IF($E$2>E17,1,0)) -> 0.5 | X17: =IF($F$2=F17,0.5,IF($F$2>F17,1,0)) -> 0.5 | Y17: =IF($G$2=G17,0.5,IF($G$2>G17,1,0)) -> 0.5 | Z17: =SUM(S17:Y17) -> 3.5 | AA17: =IF(Z17=3.5,0.5,IF(Z17>3.5,1,0)) -> 0.5 | AC17: =IF($A$3=A17,0.5,IF($A$3>A17,1,0)) -> 0.5 | AD17: =IF($B$3=B17,0.5,IF($B$3>B17,1,0)) -> 0.5 | AE17: =IF($C$3=C17,0.5,IF($C$3>C17,1,0)) -> 0.5 | AF17: =IF($D$3=D17,0.5,IF($D$3>D17,1,0)) -> 0.5 | AG17: =IF($E$3=E17,0.5,IF($E$3>E17,1,0)) -> 0.5 | AH17: =IF($F$3=F17,0.5,IF($F$3>F17,1,0)) -> 0.5 | AI17: =IF($G$3=G17,0.5,IF($G$3>G17,1,0)) -> 0.5 | AJ17: =SUM(AC17:AI17) -> 3.5 | AK17: =IF(AJ17=3.5,0.5,IF(AJ17>3.5,1,0)) -> 0.5 | AM17: =IF($A$4=A17,0.5,IF($A$4>A17,1,0)) -> 0.5 | AN17: =IF($B$4=B17,0.5,IF($B$4>B17,1,0)) -> 0.5 | AO17: =IF($C$4=C17,0.5,IF($C$4>C17,1,0)) -> 0.5 | AP17: =IF($D$4=D17,0.5,IF($D$4>D17,1,0)) -> 0.5 | AQ17: =IF($E$4=E17,0.5,IF($E$4>E17,1,0)) -> 0.5 | AR17: =IF($F$4=F17,0.5,IF($F$4>F17,1,0)) -> 0.5 | AS17: =IF($G$4=G17,0.5,IF($G$4>G17,1,0)) -> 0.5 | AT17: =SUM(AM17:AS17) -> 3.5 | AU17: =IF(AT17=3.5,0.5,IF(AT17>3.5,1,0)) -> 0.5 | AW17: =IF($A$5=A17,0.5,IF($A$5>A17,1,0)) -> 0.5 | AX17: =IF($B$5=B17,0.5,IF($B$5>B17,1,0)) -> 0.5 | AY17: =IF($C$5=C17,0.5,IF($C$5>C17,1,0)) -> 0.5 | AZ17: =IF($D$5=D17,0.5,IF($D$5>D17,1,0)) -> 0.5 | BA17: =IF($E$5=E17,0.5,IF($E$5>E17,1,0)) -> 0.5 | BB17: =IF($F$5=F17,0.5,IF($F$5>F17,1,0)) -> 0.5 | BC17: =IF($G$5=G17,0.5,IF($G$5>G17,1,0)) -> 0.5 | BD17: =SUM(AW17:BC17) -> 3.5 | BE17: =IF(BD17=3.5,0.5,IF(BD17>3.5,1,0)) -> 0.5 | BG17: =IF($A$6=A17,0.5,IF($A$6>A17,1,0)) -> 0.5 | BH17: =IF($B$6=B17,0.5,IF($B$6>B17,1,0)) -> 0.5 | BI17: =IF($C$6=C17,0.5,IF($C$6>C17,1,0)) -> 0.5 | BJ17: =IF($D$6=D17,0.5,IF($D$6>D17,1,0)) -> 0.5 | BK17: =IF($E$6=E17,0.5,IF($E$6>E17,1,0)) -> 0.5 | BL17: =IF($F$6=F17,0.5,IF($F$6>F17,1,0)) -> 0.5 | BM17: =IF($G$6=G17,0.5,IF($G$6>G17,1,0)) -> 0.5 | BN17: =SUM(BG17:BM17) -> 3.5 | BO17: =IF(BN17=3.5,0.5,IF(BN17>3.5,1,0)) -> 0.5 | BQ17: =IF($A$7=A17,0.5,IF($A$7>A17,1,0)) -> 0.5 | BR17: =IF($B$7=B17,0.5,IF($B$7>B17,1,0)) -> 0.5 | BS17: =IF($C$7=C17,0.5,IF($C$7>C17,1,0)) -> 0.5 | BT17: =IF($D$7=D17,0.5,IF($D$7>D17,1,0)) -> 0.5 | BU17: =IF($E$7=E17,0.5,IF($E$7>E17,1,0)) -> 0.5 | BV17: =IF($F$7=F17,0.5,IF($F$7>F17,1,0)) -> 0.5 | BW17: =IF($G$7=G17,0.5,IF($G$7>G17,1,0)) -> 0.5 | BX17: =SUM(BQ17:BW17) -> 3.5 | BY17: =IF(BX17=3.5,0.5,IF(BX17>3.5,1,0)) -> 0.5 | CA17: =IF($A$8=A17,0.5,IF($A$8>A17,1,0)) -> 0.5 | CB17: =IF($B$8=B17,0.5,IF($B$8>B17,1,0)) -> 0.5 | CC17: =IF($C$8=C17,0.5,IF($C$8>C17,1,0)) -> 0.5 | CD17: =IF($D$8=D17,0.5,IF($D$8>D17,1,0)) -> 0.5 | CE17: =IF($E$8=E17,0.5,IF($E$8>E17,1,0)) -> 0.5 | CF17: =IF($F$8=F17,0.5,IF($F$8>F17,1,0)) -> 0.5 | CG17: =IF($G$8=G17,0.5,IF($G$8>G17,1,0)) -> 0.5 | CH17: =SUM(CA17:CG17) -> 3.5 | CI17: =IF(CH17=3.5,0.5,IF(CH17>3.5,1,0)) -> 0.5 | CK17: =IF($A$9=A17,0.5,IF($A$9>A17,1,0)) -> 0.5 | CL17: =IF($B$9=B17,0.5,IF($B$9>B17,1,0)) -> 0.5 | CM17: =IF($C$9=C17,0.5,IF($C$9>C17,1,0)) -> 0.5 | CN17: =IF($D$9=D17,0.5,IF($D$9>D17,1,0)) -> 0.5 | CO17: =IF($E$9=E17,0.5,IF($E$9>E17,1,0)) -> 0.5 | CP17: =IF($F$9=F17,0.5,IF($F$9>F17,1,0)) -> 0.5 | CQ17: =IF($G$9=G17,0.5,IF($G$9>G17,1,0)) -> 0.5 | CR17: =SUM(CK17:CQ17) -> 3.5 | CS17: =IF(CR17=3.5,0.5,IF(CR17>3.5,1,0)) -> 0.5 | CU17: =IF($A$10=A17,0.5,IF($A$10>A17,1,0)) -> 0.5 | CV17: =IF($B$10=B17,0.5,IF($B$10>B17,1,0)) -> 0.5 | CW17: =IF($C$10=C17,0.5,IF($C$10>C17,1,0)) -> 0.5 | CX17: =IF($D$10=D17,0.5,IF($D$10>D17,1,0)) -> 0.5 | CY17: =IF($E$10=E17,0.5,IF($E$10>E17,1,0)) -> 0.5 | CZ17: =IF($F$10=F17,0.5,IF($F$10>F17,1,0)) -> 0.5 | DA17: =IF($G$10=G17,0.5,IF($G$10>G17,1,0)) -> 0.5 | DB17: =SUM(CU17:DA17) -> 3.5 | DC17: =IF(DB17=3.5,0.5,IF(DB17>3.5,1,0)) -> 0.5 | DE17: =IF($A$11=A17,0.5,IF($A$11>A17,1,0)) -> 0.5 | DF17: =IF($B$11=B17,0.5,IF($B$11>B17,1,0)) -> 0.5 | DG17: =IF($C$11=C17,0.5,IF($C$11>C17,1,0)) -> 0.5 | DH17: =IF($D$11=D17,0.5,IF($D$11>D17,1,0)) -> 0.5 | DI17: =IF($E$11=E17,0.5,IF($E11>$E$17,1,0)) -> 0.5 | DJ17: =IF($F$11=F17,0.5,IF($F$11>F17,1,0)) -> 0.5 | DK17: =IF($G$11=G17,0.5,IF($G$11>G17,1,0)) -> 0.5 | DL17: =SUM(DE17:DK17) -> 3.5 | DM17: =IF(DL17=3.5,0.5,IF(DL17>3.5,1,0)) -> 0.5 | DO17: =IF($A$12=A17,0.5,IF($A$12>A17,1,0)) -> 0.5 | DP17: =IF($B$12=B17,0.5,IF($B$12>B17,1,0)) -> 0.5 | DQ17: =IF($C$12=C17,0.5,IF($C$12>C17,1,0)) -> 0.5 | DR17: =IF($D$12=D17,0.5,IF($D$12>D17,1,0)) -> 0.5 | DS17: =IF($E$12=E17,0.5,IF($E$12>E17,1,0)) -> 0.5 | DT17: =IF($F$12=F17,0.5,IF($F$12>F17,1,0)) -> 0.5 | DU17: =IF($G$12=G17,0.5,IF($G$12>G17,1,0)) -> 0.5 | DV17: =SUM(DO17:DU17) -> 3.5 | DW17: =IF(DV17=3.5,0.5,IF(DV17>3.5,1,0)) -> 0.5 | DY17: =IF($A$13=A17,0.5,IF($A$13>A17,1,0)) -> 0.5 | DZ17: =IF($B$13=B17,0.5,IF($B$13>B17,1,0)) -> 0.5 | EA17: =IF($C$13=C17,0.5,IF($C$13>C17,1,0)) -> 0.5 | EB17: =IF($D$13=D17,0.5,IF($D$13>D17,1,0)) -> 0.5 | EC17: =IF($E$13=E17,0.5,IF($E$13>E17,1,0)) -> 0.5 | ED17: =IF($F$13=F17,0.5,IF($F$13>F17,1,0)) -> 0.5 | EE17: =IF($G$13=G17,0.5,IF($G$13>G17,1,0)) -> 0.5 | EF17: =SUM(DY17:EE17) -> 3.5 | EG17: =IF(EF17=3.5,0.5,IF(EF17>3.5,1,0)) -> 0.5 | EI17: =IF($A$14=A17,0.5,IF($A$14>A17,1,0)) -> 0.5 | EJ17: =IF($B$14=B17,0.5,IF($B$14>B17,1,0)) -> 0.5 | EK17: =IF($C$14=C17,0.5,IF($C$14>C17,1,0)) -> 0.5 | EL17: =IF($D$14=D17,0.5,IF($D$14>D17,1,0)) -> 0.5 | EM17: =IF($E$14=E17,0.5,IF($E$14>E17,1,0)) -> 0.5 | EN17: =IF($F$14=F17,0.5,IF($F$14>F17,1,0)) -> 0.5 | EO17: =IF($G$14=G17,0.5,IF($G$14>G17,1,0)) -> 0.5 | EP17: =SUM(EI17:EO17) -> 3.5 | EQ17: =IF(EP17=3.5,0.5,IF(EP17>3.5,1,0)) -> 0.5 | ES17: =IF($A$15=A17,0.5,IF($A$15>A17,1,0)) -> 0.5 | ET17: =IF($B$15=B17,0.5,IF($B$15>B17,1,0)) -> 0.5 | EU17: =IF($C$15=C17,0.5,IF($C$15>C17,1,0)) -> 0.5 | EV17: =IF($D$15=D17,0.5,IF($D$15>D17,1,0)) -> 0.5 | EW17: =IF($E$15=E17,0.5,IF($E$15>E17,1,0)) -> 0.5 | EX17: =IF($F$15=F17,0.5,IF($F$15>F17,1,0)) -> 0.5 | EY17: =IF($G$15=G17,0.5,IF($G$15>G17,1,0)) -> 0.5 | EZ17: =SUM(ES17:EY17) -> 3.5 | FA17: =IF(EZ17=3.5,0.5,IF(EZ17>3.5,1,0)) -> 0.5 | FC17: =IF($A$16=A17,0.5,IF($A$16>A17,1,0)) -> 0.5 | FD17: =IF($B$16=B17,0.5,IF($B$16>B17,1,0)) -> 0.5 | FE17: =IF($C$16=C17,0.5,IF($C$16>C17,1,0)) -> 0.5 | FF17: =IF($D$16=D17,0.5,IF($D$16>D17,1,0)) -> 0.5 | FG17: =IF($E$16=E17,0.5,IF($E$16>E17,1,0)) -> 0.5 | FH17: =IF($F$16=F17,0.5,IF($F$16>F17,1,0)) -> 0.5 | FI17: =IF($G$16=G17,0.5,IF($G$16>G17,1,0)) -> 0.5 | FJ17: =SUM(FC17:FI17) -> 3.5 | FK17: =IF(FJ17=3.5,0.5,IF(FJ17>3.5,1,0)) -> 0.5
A18: =KeyIn!N23 -> 0 | B18: =KeyIn!T23 -> 0 | C18: =KeyIn!Z23 -> 0 | D18: 0 | E18: 0 | F18: 0 | G18: 0 | I18: =IF($A$1=A18,0.5,IF($A$1>A18,1,0)) -> 0.5 | J18: =IF($B$1=B18,0.5,IF($B$1>B18,1,0)) -> 0.5 | K18: =IF($C$1=C18,0.5,IF($C$1>C18,1,0)) -> 0.5 | L18: =IF($D$1=D18,0.5,IF($D$1>D18,1,0)) -> 0.5 | M18: =IF($E$1=E18,0.5,IF($E$1>E18,1,0)) -> 0.5 | N18: =IF($F$1=F18,0.5,IF($F$1>F18,1,0)) -> 0.5 | O18: =IF($G$1=G18,0.5,IF($G$1>G18,1,0)) -> 0.5 | P18: =SUM(I18:O18) -> 3.5 | Q18: =IF(P18=3.5,0.5,IF(P18>3.5,1,0)) -> 0.5 | S18: =IF($A$2=A18,0.5,IF($A$2>A18,1,0)) -> 0.5 | T18: =IF($B$2=B18,0.5,IF($B$2>B18,1,0)) -> 0.5 | U18: =IF($C$2=C18,0.5,IF($C$2>C18,1,0)) -> 0.5 | V18: =IF($D$2=D18,0.5,IF($D$2>D18,1,0)) -> 0.5 | W18: =IF($E$2=E18,0.5,IF($E$2>E18,1,0)) -> 0.5 | X18: =IF($F$2=F18,0.5,IF($F$2>F18,1,0)) -> 0.5 | Y18: =IF($G$2=G18,0.5,IF($G$2>G18,1,0)) -> 0.5 | Z18: =SUM(S18:Y18) -> 3.5 | AA18: =IF(Z18=3.5,0.5,IF(Z18>3.5,1,0)) -> 0.5 | AC18: =IF($A$3=A18,0.5,IF($A$3>A18,1,0)) -> 0.5 | AD18: =IF($B$3=B18,0.5,IF($B$3>B18,1,0)) -> 0.5 | AE18: =IF($C$3=C18,0.5,IF($C$3>C18,1,0)) -> 0.5 | AF18: =IF($D$3=D18,0.5,IF($D$3>D18,1,0)) -> 0.5 | AG18: =IF($E$3=E18,0.5,IF($E$3>E18,1,0)) -> 0.5 | AH18: =IF($F$3=F18,0.5,IF($F$3>F18,1,0)) -> 0.5 | AI18: =IF($G$3=G18,0.5,IF($G$3>G18,1,0)) -> 0.5 | AJ18: =SUM(AC18:AI18) -> 3.5 | AK18: =IF(AJ18=3.5,0.5,IF(AJ18>3.5,1,0)) -> 0.5 | AM18: =IF($A$4=A18,0.5,IF($A$4>A18,1,0)) -> 0.5 | AN18: =IF($B$4=B18,0.5,IF($B$4>B18,1,0)) -> 0.5 | AO18: =IF($C$4=C18,0.5,IF($C$4>C18,1,0)) -> 0.5 | AP18: =IF($D$4=D18,0.5,IF($D$4>D18,1,0)) -> 0.5 | AQ18: =IF($E$4=E18,0.5,IF($E$4>E18,1,0)) -> 0.5 | AR18: =IF($F$4=F18,0.5,IF($F$4>F18,1,0)) -> 0.5 | AS18: =IF($G$4=G18,0.5,IF($G$4>G18,1,0)) -> 0.5 | AT18: =SUM(AM18:AS18) -> 3.5 | AU18: =IF(AT18=3.5,0.5,IF(AT18>3.5,1,0)) -> 0.5 | AW18: =IF($A$5=A18,0.5,IF($A$5>A18,1,0)) -> 0.5 | AX18: =IF($B$5=B18,0.5,IF($B$5>B18,1,0)) -> 0.5 | AY18: =IF($C$5=C18,0.5,IF($C$5>C18,1,0)) -> 0.5 | AZ18: =IF($D$5=D18,0.5,IF($D$5>D18,1,0)) -> 0.5 | BA18: =IF($E$5=E18,0.5,IF($E$5>E18,1,0)) -> 0.5 | BB18: =IF($F$5=F18,0.5,IF($F$5>F18,1,0)) -> 0.5 | BC18: =IF($G$5=G18,0.5,IF($G$5>G18,1,0)) -> 0.5 | BD18: =SUM(AW18:BC18) -> 3.5 | BE18: =IF(BD18=3.5,0.5,IF(BD18>3.5,1,0)) -> 0.5 | BG18: =IF($A$6=A18,0.5,IF($A$6>A18,1,0)) -> 0.5 | BH18: =IF($B$6=B18,0.5,IF($B$6>B18,1,0)) -> 0.5 | BI18: =IF($C$6=C18,0.5,IF($C$6>C18,1,0)) -> 0.5 | BJ18: =IF($D$6=D18,0.5,IF($D$6>D18,1,0)) -> 0.5 | BK18: =IF($E$6=E18,0.5,IF($E$6>E18,1,0)) -> 0.5 | BL18: =IF($F$6=F18,0.5,IF($F$6>F18,1,0)) -> 0.5 | BM18: =IF($G$6=G18,0.5,IF($G$6>G18,1,0)) -> 0.5 | BN18: =SUM(BG18:BM18) -> 3.5 | BO18: =IF(BN18=3.5,0.5,IF(BN18>3.5,1,0)) -> 0.5 | BQ18: =IF($A$7=A18,0.5,IF($A$7>A18,1,0)) -> 0.5 | BR18: =IF($B$7=B18,0.5,IF($B$7>B18,1,0)) -> 0.5 | BS18: =IF($C$7=C18,0.5,IF($C$7>C18,1,0)) -> 0.5 | BT18: =IF($D$7=D18,0.5,IF($D$7>D18,1,0)) -> 0.5 | BU18: =IF($E$7=E18,0.5,IF($E$7>E18,1,0)) -> 0.5 | BV18: =IF($F$7=F18,0.5,IF($F$7>F18,1,0)) -> 0.5 | BW18: =IF($G$7=G18,0.5,IF($G$7>G18,1,0)) -> 0.5 | BX18: =SUM(BQ18:BW18) -> 3.5 | BY18: =IF(BX18=3.5,0.5,IF(BX18>3.5,1,0)) -> 0.5 | CA18: =IF($A$8=A18,0.5,IF($A$8>A18,1,0)) -> 0.5 | CB18: =IF($B$8=B18,0.5,IF($B$8>B18,1,0)) -> 0.5 | CC18: =IF($C$8=C18,0.5,IF($C$8>C18,1,0)) -> 0.5 | CD18: =IF($D$8=D18,0.5,IF($D$8>D18,1,0)) -> 0.5 | CE18: =IF($E$8=E18,0.5,IF($E$8>E18,1,0)) -> 0.5 | CF18: =IF($F$8=F18,0.5,IF($F$8>F18,1,0)) -> 0.5 | CG18: =IF($G$8=G18,0.5,IF($G$8>G18,1,0)) -> 0.5 | CH18: =SUM(CA18:CG18) -> 3.5 | CI18: =IF(CH18=3.5,0.5,IF(CH18>3.5,1,0)) -> 0.5 | CK18: =IF($A$9=A18,0.5,IF($A$9>A18,1,0)) -> 0.5 | CL18: =IF($B$9=B18,0.5,IF($B$9>B18,1,0)) -> 0.5 | CM18: =IF($C$9=C18,0.5,IF($C$9>C18,1,0)) -> 0.5 | CN18: =IF($D$9=D18,0.5,IF($D$9>D18,1,0)) -> 0.5 | CO18: =IF($E$9=E18,0.5,IF($E$9>E18,1,0)) -> 0.5 | CP18: =IF($F$9=F18,0.5,IF($F$9>F18,1,0)) -> 0.5 | CQ18: =IF($G$9=G18,0.5,IF($G$9>G18,1,0)) -> 0.5 | CR18: =SUM(CK18:CQ18) -> 3.5 | CS18: =IF(CR18=3.5,0.5,IF(CR18>3.5,1,0)) -> 0.5 | CU18: =IF($A$10=A18,0.5,IF($A$10>A18,1,0)) -> 0.5 | CV18: =IF($B$10=B18,0.5,IF($B$10>B18,1,0)) -> 0.5 | CW18: =IF($C$10=C18,0.5,IF($C$10>C18,1,0)) -> 0.5 | CX18: =IF($D$10=D18,0.5,IF($D$10>D18,1,0)) -> 0.5 | CY18: =IF($E$10=E18,0.5,IF($E$10>E18,1,0)) -> 0.5 | CZ18: =IF($F$10=F18,0.5,IF($F$10>F18,1,0)) -> 0.5 | DA18: =IF($G$10=G18,0.5,IF($G$10>G18,1,0)) -> 0.5 | DB18: =SUM(CU18:DA18) -> 3.5 | DC18: =IF(DB18=3.5,0.5,IF(DB18>3.5,1,0)) -> 0.5 | DE18: =IF($A$11=A18,0.5,IF($A$11>A18,1,0)) -> 0.5 | DF18: =IF($B$11=B18,0.5,IF($B$11>B18,1,0)) -> 0.5 | DG18: =IF($C$11=C18,0.5,IF($C$11>C18,1,0)) -> 0.5 | DH18: =IF($D$11=D18,0.5,IF($D$11>D18,1,0)) -> 0.5 | DI18: =IF($E$11=E18,0.5,IF($E11>$E$18,1,0)) -> 0.5 | DJ18: =IF($F$11=F18,0.5,IF($F$11>F18,1,0)) -> 0.5 | DK18: =IF($G$11=G18,0.5,IF($G$11>G18,1,0)) -> 0.5 | DL18: =SUM(DE18:DK18) -> 3.5 | DM18: =IF(DL18=3.5,0.5,IF(DL18>3.5,1,0)) -> 0.5 | DO18: =IF($A$12=A18,0.5,IF($A$12>A18,1,0)) -> 0.5 | DP18: =IF($B$12=B18,0.5,IF($B$12>B18,1,0)) -> 0.5 | DQ18: =IF($C$12=C18,0.5,IF($C$12>C18,1,0)) -> 0.5 | DR18: =IF($D$12=D18,0.5,IF($D$12>D18,1,0)) -> 0.5 | DS18: =IF($E$12=E18,0.5,IF($E$12>E18,1,0)) -> 0.5 | DT18: =IF($F$12=F18,0.5,IF($F$12>F18,1,0)) -> 0.5 | DU18: =IF($G$12=G18,0.5,IF($G$12>G18,1,0)) -> 0.5 | DV18: =SUM(DO18:DU18) -> 3.5 | DW18: =IF(DV18=3.5,0.5,IF(DV18>3.5,1,0)) -> 0.5 | DY18: =IF($A$13=A18,0.5,IF($A$13>A18,1,0)) -> 0.5 | DZ18: =IF($B$13=B18,0.5,IF($B$13>B18,1,0)) -> 0.5 | EA18: =IF($C$13=C18,0.5,IF($C$13>C18,1,0)) -> 0.5 | EB18: =IF($D$13=D18,0.5,IF($D$13>D18,1,0)) -> 0.5 | EC18: =IF($E$13=E18,0.5,IF($E$13>E18,1,0)) -> 0.5 | ED18: =IF($F$13=F18,0.5,IF($F$13>F18,1,0)) -> 0.5 | EE18: =IF($G$13=G18,0.5,IF($G$13>G18,1,0)) -> 0.5 | EF18: =SUM(DY18:EE18) -> 3.5 | EG18: =IF(EF18=3.5,0.5,IF(EF18>3.5,1,0)) -> 0.5 | EI18: =IF($A$14=A18,0.5,IF($A$14>A18,1,0)) -> 0.5 | EJ18: =IF($B$14=B18,0.5,IF($B$14>B18,1,0)) -> 0.5 | EK18: =IF($C$14=C18,0.5,IF($C$14>C18,1,0)) -> 0.5 | EL18: =IF($D$14=D18,0.5,IF($D$14>D18,1,0)) -> 0.5 | EM18: =IF($E$14=E18,0.5,IF($E$14>E18,1,0)) -> 0.5 | EN18: =IF($F$14=F18,0.5,IF($F$14>F18,1,0)) -> 0.5 | EO18: =IF($G$14=G18,0.5,IF($G$14>G18,1,0)) -> 0.5 | EP18: =SUM(EI18:EO18) -> 3.5 | EQ18: =IF(EP18=3.5,0.5,IF(EP18>3.5,1,0)) -> 0.5 | ES18: =IF($A$15=A18,0.5,IF($A$15>A18,1,0)) -> 0.5 | ET18: =IF($B$15=B18,0.5,IF($B$15>B18,1,0)) -> 0.5 | EU18: =IF($C$15=C18,0.5,IF($C$15>C18,1,0)) -> 0.5 | EV18: =IF($D$15=D18,0.5,IF($D$15>D18,1,0)) -> 0.5 | EW18: =IF($E$15=E18,0.5,IF($E$15>E18,1,0)) -> 0.5 | EX18: =IF($F$15=F18,0.5,IF($F$15>F18,1,0)) -> 0.5 | EY18: =IF($G$15=G18,0.5,IF($G$15>G18,1,0)) -> 0.5 | EZ18: =SUM(ES18:EY18) -> 3.5 | FA18: =IF(EZ18=3.5,0.5,IF(EZ18>3.5,1,0)) -> 0.5 | FC18: =IF($A$16=A18,0.5,IF($A$16>A18,1,0)) -> 0.5 | FD18: =IF($B$16=B18,0.5,IF($B$16>B18,1,0)) -> 0.5 | FE18: =IF($C$16=C18,0.5,IF($C$16>C18,1,0)) -> 0.5 | FF18: =IF($D$16=D18,0.5,IF($D$16>D18,1,0)) -> 0.5 | FG18: =IF($E$16=E18,0.5,IF($E$16>E18,1,0)) -> 0.5 | FH18: =IF($F$16=F18,0.5,IF($F$16>F18,1,0)) -> 0.5 | FI18: =IF($G$16=G18,0.5,IF($G$16>G18,1,0)) -> 0.5 | FJ18: =SUM(FC18:FI18) -> 3.5 | FK18: =IF(FJ18=3.5,0.5,IF(FJ18>3.5,1,0)) -> 0.5 | FM18: =IF($A$17=A18,0.5,IF($A$17>A18,1,0)) -> 0.5 | FN18: =IF($B$17=B18,0.5,IF($B$17>B18,1,0)) -> 0.5 | FO18: =IF($C$17=C18,0.5,IF($C$17>C18,1,0)) -> 0.5 | FP18: =IF($D$17=D18,0.5,IF($D$17>D18,1,0)) -> 0.5 | FQ18: =IF($E$17=E18,0.5,IF($E$17>E18,1,0)) -> 0.5 | FR18: =IF($F$17=F18,0.5,IF($F$17>F18,1,0)) -> 0.5 | FS18: =IF($G$17=G18,0.5,IF($G$17>G18,1,0)) -> 0.5 | FT18: =SUM(FM18:FS18) -> 3.5 | FU18: =IF(FT18=3.5,0.5,IF(FT18>3.5,1,0)) -> 0.5
A19: =KeyIn!N24 -> 0 | B19: =KeyIn!T24 -> 0 | C19: =KeyIn!Z24 -> 0 | D19: 0 | E19: 0 | F19: 0 | G19: 0 | I19: =IF($A$1=A19,0.5,IF($A$1>A19,1,0)) -> 0.5 | J19: =IF($B$1=B19,0.5,IF($B$1>B19,1,0)) -> 0.5 | K19: =IF($C$1=C19,0.5,IF($C$1>C19,1,0)) -> 0.5 | L19: =IF($D$1=D19,0.5,IF($D$1>D19,1,0)) -> 0.5 | M19: =IF($E$1=E19,0.5,IF($E$1>E19,1,0)) -> 0.5 | N19: =IF($F$1=F19,0.5,IF($F$1>F19,1,0)) -> 0.5 | O19: =IF($G$1=G19,0.5,IF($G$1>G19,1,0)) -> 0.5 | P19: =SUM(I19:O19) -> 3.5 | Q19: =IF(P19=3.5,0.5,IF(P19>3.5,1,0)) -> 0.5 | S19: =IF($A$2=A19,0.5,IF($A$2>A19,1,0)) -> 0.5 | T19: =IF($B$2=B19,0.5,IF($B$2>B19,1,0)) -> 0.5 | U19: =IF($C$2=C19,0.5,IF($C$2>C19,1,0)) -> 0.5 | V19: =IF($D$2=D19,0.5,IF($D$2>D19,1,0)) -> 0.5 | W19: =IF($E$2=E19,0.5,IF($E$2>E19,1,0)) -> 0.5 | X19: =IF($F$2=F19,0.5,IF($F$2>F19,1,0)) -> 0.5 | Y19: =IF($G$2=G19,0.5,IF($G$2>G19,1,0)) -> 0.5 | Z19: =SUM(S19:Y19) -> 3.5 | AA19: =IF(Z19=3.5,0.5,IF(Z19>3.5,1,0)) -> 0.5 | AC19: =IF($A$3=A19,0.5,IF($A$3>A19,1,0)) -> 0.5 | AD19: =IF($B$3=B19,0.5,IF($B$3>B19,1,0)) -> 0.5 | AE19: =IF($C$3=C19,0.5,IF($C$3>C19,1,0)) -> 0.5 | AF19: =IF($D$3=D19,0.5,IF($D$3>D19,1,0)) -> 0.5 | AG19: =IF($E$3=E19,0.5,IF($E$3>E19,1,0)) -> 0.5 | AH19: =IF($F$3=F19,0.5,IF($F$3>F19,1,0)) -> 0.5 | AI19: =IF($G$3=G19,0.5,IF($G$3>G19,1,0)) -> 0.5 | AJ19: =SUM(AC19:AI19) -> 3.5 | AK19: =IF(AJ19=3.5,0.5,IF(AJ19>3.5,1,0)) -> 0.5 | AM19: =IF($A$4=A19,0.5,IF($A$4>A19,1,0)) -> 0.5 | AN19: =IF($B$4=B19,0.5,IF($B$4>B19,1,0)) -> 0.5 | AO19: =IF($C$4=C19,0.5,IF($C$4>C19,1,0)) -> 0.5 | AP19: =IF($D$4=D19,0.5,IF($D$4>D19,1,0)) -> 0.5 | AQ19: =IF($E$4=E19,0.5,IF($E$4>E19,1,0)) -> 0.5 | AR19: =IF($F$4=F19,0.5,IF($F$4>F19,1,0)) -> 0.5 | AS19: =IF($G$4=G19,0.5,IF($G$4>G19,1,0)) -> 0.5 | AT19: =SUM(AM19:AS19) -> 3.5 | AU19: =IF(AT19=3.5,0.5,IF(AT19>3.5,1,0)) -> 0.5 | AW19: =IF($A$5=A19,0.5,IF($A$5>A19,1,0)) -> 0.5 | AX19: =IF($B$5=B19,0.5,IF($B$5>B19,1,0)) -> 0.5 | AY19: =IF($C$5=C19,0.5,IF($C$5>C19,1,0)) -> 0.5 | AZ19: =IF($D$5=D19,0.5,IF($D$5>D19,1,0)) -> 0.5 | BA19: =IF($E$5=E19,0.5,IF($E$5>E19,1,0)) -> 0.5 | BB19: =IF($F$5=F19,0.5,IF($F$5>F19,1,0)) -> 0.5 | BC19: =IF($G$5=G19,0.5,IF($G$5>G19,1,0)) -> 0.5 | BD19: =SUM(AW19:BC19) -> 3.5 | BE19: =IF(BD19=3.5,0.5,IF(BD19>3.5,1,0)) -> 0.5 | BG19: =IF($A$6=A19,0.5,IF($A$6>A19,1,0)) -> 0.5 | BH19: =IF($B$6=B19,0.5,IF($B$6>B19,1,0)) -> 0.5 | BI19: =IF($C$6=C19,0.5,IF($C$6>C19,1,0)) -> 0.5 | BJ19: =IF($D$6=D19,0.5,IF($D$6>D19,1,0)) -> 0.5 | BK19: =IF($E$6=E19,0.5,IF($E$6>E19,1,0)) -> 0.5 | BL19: =IF($F$6=F19,0.5,IF($F$6>F19,1,0)) -> 0.5 | BM19: =IF($G$6=G19,0.5,IF($G$6>G19,1,0)) -> 0.5 | BN19: =SUM(BG19:BM19) -> 3.5 | BO19: =IF(BN19=3.5,0.5,IF(BN19>3.5,1,0)) -> 0.5 | BQ19: =IF($A$7=A19,0.5,IF($A$7>A19,1,0)) -> 0.5 | BR19: =IF($B$7=B19,0.5,IF($B$7>B19,1,0)) -> 0.5 | BS19: =IF($C$7=C19,0.5,IF($C$7>C19,1,0)) -> 0.5 | BT19: =IF($D$7=D19,0.5,IF($D$7>D19,1,0)) -> 0.5 | BU19: =IF($E$7=E19,0.5,IF($E$7>E19,1,0)) -> 0.5 | BV19: =IF($F$7=F19,0.5,IF($F$7>F19,1,0)) -> 0.5 | BW19: =IF($G$7=G19,0.5,IF($G$7>G19,1,0)) -> 0.5 | BX19: =SUM(BQ19:BW19) -> 3.5 | BY19: =IF(BX19=3.5,0.5,IF(BX19>3.5,1,0)) -> 0.5 | CA19: =IF($A$8=A19,0.5,IF($A$8>A19,1,0)) -> 0.5 | CB19: =IF($B$8=B19,0.5,IF($B$8>B19,1,0)) -> 0.5 | CC19: =IF($C$8=C19,0.5,IF($C$8>C19,1,0)) -> 0.5 | CD19: =IF($D$8=D19,0.5,IF($D$8>D19,1,0)) -> 0.5 | CE19: =IF($E$8=E19,0.5,IF($E$8>E19,1,0)) -> 0.5 | CF19: =IF($F$8=F19,0.5,IF($F$8>F19,1,0)) -> 0.5 | CG19: =IF($G$8=G19,0.5,IF($G$8>G19,1,0)) -> 0.5 | CH19: =SUM(CA19:CG19) -> 3.5 | CI19: =IF(CH19=3.5,0.5,IF(CH19>3.5,1,0)) -> 0.5 | CK19: =IF($A$9=A19,0.5,IF($A$9>A19,1,0)) -> 0.5 | CL19: =IF($B$9=B19,0.5,IF($B$9>B19,1,0)) -> 0.5 | CM19: =IF($C$9=C19,0.5,IF($C$9>C19,1,0)) -> 0.5 | CN19: =IF($D$9=D19,0.5,IF($D$9>D19,1,0)) -> 0.5 | CO19: =IF($E$9=E19,0.5,IF($E$9>E19,1,0)) -> 0.5 | CP19: =IF($F$9=F19,0.5,IF($F$9>F19,1,0)) -> 0.5 | CQ19: =IF($G$9=G19,0.5,IF($G$9>G19,1,0)) -> 0.5 | CR19: =SUM(CK19:CQ19) -> 3.5 | CS19: =IF(CR19=3.5,0.5,IF(CR19>3.5,1,0)) -> 0.5 | CU19: =IF($A$10=A19,0.5,IF($A$10>A19,1,0)) -> 0.5 | CV19: =IF($B$10=B19,0.5,IF($B$10>B19,1,0)) -> 0.5 | CW19: =IF($C$10=C19,0.5,IF($C$10>C19,1,0)) -> 0.5 | CX19: =IF($D$10=D19,0.5,IF($D$10>D19,1,0)) -> 0.5 | CY19: =IF($E$10=E19,0.5,IF($E$10>E19,1,0)) -> 0.5 | CZ19: =IF($F$10=F19,0.5,IF($F$10>F19,1,0)) -> 0.5 | DA19: =IF($G$10=G19,0.5,IF($G$10>G19,1,0)) -> 0.5 | DB19: =SUM(CU19:DA19) -> 3.5 | DC19: =IF(DB19=3.5,0.5,IF(DB19>3.5,1,0)) -> 0.5 | DE19: =IF($A$11=A19,0.5,IF($A$11>A19,1,0)) -> 0.5 | DF19: =IF($B$11=B19,0.5,IF($B$11>B19,1,0)) -> 0.5 | DG19: =IF($C$11=C19,0.5,IF($C$11>C19,1,0)) -> 0.5 | DH19: =IF($D$11=D19,0.5,IF($D$11>D19,1,0)) -> 0.5 | DI19: =IF($E$11=E19,0.5,IF($E11>$E$19,1,0)) -> 0.5 | DJ19: =IF($F$11=F19,0.5,IF($F$11>F19,1,0)) -> 0.5 | DK19: =IF($G$11=G19,0.5,IF($G$11>G19,1,0)) -> 0.5 | DL19: =SUM(DE19:DK19) -> 3.5 | DM19: =IF(DL19=3.5,0.5,IF(DL19>3.5,1,0)) -> 0.5 | DO19: =IF($A$12=A19,0.5,IF($A$12>A19,1,0)) -> 0.5 | DP19: =IF($B$12=B19,0.5,IF($B$12>B19,1,0)) -> 0.5 | DQ19: =IF($C$12=C19,0.5,IF($C$12>C19,1,0)) -> 0.5 | DR19: =IF($D$12=D19,0.5,IF($D$12>D19,1,0)) -> 0.5 | DS19: =IF($E$12=E19,0.5,IF($E$12>E19,1,0)) -> 0.5 | DT19: =IF($F$12=F19,0.5,IF($F$12>F19,1,0)) -> 0.5 | DU19: =IF($G$12=G19,0.5,IF($G$12>G19,1,0)) -> 0.5 | DV19: =SUM(DO19:DU19) -> 3.5 | DW19: =IF(DV19=3.5,0.5,IF(DV19>3.5,1,0)) -> 0.5 | DY19: =IF($A$13=A19,0.5,IF($A$13>A19,1,0)) -> 0.5 | DZ19: =IF($B$13=B19,0.5,IF($B$13>B19,1,0)) -> 0.5 | EA19: =IF($C$13=C19,0.5,IF($C$13>C19,1,0)) -> 0.5 | EB19: =IF($D$13=D19,0.5,IF($D$13>D19,1,0)) -> 0.5 | EC19: =IF($E$13=E19,0.5,IF($E$13>E19,1,0)) -> 0.5 | ED19: =IF($F$13=F19,0.5,IF($F$13>F19,1,0)) -> 0.5 | EE19: =IF($G$13=G19,0.5,IF($G$13>G19,1,0)) -> 0.5 | EF19: =SUM(DY19:EE19) -> 3.5 | EG19: =IF(EF19=3.5,0.5,IF(EF19>3.5,1,0)) -> 0.5 | EI19: =IF($A$14=A19,0.5,IF($A$14>A19,1,0)) -> 0.5 | EJ19: =IF($B$14=B19,0.5,IF($B$14>B19,1,0)) -> 0.5 | EK19: =IF($C$14=C19,0.5,IF($C$14>C19,1,0)) -> 0.5 | EL19: =IF($D$14=D19,0.5,IF($D$14>D19,1,0)) -> 0.5 | EM19: =IF($E$14=E19,0.5,IF($E$14>E19,1,0)) -> 0.5 | EN19: =IF($F$14=F19,0.5,IF($F$14>F19,1,0)) -> 0.5 | EO19: =IF($G$14=G19,0.5,IF($G$14>G19,1,0)) -> 0.5 | EP19: =SUM(EI19:EO19) -> 3.5 | EQ19: =IF(EP19=3.5,0.5,IF(EP19>3.5,1,0)) -> 0.5 | ES19: =IF($A$15=A19,0.5,IF($A$15>A19,1,0)) -> 0.5 | ET19: =IF($B$15=B19,0.5,IF($B$15>B19,1,0)) -> 0.5 | EU19: =IF($C$15=C19,0.5,IF($C$15>C19,1,0)) -> 0.5 | EV19: =IF($D$15=D19,0.5,IF($D$15>D19,1,0)) -> 0.5 | EW19: =IF($E$15=E19,0.5,IF($E$15>E19,1,0)) -> 0.5 | EX19: =IF($F$15=F19,0.5,IF($F$15>F19,1,0)) -> 0.5 | EY19: =IF($G$15=G19,0.5,IF($G$15>G19,1,0)) -> 0.5 | EZ19: =SUM(ES19:EY19) -> 3.5 | FA19: =IF(EZ19=3.5,0.5,IF(EZ19>3.5,1,0)) -> 0.5 | FC19: =IF($A$16=A19,0.5,IF($A$16>A19,1,0)) -> 0.5 | FD19: =IF($B$16=B19,0.5,IF($B$16>B19,1,0)) -> 0.5 | FE19: =IF($C$16=C19,0.5,IF($C$16>C19,1,0)) -> 0.5 | FF19: =IF($D$16=D19,0.5,IF($D$16>D19,1,0)) -> 0.5 | FG19: =IF($E$16=E19,0.5,IF($E$16>E19,1,0)) -> 0.5 | FH19: =IF($F$16=F19,0.5,IF($F$16>F19,1,0)) -> 0.5 | FI19: =IF($G$16=G19,0.5,IF($G$16>G19,1,0)) -> 0.5 | FJ19: =SUM(FC19:FI19) -> 3.5 | FK19: =IF(FJ19=3.5,0.5,IF(FJ19>3.5,1,0)) -> 0.5 | FM19: =IF($A$17=A19,0.5,IF($A$17>A19,1,0)) -> 0.5 | FN19: =IF($B$17=B19,0.5,IF($B$17>B19,1,0)) -> 0.5 | FO19: =IF($C$17=C19,0.5,IF($C$17>C19,1,0)) -> 0.5 | FP19: =IF($D$17=D19,0.5,IF($D$17>D19,1,0)) -> 0.5 | FQ19: =IF($E$17=E19,0.5,IF($E$17>E19,1,0)) -> 0.5 | FR19: =IF($F$17=F19,0.5,IF($F$17>F19,1,0)) -> 0.5 | FS19: =IF($G$17=G19,0.5,IF($G$17>G19,1,0)) -> 0.5 | FT19: =SUM(FM19:FS19) -> 3.5 | FU19: =IF(FT19=3.5,0.5,IF(FT19>3.5,1,0)) -> 0.5 | FW19: =IF($A$18=A19,0.5,IF($A$18>A19,1,0)) -> 0.5 | FX19: =IF($B$18=B19,0.5,IF($B$18>B19,1,0)) -> 0.5 | FY19: =IF($C$18=C19,0.5,IF($C$18>C19,1,0)) -> 0.5 | FZ19: =IF($D$18=D19,0.5,IF($D$18>D19,1,0)) -> 0.5 | GA19: =IF($E$18=E19,0.5,IF($E$18>E19,1,0)) -> 0.5 | GB19: =IF($F$18=F19,0.5,IF($F$18>F19,1,0)) -> 0.5 | GC19: =IF($G$18=G19,0.5,IF($G$18>G19,1,0)) -> 0.5 | GD19: =SUM(FW19:GC19) -> 3.5 | GE19: =IF(GD19=3.5,0.5,IF(GD19>3.5,1,0)) -> 0.5
A20: =KeyIn!N25 -> 0 | B20: =KeyIn!T25 -> 0 | C20: =KeyIn!Z25 -> 0 | D20: 0 | E20: 0 | F20: 0 | G20: 0 | I20: =IF($A$1=A20,0.5,IF($A$1>A20,1,0)) -> 0.5 | J20: =IF($B$1=B20,0.5,IF($B$1>B20,1,0)) -> 0.5 | K20: =IF($C$1=C20,0.5,IF($C$1>C20,1,0)) -> 0.5 | L20: =IF($D$1=D20,0.5,IF($D$1>D20,1,0)) -> 0.5 | M20: =IF($E$1=E20,0.5,IF($E$1>E20,1,0)) -> 0.5 | N20: =IF($F$1=F20,0.5,IF($F$1>F20,1,0)) -> 0.5 | O20: =IF($G$1=G20,0.5,IF($G$1>G20,1,0)) -> 0.5 | P20: =SUM(I20:O20) -> 3.5 | Q20: =IF(P20=3.5,0.5,IF(P20>3.5,1,0)) -> 0.5 | S20: =IF($A$2=A20,0.5,IF($A$2>A20,1,0)) -> 0.5 | T20: =IF($B$2=B20,0.5,IF($B$2>B20,1,0)) -> 0.5 | U20: =IF($C$2=C20,0.5,IF($C$2>C20,1,0)) -> 0.5 | V20: =IF($D$2=D20,0.5,IF($D$2>D20,1,0)) -> 0.5 | W20: =IF($E$2=E20,0.5,IF($E$2>E20,1,0)) -> 0.5 | X20: =IF($F$2=F20,0.5,IF($F$2>F20,1,0)) -> 0.5 | Y20: =IF($G$2=G20,0.5,IF($G$2>G20,1,0)) -> 0.5 | Z20: =SUM(S20:Y20) -> 3.5 | AA20: =IF(Z20=3.5,0.5,IF(Z20>3.5,1,0)) -> 0.5 | AC20: =IF($A$3=A20,0.5,IF($A$3>A20,1,0)) -> 0.5 | AD20: =IF($B$3=B20,0.5,IF($B$3>B20,1,0)) -> 0.5 | AE20: =IF($C$3=C20,0.5,IF($C$3>C20,1,0)) -> 0.5 | AF20: =IF($D$3=D20,0.5,IF($D$3>D20,1,0)) -> 0.5 | AG20: =IF($E$3=E20,0.5,IF($E$3>E20,1,0)) -> 0.5 | AH20: =IF($F$3=F20,0.5,IF($F$3>F20,1,0)) -> 0.5 | AI20: =IF($G$3=G20,0.5,IF($G$3>G20,1,0)) -> 0.5 | AJ20: =SUM(AC20:AI20) -> 3.5 | AK20: =IF(AJ20=3.5,0.5,IF(AJ20>3.5,1,0)) -> 0.5 | AM20: =IF($A$4=A20,0.5,IF($A$4>A20,1,0)) -> 0.5 | AN20: =IF($B$4=B20,0.5,IF($B$4>B20,1,0)) -> 0.5 | AO20: =IF($C$4=C20,0.5,IF($C$4>C20,1,0)) -> 0.5 | AP20: =IF($D$4=D20,0.5,IF($D$4>D20,1,0)) -> 0.5 | AQ20: =IF($E$4=E20,0.5,IF($E$4>E20,1,0)) -> 0.5 | AR20: =IF($F$4=F20,0.5,IF($F$4>F20,1,0)) -> 0.5 | AS20: =IF($G$4=G20,0.5,IF($G$4>G20,1,0)) -> 0.5 | AT20: =SUM(AM20:AS20) -> 3.5 | AU20: =IF(AT20=3.5,0.5,IF(AT20>3.5,1,0)) -> 0.5 | AW20: =IF($A$5=A20,0.5,IF($A$5>A20,1,0)) -> 0.5 | AX20: =IF($B$5=B20,0.5,IF($B$5>B20,1,0)) -> 0.5 | AY20: =IF($C$5=C20,0.5,IF($C$5>C20,1,0)) -> 0.5 | AZ20: =IF($D$5=D20,0.5,IF($D$5>D20,1,0)) -> 0.5 | BA20: =IF($E$5=E20,0.5,IF($E$5>E20,1,0)) -> 0.5 | BB20: =IF($F$5=F20,0.5,IF($F$5>F20,1,0)) -> 0.5 | BC20: =IF($G$5=G20,0.5,IF($G$5>G20,1,0)) -> 0.5 | BD20: =SUM(AW20:BC20) -> 3.5 | BE20: =IF(BD20=3.5,0.5,IF(BD20>3.5,1,0)) -> 0.5 | BG20: =IF($A$6=A20,0.5,IF($A$6>A20,1,0)) -> 0.5 | BH20: =IF($B$6=B20,0.5,IF($B$6>B20,1,0)) -> 0.5 | BI20: =IF($C$6=C20,0.5,IF($C$6>C20,1,0)) -> 0.5 | BJ20: =IF($D$6=D20,0.5,IF($D$6>D20,1,0)) -> 0.5 | BK20: =IF($E$6=E20,0.5,IF($E$6>E20,1,0)) -> 0.5 | BL20: =IF($F$6=F20,0.5,IF($F$6>F20,1,0)) -> 0.5 | BM20: =IF($G$6=G20,0.5,IF($G$6>G20,1,0)) -> 0.5 | BN20: =SUM(BG20:BM20) -> 3.5 | BO20: =IF(BN20=3.5,0.5,IF(BN20>3.5,1,0)) -> 0.5 | BQ20: =IF($A$7=A20,0.5,IF($A$7>A20,1,0)) -> 0.5 | BR20: =IF($B$7=B20,0.5,IF($B$7>B20,1,0)) -> 0.5 | BS20: =IF($C$7=C20,0.5,IF($C$7>C20,1,0)) -> 0.5 | BT20: =IF($D$7=D20,0.5,IF($D$7>D20,1,0)) -> 0.5 | BU20: =IF($E$7=E20,0.5,IF($E$7>E20,1,0)) -> 0.5 | BV20: =IF($F$7=F20,0.5,IF($F$7>F20,1,0)) -> 0.5 | BW20: =IF($G$7=G20,0.5,IF($G$7>G20,1,0)) -> 0.5 | BX20: =SUM(BQ20:BW20) -> 3.5 | BY20: =IF(BX20=3.5,0.5,IF(BX20>3.5,1,0)) -> 0.5 | CA20: =IF($A$8=A20,0.5,IF($A$8>A20,1,0)) -> 0.5 | CB20: =IF($B$8=B20,0.5,IF($B$8>B20,1,0)) -> 0.5 | CC20: =IF($C$8=C20,0.5,IF($C$8>C20,1,0)) -> 0.5 | CD20: =IF($D$8=D20,0.5,IF($D$8>D20,1,0)) -> 0.5 | CE20: =IF($E$8=E20,0.5,IF($E$8>E20,1,0)) -> 0.5 | CF20: =IF($F$8=F20,0.5,IF($F$8>F20,1,0)) -> 0.5 | CG20: =IF($G$8=G20,0.5,IF($G$8>G20,1,0)) -> 0.5 | CH20: =SUM(CA20:CG20) -> 3.5 | CI20: =IF(CH20=3.5,0.5,IF(CH20>3.5,1,0)) -> 0.5 | CK20: =IF($A$9=A20,0.5,IF($A$9>A20,1,0)) -> 0.5 | CL20: =IF($B$9=B20,0.5,IF($B$9>B20,1,0)) -> 0.5 | CM20: =IF($C$9=C20,0.5,IF($C$9>C20,1,0)) -> 0.5 | CN20: =IF($D$9=D20,0.5,IF($D$9>D20,1,0)) -> 0.5 | CO20: =IF($E$9=E20,0.5,IF($E$9>E20,1,0)) -> 0.5 | CP20: =IF($F$9=F20,0.5,IF($F$9>F20,1,0)) -> 0.5 | CQ20: =IF($G$9=G20,0.5,IF($G$9>G20,1,0)) -> 0.5 | CR20: =SUM(CK20:CQ20) -> 3.5 | CS20: =IF(CR20=3.5,0.5,IF(CR20>3.5,1,0)) -> 0.5 | CU20: =IF($A$10=A20,0.5,IF($A$10>A20,1,0)) -> 0.5 | CV20: =IF($B$10=B20,0.5,IF($B$10>B20,1,0)) -> 0.5 | CW20: =IF($C$10=C20,0.5,IF($C$10>C20,1,0)) -> 0.5 | CX20: =IF($D$10=D20,0.5,IF($D$10>D20,1,0)) -> 0.5 | CY20: =IF($E$10=E20,0.5,IF($E$10>E20,1,0)) -> 0.5 | CZ20: =IF($F$10=F20,0.5,IF($F$10>F20,1,0)) -> 0.5 | DA20: =IF($G$10=G20,0.5,IF($G$10>G20,1,0)) -> 0.5 | DB20: =SUM(CU20:DA20) -> 3.5 | DC20: =IF(DB20=3.5,0.5,IF(DB20>3.5,1,0)) -> 0.5 | DE20: =IF($A$11=A20,0.5,IF($A$11>A20,1,0)) -> 0.5 | DF20: =IF($B$11=B20,0.5,IF($B$11>B20,1,0)) -> 0.5 | DG20: =IF($C$11=C20,0.5,IF($C$11>C20,1,0)) -> 0.5 | DH20: =IF($D$11=D20,0.5,IF($D$11>D20,1,0)) -> 0.5 | DI20: =IF($E$11=E20,0.5,IF($E11>$E$20,1,0)) -> 0.5 | DJ20: =IF($F$11=F20,0.5,IF($F$11>F20,1,0)) -> 0.5 | DK20: =IF($G$11=G20,0.5,IF($G$11>G20,1,0)) -> 0.5 | DL20: =SUM(DE20:DK20) -> 3.5 | DM20: =IF(DL20=3.5,0.5,IF(DL20>3.5,1,0)) -> 0.5 | DO20: =IF($A$12=A20,0.5,IF($A$12>A20,1,0)) -> 0.5 | DP20: =IF($B$12=B20,0.5,IF($B$12>B20,1,0)) -> 0.5 | DQ20: =IF($C$12=C20,0.5,IF($C$12>C20,1,0)) -> 0.5 | DR20: =IF($D$12=D20,0.5,IF($D$12>D20,1,0)) -> 0.5 | DS20: =IF($E$12=E20,0.5,IF($E$12>E20,1,0)) -> 0.5 | DT20: =IF($F$12=F20,0.5,IF($F$12>F20,1,0)) -> 0.5 | DU20: =IF($G$12=G20,0.5,IF($G$12>G20,1,0)) -> 0.5 | DV20: =SUM(DO20:DU20) -> 3.5 | DW20: =IF(DV20=3.5,0.5,IF(DV20>3.5,1,0)) -> 0.5 | DY20: =IF($A$13=A20,0.5,IF($A$13>A20,1,0)) -> 0.5 | DZ20: =IF($B$13=B20,0.5,IF($B$13>B20,1,0)) -> 0.5 | EA20: =IF($C$13=C20,0.5,IF($C$13>C20,1,0)) -> 0.5 | EB20: =IF($D$13=D20,0.5,IF($D$13>D20,1,0)) -> 0.5 | EC20: =IF($E$13=E20,0.5,IF($E$13>E20,1,0)) -> 0.5 | ED20: =IF($F$13=F20,0.5,IF($F$13>F20,1,0)) -> 0.5 | EE20: =IF($G$13=G20,0.5,IF($G$13>G20,1,0)) -> 0.5 | EF20: =SUM(DY20:EE20) -> 3.5 | EG20: =IF(EF20=3.5,0.5,IF(EF20>3.5,1,0)) -> 0.5 | EI20: =IF($A$14=A20,0.5,IF($A$14>A20,1,0)) -> 0.5 | EJ20: =IF($B$14=B20,0.5,IF($B$14>B20,1,0)) -> 0.5 | EK20: =IF($C$14=C20,0.5,IF($C$14>C20,1,0)) -> 0.5 | EL20: =IF($D$14=D20,0.5,IF($D$14>D20,1,0)) -> 0.5 | EM20: =IF($E$14=E20,0.5,IF($E$14>E20,1,0)) -> 0.5 | EN20: =IF($F$14=F20,0.5,IF($F$14>F20,1,0)) -> 0.5 | EO20: =IF($G$14=G20,0.5,IF($G$14>G20,1,0)) -> 0.5 | EP20: =SUM(EI20:EO20) -> 3.5 | EQ20: =IF(EP20=3.5,0.5,IF(EP20>3.5,1,0)) -> 0.5 | ES20: =IF($A$15=A20,0.5,IF($A$15>A20,1,0)) -> 0.5 | ET20: =IF($B$15=B20,0.5,IF($B$15>B20,1,0)) -> 0.5 | EU20: =IF($C$15=C20,0.5,IF($C$15>C20,1,0)) -> 0.5 | EV20: =IF($D$15=D20,0.5,IF($D$15>D20,1,0)) -> 0.5 | EW20: =IF($E$15=E20,0.5,IF($E$15>E20,1,0)) -> 0.5 | EX20: =IF($F$15=F20,0.5,IF($F$15>F20,1,0)) -> 0.5 | EY20: =IF($G$15=G20,0.5,IF($G$15>G20,1,0)) -> 0.5 | EZ20: =SUM(ES20:EY20) -> 3.5 | FA20: =IF(EZ20=3.5,0.5,IF(EZ20>3.5,1,0)) -> 0.5 | FC20: =IF($A$16=A20,0.5,IF($A$16>A20,1,0)) -> 0.5 | FD20: =IF($B$16=B20,0.5,IF($B$16>B20,1,0)) -> 0.5 | FE20: =IF($C$16=C20,0.5,IF($C$16>C20,1,0)) -> 0.5 | FF20: =IF($D$16=D20,0.5,IF($D$16>D20,1,0)) -> 0.5 | FG20: =IF($E$16=E20,0.5,IF($E$16>E20,1,0)) -> 0.5 | FH20: =IF($F$16=F20,0.5,IF($F$16>F20,1,0)) -> 0.5 | FI20: =IF($G$16=G20,0.5,IF($G$16>G20,1,0)) -> 0.5 | FJ20: =SUM(FC20:FI20) -> 3.5 | FK20: =IF(FJ20=3.5,0.5,IF(FJ20>3.5,1,0)) -> 0.5 | FM20: =IF($A$17=A20,0.5,IF($A$17>A20,1,0)) -> 0.5 | FN20: =IF($B$17=B20,0.5,IF($B$17>B20,1,0)) -> 0.5 | FO20: =IF($C$17=C20,0.5,IF($C$17>C20,1,0)) -> 0.5 | FP20: =IF($D$17=D20,0.5,IF($D$17>D20,1,0)) -> 0.5 | FQ20: =IF($E$17=E20,0.5,IF($E$17>E20,1,0)) -> 0.5 | FR20: =IF($F$17=F20,0.5,IF($F$17>F20,1,0)) -> 0.5 | FS20: =IF($G$17=G20,0.5,IF($G$17>G20,1,0)) -> 0.5 | FT20: =SUM(FM20:FS20) -> 3.5 | FU20: =IF(FT20=3.5,0.5,IF(FT20>3.5,1,0)) -> 0.5 | FW20: =IF($A$18=A20,0.5,IF($A$18>A20,1,0)) -> 0.5 | FX20: =IF($B$18=B20,0.5,IF($B$18>B20,1,0)) -> 0.5 | FY20: =IF($C$18=C20,0.5,IF($C$18>C20,1,0)) -> 0.5 | FZ20: =IF($D$18=D20,0.5,IF($D$18>D20,1,0)) -> 0.5 | GA20: =IF($E$18=E20,0.5,IF($E$18>E20,1,0)) -> 0.5 | GB20: =IF($F$18=F20,0.5,IF($F$18>F20,1,0)) -> 0.5 | GC20: =IF($G$18=G20,0.5,IF($G$18>G20,1,0)) -> 0.5 | GD20: =SUM(FW20:GC20) -> 3.5 | GE20: =IF(GD20=3.5,0.5,IF(GD20>3.5,1,0)) -> 0.5 | GG20: =IF(A19=A20,0.5,IF(A19>A20,1,0)) -> 0.5 | GH20: =IF($B$19=B20,0.5,IF($B$19>B20,1,0)) -> 0.5 | GI20: =IF($C$19=C20,0.5,IF($C$19>C20,1,0)) -> 0.5 | GJ20: =IF($D$19=D20,0.5,IF($D$19>D20,1,0)) -> 0.5 | GK20: =IF($E$19=E20,0.5,IF($E$19>E20,1,0)) -> 0.5 | GL20: =IF($F$19=F20,0.5,IF($F$19>F20,1,0)) -> 0.5 | GM20: =IF($G$19=G20,0.5,IF($G$19>G20,1,0)) -> 0.5 | GN20: =SUM(GG20:GM20) -> 3.5 | GO20: =IF(GN20=3.5,0.5,IF(GN20>3.5,1,0)) -> 0.5
A21: =KeyIn!N26 -> 0 | B21: =KeyIn!T26 -> 0 | C21: =KeyIn!Z26 -> 0 | D21: 0 | E21: 0 | F21: 0 | G21: 0 | I21: =IF($A$1=A21,0.5,IF($A$1>A21,1,0)) -> 0.5 | J21: =IF($B$1=B21,0.5,IF($B$1>B21,1,0)) -> 0.5 | K21: =IF($C$1=C21,0.5,IF($C$1>C21,1,0)) -> 0.5 | L21: =IF($D$1=D21,0.5,IF($D$1>D21,1,0)) -> 0.5 | M21: =IF($E$1=E21,0.5,IF($E$1>E21,1,0)) -> 0.5 | N21: =IF($F$1=F21,0.5,IF($F$1>F21,1,0)) -> 0.5 | O21: =IF($G$1=G21,0.5,IF($G$1>G21,1,0)) -> 0.5 | P21: =SUM(I21:O21) -> 3.5 | Q21: =IF(P21=3.5,0.5,IF(P21>3.5,1,0)) -> 0.5 | S21: =IF($A$2=A21,0.5,IF($A$2>A21,1,0)) -> 0.5 | T21: =IF($B$2=B21,0.5,IF($B$2>B21,1,0)) -> 0.5 | U21: =IF($C$2=C21,0.5,IF($C$2>C21,1,0)) -> 0.5 | V21: =IF($D$2=D21,0.5,IF($D$2>D21,1,0)) -> 0.5 | W21: =IF($E$2=E21,0.5,IF($E$2>E21,1,0)) -> 0.5 | X21: =IF($F$2=F21,0.5,IF($F$2>F21,1,0)) -> 0.5 | Y21: =IF($G$2=G21,0.5,IF($G$2>G21,1,0)) -> 0.5 | Z21: =SUM(S21:Y21) -> 3.5 | AA21: =IF(Z21=3.5,0.5,IF(Z21>3.5,1,0)) -> 0.5 | AC21: =IF($A$3=A21,0.5,IF($A$3>A21,1,0)) -> 0.5 | AD21: =IF($B$3=B21,0.5,IF($B$3>B21,1,0)) -> 0.5 | AE21: =IF($C$3=C21,0.5,IF($C$3>C21,1,0)) -> 0.5 | AF21: =IF($D$3=D21,0.5,IF($D$3>D21,1,0)) -> 0.5 | AG21: =IF($E$3=E21,0.5,IF($E$3>E21,1,0)) -> 0.5 | AH21: =IF($F$3=F21,0.5,IF($F$3>F21,1,0)) -> 0.5 | AI21: =IF($G$3=G21,0.5,IF($G$3>G21,1,0)) -> 0.5 | AJ21: =SUM(AC21:AI21) -> 3.5 | AK21: =IF(AJ21=3.5,0.5,IF(AJ21>3.5,1,0)) -> 0.5 | AM21: =IF($A$4=A21,0.5,IF($A$4>A21,1,0)) -> 0.5 | AN21: =IF($B$4=B21,0.5,IF($B$4>B21,1,0)) -> 0.5 | AO21: =IF($C$4=C21,0.5,IF($C$4>C21,1,0)) -> 0.5 | AP21: =IF($D$4=D21,0.5,IF($D$4>D21,1,0)) -> 0.5 | AQ21: =IF($E$4=E21,0.5,IF($E$4>E21,1,0)) -> 0.5 | AR21: =IF($F$4=F21,0.5,IF($F$4>F21,1,0)) -> 0.5 | AS21: =IF($G$4=G21,0.5,IF($G$4>G21,1,0)) -> 0.5 | AT21: =SUM(AM21:AS21) -> 3.5 | AU21: =IF(AT21=3.5,0.5,IF(AT21>3.5,1,0)) -> 0.5 | AW21: =IF($A$5=A21,0.5,IF($A$5>A21,1,0)) -> 0.5 | AX21: =IF($B$5=B21,0.5,IF($B$5>B21,1,0)) -> 0.5 | AY21: =IF($C$5=C21,0.5,IF($C$5>C21,1,0)) -> 0.5 | AZ21: =IF($D$5=D21,0.5,IF($D$5>D21,1,0)) -> 0.5 | BA21: =IF($E$5=E21,0.5,IF($E$5>E21,1,0)) -> 0.5 | BB21: =IF($F$5=F21,0.5,IF($F$5>F21,1,0)) -> 0.5 | BC21: =IF($G$5=G21,0.5,IF($G$5>G21,1,0)) -> 0.5 | BD21: =SUM(AW21:BC21) -> 3.5 | BE21: =IF(BD21=3.5,0.5,IF(BD21>3.5,1,0)) -> 0.5 | BG21: =IF($A$6=A21,0.5,IF($A$6>A21,1,0)) -> 0.5 | BH21: =IF($B$6=B21,0.5,IF($B$6>B21,1,0)) -> 0.5 | BI21: =IF($C$6=C21,0.5,IF($C$6>C21,1,0)) -> 0.5 | BJ21: =IF($D$6=D21,0.5,IF($D$6>D21,1,0)) -> 0.5 | BK21: =IF($E$6=E21,0.5,IF($E$6>E21,1,0)) -> 0.5 | BL21: =IF($F$6=F21,0.5,IF($F$6>F21,1,0)) -> 0.5 | BM21: =IF($G$6=G21,0.5,IF($G$6>G21,1,0)) -> 0.5 | BN21: =SUM(BG21:BM21) -> 3.5 | BO21: =IF(BN21=3.5,0.5,IF(BN21>3.5,1,0)) -> 0.5 | BQ21: =IF($A$7=A21,0.5,IF($A$7>A21,1,0)) -> 0.5 | BR21: =IF($B$7=B21,0.5,IF($B$7>B21,1,0)) -> 0.5 | BS21: =IF($C$7=C21,0.5,IF($C$7>C21,1,0)) -> 0.5 | BT21: =IF($D$7=D21,0.5,IF($D$7>D21,1,0)) -> 0.5 | BU21: =IF($E$7=E21,0.5,IF($E$7>E21,1,0)) -> 0.5 | BV21: =IF($F$7=F21,0.5,IF($F$7>F21,1,0)) -> 0.5 | BW21: =IF($G$7=G21,0.5,IF($G$7>G21,1,0)) -> 0.5 | BX21: =SUM(BQ21:BW21) -> 3.5 | BY21: =IF(BX21=3.5,0.5,IF(BX21>3.5,1,0)) -> 0.5 | CA21: =IF($A$8=A21,0.5,IF($A$8>A21,1,0)) -> 0.5 | CB21: =IF($B$8=B21,0.5,IF($B$8>B21,1,0)) -> 0.5 | CC21: =IF($C$8=C21,0.5,IF($C$8>C21,1,0)) -> 0.5 | CD21: =IF($D$8=D21,0.5,IF($D$8>D21,1,0)) -> 0.5 | CE21: =IF($E$8=E21,0.5,IF($E$8>E21,1,0)) -> 0.5 | CF21: =IF($F$8=F21,0.5,IF($F$8>F21,1,0)) -> 0.5 | CG21: =IF($G$8=G21,0.5,IF($G$8>G21,1,0)) -> 0.5 | CH21: =SUM(CA21:CG21) -> 3.5 | CI21: =IF(CH21=3.5,0.5,IF(CH21>3.5,1,0)) -> 0.5 | CK21: =IF($A$9=A21,0.5,IF($A$9>A21,1,0)) -> 0.5 | CL21: =IF($B$9=B21,0.5,IF($B$9>B21,1,0)) -> 0.5 | CM21: =IF($C$9=C21,0.5,IF($C$9>C21,1,0)) -> 0.5 | CN21: =IF($D$9=D21,0.5,IF($D$9>D21,1,0)) -> 0.5 | CO21: =IF($E$9=E21,0.5,IF($E$9>E21,1,0)) -> 0.5 | CP21: =IF($F$9=F21,0.5,IF($F$9>F21,1,0)) -> 0.5 | CQ21: =IF($G$9=G21,0.5,IF($G$9>G21,1,0)) -> 0.5 | CR21: =SUM(CK21:CQ21) -> 3.5 | CS21: =IF(CR21=3.5,0.5,IF(CR21>3.5,1,0)) -> 0.5 | CU21: =IF($A$10=A21,0.5,IF($A$10>A21,1,0)) -> 0.5 | CV21: =IF($B$10=B21,0.5,IF($B$10>B21,1,0)) -> 0.5 | CW21: =IF($C$10=C21,0.5,IF($C$10>C21,1,0)) -> 0.5 | CX21: =IF($D$10=D21,0.5,IF($D$10>D21,1,0)) -> 0.5 | CY21: =IF($E$10=E21,0.5,IF($E$10>E21,1,0)) -> 0.5 | CZ21: =IF($F$10=F21,0.5,IF($F$10>F21,1,0)) -> 0.5 | DA21: =IF($G$10=G21,0.5,IF($G$10>G21,1,0)) -> 0.5 | DB21: =SUM(CU21:DA21) -> 3.5 | DC21: =IF(DB21=3.5,0.5,IF(DB21>3.5,1,0)) -> 0.5 | DE21: =IF($A$11=A21,0.5,IF($A$11>A21,1,0)) -> 0.5 | DF21: =IF($B$11=B21,0.5,IF($B$11>B21,1,0)) -> 0.5 | DG21: =IF($C$11=C21,0.5,IF($C$11>C21,1,0)) -> 0.5 | DH21: =IF($D$11=D21,0.5,IF($D$11>D21,1,0)) -> 0.5 | DI21: =IF($E$11=E21,0.5,IF($E12>$E$20,1,0)) -> 0.5 | DJ21: =IF($F$11=F21,0.5,IF($F$11>F21,1,0)) -> 0.5 | DK21: =IF($G$11=G21,0.5,IF($G$11>G21,1,0)) -> 0.5 | DL21: =SUM(DE21:DK21) -> 3.5 | DM21: =IF(DL21=3.5,0.5,IF(DL21>3.5,1,0)) -> 0.5 | DO21: =IF($A$12=A21,0.5,IF($A$12>A21,1,0)) -> 0.5 | DP21: =IF($B$12=B21,0.5,IF($B$12>B21,1,0)) -> 0.5 | DQ21: =IF($C$12=C21,0.5,IF($C$12>C21,1,0)) -> 0.5 | DR21: =IF($D$12=D21,0.5,IF($D$12>D21,1,0)) -> 0.5 | DS21: =IF($E$12=E21,0.5,IF($E$12>E21,1,0)) -> 0.5 | DT21: =IF($F$12=F21,0.5,IF($F$12>F21,1,0)) -> 0.5 | DU21: =IF($G$12=G21,0.5,IF($G$12>G21,1,0)) -> 0.5 | DV21: =SUM(DO21:DU21) -> 3.5 | DW21: =IF(DV21=3.5,0.5,IF(DV21>3.5,1,0)) -> 0.5 | DY21: =IF($A$13=A21,0.5,IF($A$13>A21,1,0)) -> 0.5 | DZ21: =IF($B$13=B21,0.5,IF($B$13>B21,1,0)) -> 0.5 | EA21: =IF($C$13=C21,0.5,IF($C$13>C21,1,0)) -> 0.5 | EB21: =IF($D$13=D21,0.5,IF($D$13>D21,1,0)) -> 0.5 | EC21: =IF($E$13=E21,0.5,IF($E$13>E21,1,0)) -> 0.5 | ED21: =IF($F$13=F21,0.5,IF($F$13>F21,1,0)) -> 0.5 | EE21: =IF($G$13=G21,0.5,IF($G$13>G21,1,0)) -> 0.5 | EF21: =SUM(DY21:EE21) -> 3.5 | EG21: =IF(EF21=3.5,0.5,IF(EF21>3.5,1,0)) -> 0.5 | EI21: =IF($A$14=A21,0.5,IF($A$14>A21,1,0)) -> 0.5 | EJ21: =IF($B$14=B21,0.5,IF($B$14>B21,1,0)) -> 0.5 | EK21: =IF($C$14=C21,0.5,IF($C$14>C21,1,0)) -> 0.5 | EL21: =IF($D$14=D21,0.5,IF($D$14>D21,1,0)) -> 0.5 | EM21: =IF($E$14=E21,0.5,IF($E$14>E21,1,0)) -> 0.5 | EN21: =IF($F$14=F21,0.5,IF($F$14>F21,1,0)) -> 0.5 | EO21: =IF($G$14=G21,0.5,IF($G$14>G21,1,0)) -> 0.5 | EP21: =SUM(EI21:EO21) -> 3.5 | EQ21: =IF(EP21=3.5,0.5,IF(EP21>3.5,1,0)) -> 0.5 | ES21: =IF($A$15=A21,0.5,IF($A$15>A21,1,0)) -> 0.5 | ET21: =IF($B$15=B21,0.5,IF($B$15>B21,1,0)) -> 0.5 | EU21: =IF($C$15=C21,0.5,IF($C$15>C21,1,0)) -> 0.5 | EV21: =IF($D$15=D21,0.5,IF($D$15>D21,1,0)) -> 0.5 | EW21: =IF($E$15=E21,0.5,IF($E$15>E21,1,0)) -> 0.5 | EX21: =IF($F$15=F21,0.5,IF($F$15>F21,1,0)) -> 0.5 | EY21: =IF($G$15=G21,0.5,IF($G$15>G21,1,0)) -> 0.5 | EZ21: =SUM(ES21:EY21) -> 3.5 | FA21: =IF(EZ21=3.5,0.5,IF(EZ21>3.5,1,0)) -> 0.5 | FC21: =IF($A$16=A21,0.5,IF($A$16>A21,1,0)) -> 0.5 | FD21: =IF($B$16=B21,0.5,IF($B$16>B21,1,0)) -> 0.5 | FE21: =IF($C$16=C21,0.5,IF($C$16>C21,1,0)) -> 0.5 | FF21: =IF($D$16=D21,0.5,IF($D$16>D21,1,0)) -> 0.5 | FG21: =IF($E$16=E21,0.5,IF($E$16>E21,1,0)) -> 0.5 | FH21: =IF($F$16=F21,0.5,IF($F$16>F21,1,0)) -> 0.5 | FI21: =IF($G$16=G21,0.5,IF($G$16>G21,1,0)) -> 0.5 | FJ21: =SUM(FC21:FI21) -> 3.5 | FK21: =IF(FJ21=3.5,0.5,IF(FJ21>3.5,1,0)) -> 0.5 | FM21: =IF($A$17=A21,0.5,IF($A$17>A21,1,0)) -> 0.5 | FN21: =IF($B$17=B21,0.5,IF($B$17>B21,1,0)) -> 0.5 | FO21: =IF($C$17=C21,0.5,IF($C$17>C21,1,0)) -> 0.5 | FP21: =IF($D$17=D21,0.5,IF($D$17>D21,1,0)) -> 0.5 | FQ21: =IF($E$17=E21,0.5,IF($E$17>E21,1,0)) -> 0.5 | FR21: =IF($F$17=F21,0.5,IF($F$17>F21,1,0)) -> 0.5 | FS21: =IF($G$17=G21,0.5,IF($G$17>G21,1,0)) -> 0.5 | FT21: =SUM(FM21:FS21) -> 3.5 | FU21: =IF(FT21=3.5,0.5,IF(FT21>3.5,1,0)) -> 0.5 | FW21: =IF($A$18=A21,0.5,IF($A$18>A21,1,0)) -> 0.5 | FX21: =IF($B$18=B21,0.5,IF($B$18>B21,1,0)) -> 0.5 | FY21: =IF($C$18=C21,0.5,IF($C$18>C21,1,0)) -> 0.5 | FZ21: =IF($D$18=D21,0.5,IF($D$18>D21,1,0)) -> 0.5 | GA21: =IF($E$18=E21,0.5,IF($E$18>E21,1,0)) -> 0.5 | GB21: =IF($F$18=F21,0.5,IF($F$18>F21,1,0)) -> 0.5 | GC21: =IF($G$18=G21,0.5,IF($G$18>G21,1,0)) -> 0.5 | GD21: =SUM(FW21:GC21) -> 3.5 | GE21: =IF(GD21=3.5,0.5,IF(GD21>3.5,1,0)) -> 0.5 | GG21: =IF($A$19=A21,0.5,IF($A$19>A21,1,0)) -> 0.5 | GH21: =IF($B$19=B21,0.5,IF($B$19>B21,1,0)) -> 0.5 | GI21: =IF($C$19=C21,0.5,IF($C$19>C21,1,0)) -> 0.5 | GJ21: =IF($D$19=D21,0.5,IF($D$19>D21,1,0)) -> 0.5 | GK21: =IF($E$19=E21,0.5,IF($E$19>E21,1,0)) -> 0.5 | GL21: =IF($F$19=F21,0.5,IF($F$19>F21,1,0)) -> 0.5 | GM21: =IF($G$19=G21,0.5,IF($G$19>G21,1,0)) -> 0.5 | GN21: =SUM(GG21:GM21) -> 3.5 | GO21: =IF(GN21=3.5,0.5,IF(GN21>3.5,1,0)) -> 0.5 | GQ21: =IF($A$20=A21,0.5,IF($A$20>A21,1,0)) -> 0.5 | GR21: =IF($B$20=B21,0.5,IF($B$20>B21,1,0)) -> 0.5 | GS21: =IF($C$20=C21,0.5,IF($C$20>C21,1,0)) -> 0.5 | GT21: =IF($D$20=D21,0.5,IF($D$20>D21,1,0)) -> 0.5 | GU21: =IF($E$20=E21,0.5,IF($E$20>E21,1,0)) -> 0.5 | GV21: =IF($F$20=F21,0.5,IF($F$20>F21,1,0)) -> 0.5 | GW21: =IF($G$20=G21,0.5,IF($G$20>G21,1,0)) -> 0.5 | GX21: =SUM(GQ21:GW21) -> 3.5 | GY21: =IF(GX21=3.5,0.5,IF(GX21>3.5,1,0)) -> 0.5
A22: =KeyIn!N27 -> 0 | B22: =KeyIn!T27 -> 0 | C22: =KeyIn!Z27 -> 0 | D22: 0 | E22: 0 | F22: 0 | G22: 0 | I22: =IF($A$1=A22,0.5,IF($A$1>A22,1,0)) -> 0.5 | J22: =IF($B$1=B22,0.5,IF($B$1>B22,1,0)) -> 0.5 | K22: =IF($C$1=C22,0.5,IF($C$1>C22,1,0)) -> 0.5 | L22: =IF($D$1=D22,0.5,IF($D$1>D22,1,0)) -> 0.5 | M22: =IF($E$1=E22,0.5,IF($E$1>E22,1,0)) -> 0.5 | N22: =IF($F$1=F22,0.5,IF($F$1>F22,1,0)) -> 0.5 | O22: =IF($G$1=G22,0.5,IF($G$1>G22,1,0)) -> 0.5 | P22: =SUM(I22:O22) -> 3.5 | Q22: =IF(P22=3.5,0.5,IF(P22>3.5,1,0)) -> 0.5 | S22: =IF($A$2=A22,0.5,IF($A$2>A22,1,0)) -> 0.5 | T22: =IF($B$2=B22,0.5,IF($B$2>B22,1,0)) -> 0.5 | U22: =IF($C$2=C22,0.5,IF($C$2>C22,1,0)) -> 0.5 | V22: =IF($D$2=D22,0.5,IF($D$2>D22,1,0)) -> 0.5 | W22: =IF($E$2=E22,0.5,IF($E$2>E22,1,0)) -> 0.5 | X22: =IF($F$2=F22,0.5,IF($F$2>F22,1,0)) -> 0.5 | Y22: =IF($G$2=G22,0.5,IF($G$2>G22,1,0)) -> 0.5 | Z22: =SUM(S22:Y22) -> 3.5 | AA22: =IF(Z22=3.5,0.5,IF(Z22>3.5,1,0)) -> 0.5 | AC22: =IF($A$3=A22,0.5,IF($A$3>A22,1,0)) -> 0.5 | AD22: =IF($B$3=B22,0.5,IF($B$3>B22,1,0)) -> 0.5 | AE22: =IF($C$3=C22,0.5,IF($C$3>C22,1,0)) -> 0.5 | AF22: =IF($D$3=D22,0.5,IF($D$3>D22,1,0)) -> 0.5 | AG22: =IF($E$3=E22,0.5,IF($E$3>E22,1,0)) -> 0.5 | AH22: =IF($F$3=F22,0.5,IF($F$3>F22,1,0)) -> 0.5 | AI22: =IF($G$3=G22,0.5,IF($G$3>G22,1,0)) -> 0.5 | AJ22: =SUM(AC22:AI22) -> 3.5 | AK22: =IF(AJ22=3.5,0.5,IF(AJ22>3.5,1,0)) -> 0.5 | AM22: =IF($A$4=A22,0.5,IF($A$4>A22,1,0)) -> 0.5 | AN22: =IF($B$4=B22,0.5,IF($B$4>B22,1,0)) -> 0.5 | AO22: =IF($C$4=C22,0.5,IF($C$4>C22,1,0)) -> 0.5 | AP22: =IF($D$4=D22,0.5,IF($D$4>D22,1,0)) -> 0.5 | AQ22: =IF($E$4=E22,0.5,IF($E$4>E22,1,0)) -> 0.5 | AR22: =IF($F$4=F22,0.5,IF($F$4>F22,1,0)) -> 0.5 | AS22: =IF($G$4=G22,0.5,IF($G$4>G22,1,0)) -> 0.5 | AT22: =SUM(AM22:AS22) -> 3.5 | AU22: =IF(AT22=3.5,0.5,IF(AT22>3.5,1,0)) -> 0.5 | AW22: =IF($A$5=A22,0.5,IF($A$5>A22,1,0)) -> 0.5 | AX22: =IF($B$5=B22,0.5,IF($B$5>B22,1,0)) -> 0.5 | AY22: =IF($C$5=C22,0.5,IF($C$5>C22,1,0)) -> 0.5 | AZ22: =IF($D$5=D22,0.5,IF($D$5>D22,1,0)) -> 0.5 | BA22: =IF($E$5=E22,0.5,IF($E$5>E22,1,0)) -> 0.5 | BB22: =IF($F$5=F22,0.5,IF($F$5>F22,1,0)) -> 0.5 | BC22: =IF($G$5=G22,0.5,IF($G$5>G22,1,0)) -> 0.5 | BD22: =SUM(AW22:BC22) -> 3.5 | BE22: =IF(BD22=3.5,0.5,IF(BD22>3.5,1,0)) -> 0.5 | BG22: =IF($A$6=A22,0.5,IF($A$6>A22,1,0)) -> 0.5 | BH22: =IF($B$6=B22,0.5,IF($B$6>B22,1,0)) -> 0.5 | BI22: =IF($C$6=C22,0.5,IF($C$6>C22,1,0)) -> 0.5 | BJ22: =IF($D$6=D22,0.5,IF($D$6>D22,1,0)) -> 0.5 | BK22: =IF($E$6=E22,0.5,IF($E$6>E22,1,0)) -> 0.5 | BL22: =IF($F$6=F22,0.5,IF($F$6>F22,1,0)) -> 0.5 | BM22: =IF($G$6=G22,0.5,IF($G$6>G22,1,0)) -> 0.5 | BN22: =SUM(BG22:BM22) -> 3.5 | BO22: =IF(BN22=3.5,0.5,IF(BN22>3.5,1,0)) -> 0.5 | BQ22: =IF($A$7=A22,0.5,IF($A$7>A22,1,0)) -> 0.5 | BR22: =IF($B$7=B22,0.5,IF($B$7>B22,1,0)) -> 0.5 | BS22: =IF($C$7=C22,0.5,IF($C$7>C22,1,0)) -> 0.5 | BT22: =IF($D$7=D22,0.5,IF($D$7>D22,1,0)) -> 0.5 | BU22: =IF($E$7=E22,0.5,IF($E$7>E22,1,0)) -> 0.5 | BV22: =IF($F$7=F22,0.5,IF($F$7>F22,1,0)) -> 0.5 | BW22: =IF($G$7=G22,0.5,IF($G$7>G22,1,0)) -> 0.5 | BX22: =SUM(BQ22:BW22) -> 3.5 | BY22: =IF(BX22=3.5,0.5,IF(BX22>3.5,1,0)) -> 0.5 | CA22: =IF($A$8=A22,0.5,IF($A$8>A22,1,0)) -> 0.5 | CB22: =IF($B$8=B22,0.5,IF($B$8>B22,1,0)) -> 0.5 | CC22: =IF($C$8=C22,0.5,IF($C$8>C22,1,0)) -> 0.5 | CD22: =IF($D$8=D22,0.5,IF($D$8>D22,1,0)) -> 0.5 | CE22: =IF($E$8=E22,0.5,IF($E$8>E22,1,0)) -> 0.5 | CF22: =IF($F$8=F22,0.5,IF($F$8>F22,1,0)) -> 0.5 | CG22: =IF($G$8=G22,0.5,IF($G$8>G22,1,0)) -> 0.5 | CH22: =SUM(CA22:CG22) -> 3.5 | CI22: =IF(CH22=3.5,0.5,IF(CH22>3.5,1,0)) -> 0.5 | CK22: =IF($A$9=A22,0.5,IF($A$9>A22,1,0)) -> 0.5 | CL22: =IF($B$9=B22,0.5,IF($B$9>B22,1,0)) -> 0.5 | CM22: =IF($C$9=C22,0.5,IF($C$9>C22,1,0)) -> 0.5 | CN22: =IF($D$9=D22,0.5,IF($D$9>D22,1,0)) -> 0.5 | CO22: =IF($E$9=E22,0.5,IF($E$9>E22,1,0)) -> 0.5 | CP22: =IF($F$9=F22,0.5,IF($F$9>F22,1,0)) -> 0.5 | CQ22: =IF($G$9=G22,0.5,IF($G$9>G22,1,0)) -> 0.5 | CR22: =SUM(CK22:CQ22) -> 3.5 | CS22: =IF(CR22=3.5,0.5,IF(CR22>3.5,1,0)) -> 0.5 | CU22: =IF($A$10=A22,0.5,IF($A$10>A22,1,0)) -> 0.5 | CV22: =IF($B$10=B22,0.5,IF($B$10>B22,1,0)) -> 0.5 | CW22: =IF($C$10=C22,0.5,IF($C$10>C22,1,0)) -> 0.5 | CX22: =IF($D$10=D22,0.5,IF($D$10>D22,1,0)) -> 0.5 | CY22: =IF($E$10=E22,0.5,IF($E$10>E22,1,0)) -> 0.5 | CZ22: =IF($F$10=F22,0.5,IF($F$10>F22,1,0)) -> 0.5 | DA22: =IF($G$10=G22,0.5,IF($G$10>G22,1,0)) -> 0.5 | DB22: =SUM(CU22:DA22) -> 3.5 | DC22: =IF(DB22=3.5,0.5,IF(DB22>3.5,1,0)) -> 0.5 | DE22: =IF($A$11=A22,0.5,IF($A$11>A22,1,0)) -> 0.5 | DF22: =IF($B$11=B22,0.5,IF($B$11>B22,1,0)) -> 0.5 | DG22: =IF($C$11=C22,0.5,IF($C$11>C22,1,0)) -> 0.5 | DH22: =IF($D$11=D22,0.5,IF($D$11>D22,1,0)) -> 0.5 | DI22: =IF($E$11=E22,0.5,IF($E13>$E$20,1,0)) -> 0.5 | DJ22: =IF($F$11=F22,0.5,IF($F$11>F22,1,0)) -> 0.5 | DK22: =IF($G$11=G22,0.5,IF($G$11>G22,1,0)) -> 0.5 | DL22: =SUM(DE22:DK22) -> 3.5 | DM22: =IF(DL22=3.5,0.5,IF(DL22>3.5,1,0)) -> 0.5 | DO22: =IF($A$12=A22,0.5,IF($A$12>A22,1,0)) -> 0.5 | DP22: =IF($B$12=B22,0.5,IF($B$12>B22,1,0)) -> 0.5 | DQ22: =IF($C$12=C22,0.5,IF($C$12>C22,1,0)) -> 0.5 | DR22: =IF($D$12=D22,0.5,IF($D$12>D22,1,0)) -> 0.5 | DS22: =IF($E$12=E22,0.5,IF($E$12>E22,1,0)) -> 0.5 | DT22: =IF($F$12=F22,0.5,IF($F$12>F22,1,0)) -> 0.5 | DU22: =IF($G$12=G22,0.5,IF($G$12>G22,1,0)) -> 0.5 | DV22: =SUM(DO22:DU22) -> 3.5 | DW22: =IF(DV22=3.5,0.5,IF(DV22>3.5,1,0)) -> 0.5 | DY22: =IF($A$13=A22,0.5,IF($A$13>A22,1,0)) -> 0.5 | DZ22: =IF($B$13=B22,0.5,IF($B$13>B22,1,0)) -> 0.5 | EA22: =IF($C$13=C22,0.5,IF($C$13>C22,1,0)) -> 0.5 | EB22: =IF($D$13=D22,0.5,IF($D$13>D22,1,0)) -> 0.5 | EC22: =IF($E$13=E22,0.5,IF($E$13>E22,1,0)) -> 0.5 | ED22: =IF($F$13=F22,0.5,IF($F$13>F22,1,0)) -> 0.5 | EE22: =IF($G$13=G22,0.5,IF($G$13>G22,1,0)) -> 0.5 | EF22: =SUM(DY22:EE22) -> 3.5 | EG22: =IF(EF22=3.5,0.5,IF(EF22>3.5,1,0)) -> 0.5 | EI22: =IF($A$14=A22,0.5,IF($A$14>A22,1,0)) -> 0.5 | EJ22: =IF($B$14=B22,0.5,IF($B$14>B22,1,0)) -> 0.5 | EK22: =IF($C$14=C22,0.5,IF($C$14>C22,1,0)) -> 0.5 | EL22: =IF($D$14=D22,0.5,IF($D$14>D22,1,0)) -> 0.5 | EM22: =IF($E$14=E22,0.5,IF($E$14>E22,1,0)) -> 0.5 | EN22: =IF($F$14=F22,0.5,IF($F$14>F22,1,0)) -> 0.5 | EO22: =IF($G$14=G22,0.5,IF($G$14>G22,1,0)) -> 0.5 | EP22: =SUM(EI22:EO22) -> 3.5 | EQ22: =IF(EP22=3.5,0.5,IF(EP22>3.5,1,0)) -> 0.5 | ES22: =IF($A$15=A22,0.5,IF($A$15>A22,1,0)) -> 0.5 | ET22: =IF($B$15=B22,0.5,IF($B$15>B22,1,0)) -> 0.5 | EU22: =IF($C$15=C22,0.5,IF($C$15>C22,1,0)) -> 0.5 | EV22: =IF($D$15=D22,0.5,IF($D$15>D22,1,0)) -> 0.5 | EW22: =IF($E$15=E22,0.5,IF($E$15>E22,1,0)) -> 0.5 | EX22: =IF($F$15=F22,0.5,IF($F$15>F22,1,0)) -> 0.5 | EY22: =IF($G$15=G22,0.5,IF($G$15>G22,1,0)) -> 0.5 | EZ22: =SUM(ES22:EY22) -> 3.5 | FA22: =IF(EZ22=3.5,0.5,IF(EZ22>3.5,1,0)) -> 0.5 | FC22: =IF($A$16=A22,0.5,IF($A$16>A22,1,0)) -> 0.5 | FD22: =IF($B$16=B22,0.5,IF($B$16>B22,1,0)) -> 0.5 | FE22: =IF($C$16=C22,0.5,IF($C$16>C22,1,0)) -> 0.5 | FF22: =IF($D$16=D22,0.5,IF($D$16>D22,1,0)) -> 0.5 | FG22: =IF($E$16=E22,0.5,IF($E$16>E22,1,0)) -> 0.5 | FH22: =IF($F$16=F22,0.5,IF($F$16>F22,1,0)) -> 0.5 | FI22: =IF($G$16=G22,0.5,IF($G$16>G22,1,0)) -> 0.5 | FJ22: =SUM(FC22:FI22) -> 3.5 | FK22: =IF(FJ22=3.5,0.5,IF(FJ22>3.5,1,0)) -> 0.5 | FM22: =IF($A$17=A22,0.5,IF($A$17>A22,1,0)) -> 0.5 | FN22: =IF($B$17=B22,0.5,IF($B$17>B22,1,0)) -> 0.5 | FO22: =IF($C$17=C22,0.5,IF($C$17>C22,1,0)) -> 0.5 | FP22: =IF($D$17=D22,0.5,IF($D$17>D22,1,0)) -> 0.5 | FQ22: =IF($E$17=E22,0.5,IF($E$17>E22,1,0)) -> 0.5 | FR22: =IF($F$17=F22,0.5,IF($F$17>F22,1,0)) -> 0.5 | FS22: =IF($G$17=G22,0.5,IF($G$17>G22,1,0)) -> 0.5 | FT22: =SUM(FM22:FS22) -> 3.5 | FU22: =IF(FT22=3.5,0.5,IF(FT22>3.5,1,0)) -> 0.5 | FW22: =IF($A$18=A22,0.5,IF($A$18>A22,1,0)) -> 0.5 | FX22: =IF($B$18=B22,0.5,IF($B$18>B22,1,0)) -> 0.5 | FY22: =IF($C$18=C22,0.5,IF($C$18>C22,1,0)) -> 0.5 | FZ22: =IF($D$18=D22,0.5,IF($D$18>D22,1,0)) -> 0.5 | GA22: =IF($E$18=E22,0.5,IF($E$18>E22,1,0)) -> 0.5 | GB22: =IF($F$18=F22,0.5,IF($F$18>F22,1,0)) -> 0.5 | GC22: =IF($G$18=G22,0.5,IF($G$18>G22,1,0)) -> 0.5 | GD22: =SUM(FW22:GC22) -> 3.5 | GE22: =IF(GD22=3.5,0.5,IF(GD22>3.5,1,0)) -> 0.5 | GG22: =IF($A$19=A22,0.5,IF($A$19>A22,1,0)) -> 0.5 | GH22: =IF($B$19=B22,0.5,IF($B$19>B22,1,0)) -> 0.5 | GI22: =IF($C$19=C22,0.5,IF($C$19>C22,1,0)) -> 0.5 | GJ22: =IF($D$19=D22,0.5,IF($D$19>D22,1,0)) -> 0.5 | GK22: =IF($E$19=E22,0.5,IF($E$19>E22,1,0)) -> 0.5 | GL22: =IF($F$19=F22,0.5,IF($F$19>F22,1,0)) -> 0.5 | GM22: =IF($G$19=G22,0.5,IF($G$19>G22,1,0)) -> 0.5 | GN22: =SUM(GG22:GM22) -> 3.5 | GO22: =IF(GN22=3.5,0.5,IF(GN22>3.5,1,0)) -> 0.5 | GQ22: =IF($A$20=A22,0.5,IF($A$20>A22,1,0)) -> 0.5 | GR22: =IF($B$20=B22,0.5,IF($B$20>B22,1,0)) -> 0.5 | GS22: =IF($C$20=C22,0.5,IF($C$20>C22,1,0)) -> 0.5 | GT22: =IF($D$20=D22,0.5,IF($D$20>D22,1,0)) -> 0.5 | GU22: =IF($E$20=E22,0.5,IF($E$20>E22,1,0)) -> 0.5 | GV22: =IF($F$20=F22,0.5,IF($F$20>F22,1,0)) -> 0.5 | GW22: =IF($G$20=G22,0.5,IF($G$20>G22,1,0)) -> 0.5 | GX22: =SUM(GQ22:GW22) -> 3.5 | GY22: =IF(GX22=3.5,0.5,IF(GX22>3.5,1,0)) -> 0.5 | HA22: =IF($A$21=A22,0.5,IF($A$21>A22,1,0)) -> 0.5 | HB22: =IF($B$21=B22,0.5,IF($B$21>B22,1,0)) -> 0.5 | HC22: =IF($C$21=C22,0.5,IF($C$21>C22,1,0)) -> 0.5 | HD22: =IF($D$21=D22,0.5,IF($D$21>D22,1,0)) -> 0.5 | HE22: =IF($E$21=E22,0.5,IF($E$21>E22,1,0)) -> 0.5 | HF22: =IF($F$21=F22,0.5,IF($F$21>F22,1,0)) -> 0.5 | HG22: =IF($G$21=G22,0.5,IF($G$21>G22,1,0)) -> 0.5 | HH22: =SUM(HA22:HG22) -> 3.5 | HI22: =IF(HH22=3.5,0.5,IF(HH22>3.5,1,0)) -> 0.5
A23: =KeyIn!N28 -> 0 | B23: =KeyIn!T28 -> 0 | C23: =KeyIn!Z28 -> 0 | D23: 0 | E23: 0 | F23: 0 | G23: 0 | I23: =IF($A$1=A23,0.5,IF($A$1>A23,1,0)) -> 0.5 | J23: =IF($B$1=B23,0.5,IF($B$1>B23,1,0)) -> 0.5 | K23: =IF($C$1=C23,0.5,IF($C$1>C23,1,0)) -> 0.5 | L23: =IF($D$1=D23,0.5,IF($D$1>D23,1,0)) -> 0.5 | M23: =IF($E$1=E23,0.5,IF($E$1>E23,1,0)) -> 0.5 | N23: =IF($F$1=F23,0.5,IF($F$1>F23,1,0)) -> 0.5 | O23: =IF($G$1=G23,0.5,IF($G$1>G23,1,0)) -> 0.5 | P23: =SUM(I23:O23) -> 3.5 | Q23: =IF(P23=3.5,0.5,IF(P23>3.5,1,0)) -> 0.5 | S23: =IF($A$2=A23,0.5,IF($A$2>A23,1,0)) -> 0.5 | T23: =IF($B$2=B23,0.5,IF($B$2>B23,1,0)) -> 0.5 | U23: =IF($C$2=C23,0.5,IF($C$2>C23,1,0)) -> 0.5 | V23: =IF($D$2=D23,0.5,IF($D$2>D23,1,0)) -> 0.5 | W23: =IF($E$2=E23,0.5,IF($E$2>E23,1,0)) -> 0.5 | X23: =IF($F$2=F23,0.5,IF($F$2>F23,1,0)) -> 0.5 | Y23: =IF($G$2=G23,0.5,IF($G$2>G23,1,0)) -> 0.5 | Z23: =SUM(S23:Y23) -> 3.5 | AA23: =IF(Z23=3.5,0.5,IF(Z23>3.5,1,0)) -> 0.5 | AC23: =IF($A$3=A23,0.5,IF($A$3>A23,1,0)) -> 0.5 | AD23: =IF($B$3=B23,0.5,IF($B$3>B23,1,0)) -> 0.5 | AE23: =IF($C$3=C23,0.5,IF($C$3>C23,1,0)) -> 0.5 | AF23: =IF($D$3=D23,0.5,IF($D$3>D23,1,0)) -> 0.5 | AG23: =IF($E$3=E23,0.5,IF($E$3>E23,1,0)) -> 0.5 | AH23: =IF($F$3=F23,0.5,IF($F$3>F23,1,0)) -> 0.5 | AI23: =IF($G$3=G23,0.5,IF($G$3>G23,1,0)) -> 0.5 | AJ23: =SUM(AC23:AI23) -> 3.5 | AK23: =IF(AJ23=3.5,0.5,IF(AJ23>3.5,1,0)) -> 0.5 | AM23: =IF($A$4=A23,0.5,IF($A$4>A23,1,0)) -> 0.5 | AN23: =IF($B$4=B23,0.5,IF($B$4>B23,1,0)) -> 0.5 | AO23: =IF($C$4=C23,0.5,IF($C$4>C23,1,0)) -> 0.5 | AP23: =IF($D$4=D23,0.5,IF($D$4>D23,1,0)) -> 0.5 | AQ23: =IF($E$4=E23,0.5,IF($E$4>E23,1,0)) -> 0.5 | AR23: =IF($F$4=F23,0.5,IF($F$4>F23,1,0)) -> 0.5 | AS23: =IF($G$4=G23,0.5,IF($G$4>G23,1,0)) -> 0.5 | AT23: =SUM(AM23:AS23) -> 3.5 | AU23: =IF(AT23=3.5,0.5,IF(AT23>3.5,1,0)) -> 0.5 | AW23: =IF($A$5=A23,0.5,IF($A$5>A23,1,0)) -> 0.5 | AX23: =IF($B$5=B23,0.5,IF($B$5>B23,1,0)) -> 0.5 | AY23: =IF($C$5=C23,0.5,IF($C$5>C23,1,0)) -> 0.5 | AZ23: =IF($D$5=D23,0.5,IF($D$5>D23,1,0)) -> 0.5 | BA23: =IF($E$5=E23,0.5,IF($E$5>E23,1,0)) -> 0.5 | BB23: =IF($F$5=F23,0.5,IF($F$5>F23,1,0)) -> 0.5 | BC23: =IF($G$5=G23,0.5,IF($G$5>G23,1,0)) -> 0.5 | BD23: =SUM(AW23:BC23) -> 3.5 | BE23: =IF(BD23=3.5,0.5,IF(BD23>3.5,1,0)) -> 0.5 | BG23: =IF($A$6=A23,0.5,IF($A$6>A23,1,0)) -> 0.5 | BH23: =IF($B$6=B23,0.5,IF($B$6>B23,1,0)) -> 0.5 | BI23: =IF($C$6=C23,0.5,IF($C$6>C23,1,0)) -> 0.5 | BJ23: =IF($D$6=D23,0.5,IF($D$6>D23,1,0)) -> 0.5 | BK23: =IF($E$6=E23,0.5,IF($E$6>E23,1,0)) -> 0.5 | BL23: =IF($F$6=F23,0.5,IF($F$6>F23,1,0)) -> 0.5 | BM23: =IF($G$6=G23,0.5,IF($G$6>G23,1,0)) -> 0.5 | BN23: =SUM(BG23:BM23) -> 3.5 | BO23: =IF(BN23=3.5,0.5,IF(BN23>3.5,1,0)) -> 0.5 | BQ23: =IF($A$7=A23,0.5,IF($A$7>A23,1,0)) -> 0.5 | BR23: =IF($B$7=B23,0.5,IF($B$7>B23,1,0)) -> 0.5 | BS23: =IF($C$7=C23,0.5,IF($C$7>C23,1,0)) -> 0.5 | BT23: =IF($D$7=D23,0.5,IF($D$7>D23,1,0)) -> 0.5 | BU23: =IF($E$7=E23,0.5,IF($E$7>E23,1,0)) -> 0.5 | BV23: =IF($F$7=F23,0.5,IF($F$7>F23,1,0)) -> 0.5 | BW23: =IF($G$7=G23,0.5,IF($G$7>G23,1,0)) -> 0.5 | BX23: =SUM(BQ23:BW23) -> 3.5 | BY23: =IF(BX23=3.5,0.5,IF(BX23>3.5,1,0)) -> 0.5 | CA23: =IF($A$8=A23,0.5,IF($A$8>A23,1,0)) -> 0.5 | CB23: =IF($B$8=B23,0.5,IF($B$8>B23,1,0)) -> 0.5 | CC23: =IF($C$8=C23,0.5,IF($C$8>C23,1,0)) -> 0.5 | CD23: =IF($D$8=D23,0.5,IF($D$8>D23,1,0)) -> 0.5 | CE23: =IF($E$8=E23,0.5,IF($E$8>E23,1,0)) -> 0.5 | CF23: =IF($F$8=F23,0.5,IF($F$8>F23,1,0)) -> 0.5 | CG23: =IF($G$8=G23,0.5,IF($G$8>G23,1,0)) -> 0.5 | CH23: =SUM(CA23:CG23) -> 3.5 | CI23: =IF(CH23=3.5,0.5,IF(CH23>3.5,1,0)) -> 0.5 | CK23: =IF($A$9=A23,0.5,IF($A$9>A23,1,0)) -> 0.5 | CL23: =IF($B$9=B23,0.5,IF($B$9>B23,1,0)) -> 0.5 | CM23: =IF($C$9=C23,0.5,IF($C$9>C23,1,0)) -> 0.5 | CN23: =IF($D$9=D23,0.5,IF($D$9>D23,1,0)) -> 0.5 | CO23: =IF($E$9=E23,0.5,IF($E$9>E23,1,0)) -> 0.5 | CP23: =IF($F$9=F23,0.5,IF($F$9>F23,1,0)) -> 0.5 | CQ23: =IF($G$9=G23,0.5,IF($G$9>G23,1,0)) -> 0.5 | CR23: =SUM(CK23:CQ23) -> 3.5 | CS23: =IF(CR23=3.5,0.5,IF(CR23>3.5,1,0)) -> 0.5 | CU23: =IF($A$10=A23,0.5,IF($A$10>A23,1,0)) -> 0.5 | CV23: =IF($B$10=B23,0.5,IF($B$10>B23,1,0)) -> 0.5 | CW23: =IF($C$10=C23,0.5,IF($C$10>C23,1,0)) -> 0.5 | CX23: =IF($D$10=D23,0.5,IF($D$10>D23,1,0)) -> 0.5 | CY23: =IF($E$10=E23,0.5,IF($E$10>E23,1,0)) -> 0.5 | CZ23: =IF($F$10=F23,0.5,IF($F$10>F23,1,0)) -> 0.5 | DA23: =IF($G$10=G23,0.5,IF($G$10>G23,1,0)) -> 0.5 | DB23: =SUM(CU23:DA23) -> 3.5 | DC23: =IF(DB23=3.5,0.5,IF(DB23>3.5,1,0)) -> 0.5 | DE23: =IF($A$11=A23,0.5,IF($A$11>A23,1,0)) -> 0.5 | DF23: =IF($B$11=B23,0.5,IF($B$11>B23,1,0)) -> 0.5 | DG23: =IF($C$11=C23,0.5,IF($C$11>C23,1,0)) -> 0.5 | DH23: =IF($D$11=D23,0.5,IF($D$11>D23,1,0)) -> 0.5 | DI23: =IF($E$11=E23,0.5,IF($E14>$E$20,1,0)) -> 0.5 | DJ23: =IF($F$11=F23,0.5,IF($F$11>F23,1,0)) -> 0.5 | DK23: =IF($G$11=G23,0.5,IF($G$11>G23,1,0)) -> 0.5 | DL23: =SUM(DE23:DK23) -> 3.5 | DM23: =IF(DL23=3.5,0.5,IF(DL23>3.5,1,0)) -> 0.5 | DO23: =IF($A$12=A23,0.5,IF($A$12>A23,1,0)) -> 0.5 | DP23: =IF($B$12=B23,0.5,IF($B$12>B23,1,0)) -> 0.5 | DQ23: =IF($C$12=C23,0.5,IF($C$12>C23,1,0)) -> 0.5 | DR23: =IF($D$12=D23,0.5,IF($D$12>D23,1,0)) -> 0.5 | DS23: =IF($E$12=E23,0.5,IF($E$12>E23,1,0)) -> 0.5 | DT23: =IF($F$12=F23,0.5,IF($F$12>F23,1,0)) -> 0.5 | DU23: =IF($G$12=G23,0.5,IF($G$12>G23,1,0)) -> 0.5 | DV23: =SUM(DO23:DU23) -> 3.5 | DW23: =IF(DV23=3.5,0.5,IF(DV23>3.5,1,0)) -> 0.5 | DY23: =IF($A$13=A23,0.5,IF($A$13>A23,1,0)) -> 0.5 | DZ23: =IF($B$13=B23,0.5,IF($B$13>B23,1,0)) -> 0.5 | EA23: =IF($C$13=C23,0.5,IF($C$13>C23,1,0)) -> 0.5 | EB23: =IF($D$13=D23,0.5,IF($D$13>D23,1,0)) -> 0.5 | EC23: =IF($E$13=E23,0.5,IF($E$13>E23,1,0)) -> 0.5 | ED23: =IF($F$13=F23,0.5,IF($F$13>F23,1,0)) -> 0.5 | EE23: =IF($G$13=G23,0.5,IF($G$13>G23,1,0)) -> 0.5 | EF23: =SUM(DY23:EE23) -> 3.5 | EG23: =IF(EF23=3.5,0.5,IF(EF23>3.5,1,0)) -> 0.5 | EI23: =IF($A$14=A23,0.5,IF($A$14>A23,1,0)) -> 0.5 | EJ23: =IF($B$14=B23,0.5,IF($B$14>B23,1,0)) -> 0.5 | EK23: =IF($C$14=C23,0.5,IF($C$14>C23,1,0)) -> 0.5 | EL23: =IF($D$14=D23,0.5,IF($D$14>D23,1,0)) -> 0.5 | EM23: =IF($E$14=E23,0.5,IF($E$14>E23,1,0)) -> 0.5 | EN23: =IF($F$14=F23,0.5,IF($F$14>F23,1,0)) -> 0.5 | EO23: =IF($G$14=G23,0.5,IF($G$14>G23,1,0)) -> 0.5 | EP23: =SUM(EI23:EO23) -> 3.5 | EQ23: =IF(EP23=3.5,0.5,IF(EP23>3.5,1,0)) -> 0.5 | ES23: =IF($A$15=A23,0.5,IF($A$15>A23,1,0)) -> 0.5 | ET23: =IF($B$15=B23,0.5,IF($B$15>B23,1,0)) -> 0.5 | EU23: =IF($C$15=C23,0.5,IF($C$15>C23,1,0)) -> 0.5 | EV23: =IF($D$15=D23,0.5,IF($D$15>D23,1,0)) -> 0.5 | EW23: =IF($E$15=E23,0.5,IF($E$15>E23,1,0)) -> 0.5 | EX23: =IF($F$15=F23,0.5,IF($F$15>F23,1,0)) -> 0.5 | EY23: =IF($G$15=G23,0.5,IF($G$15>G23,1,0)) -> 0.5 | EZ23: =SUM(ES23:EY23) -> 3.5 | FA23: =IF(EZ23=3.5,0.5,IF(EZ23>3.5,1,0)) -> 0.5 | FC23: =IF($A$16=A23,0.5,IF($A$16>A23,1,0)) -> 0.5 | FD23: =IF($B$16=B23,0.5,IF($B$16>B23,1,0)) -> 0.5 | FE23: =IF($C$16=C23,0.5,IF($C$16>C23,1,0)) -> 0.5 | FF23: =IF($D$16=D23,0.5,IF($D$16>D23,1,0)) -> 0.5 | FG23: =IF($E$16=E23,0.5,IF($E$16>E23,1,0)) -> 0.5 | FH23: =IF($F$16=F23,0.5,IF($F$16>F23,1,0)) -> 0.5 | FI23: =IF($G$16=G23,0.5,IF($G$16>G23,1,0)) -> 0.5 | FJ23: =SUM(FC23:FI23) -> 3.5 | FK23: =IF(FJ23=3.5,0.5,IF(FJ23>3.5,1,0)) -> 0.5 | FM23: =IF($A$17=A23,0.5,IF($A$17>A23,1,0)) -> 0.5 | FN23: =IF($B$17=B23,0.5,IF($B$17>B23,1,0)) -> 0.5 | FO23: =IF($C$17=C23,0.5,IF($C$17>C23,1,0)) -> 0.5 | FP23: =IF($D$17=D23,0.5,IF($D$17>D23,1,0)) -> 0.5 | FQ23: =IF($E$17=E23,0.5,IF($E$17>E23,1,0)) -> 0.5 | FR23: =IF($F$17=F23,0.5,IF($F$17>F23,1,0)) -> 0.5 | FS23: =IF($G$17=G23,0.5,IF($G$17>G23,1,0)) -> 0.5 | FT23: =SUM(FM23:FS23) -> 3.5 | FU23: =IF(FT23=3.5,0.5,IF(FT23>3.5,1,0)) -> 0.5 | FW23: =IF($A$18=A23,0.5,IF($A$18>A23,1,0)) -> 0.5 | FX23: =IF($B$18=B23,0.5,IF($B$18>B23,1,0)) -> 0.5 | FY23: =IF($C$18=C23,0.5,IF($C$18>C23,1,0)) -> 0.5 | FZ23: =IF($D$18=D23,0.5,IF($D$18>D23,1,0)) -> 0.5 | GA23: =IF($E$18=E23,0.5,IF($E$18>E23,1,0)) -> 0.5 | GB23: =IF($F$18=F23,0.5,IF($F$18>F23,1,0)) -> 0.5 | GC23: =IF($G$18=G23,0.5,IF($G$18>G23,1,0)) -> 0.5 | GD23: =SUM(FW23:GC23) -> 3.5 | GE23: =IF(GD23=3.5,0.5,IF(GD23>3.5,1,0)) -> 0.5 | GG23: =IF($A$19=A23,0.5,IF($A$19>A23,1,0)) -> 0.5 | GH23: =IF($B$19=B23,0.5,IF($B$19>B23,1,0)) -> 0.5 | GI23: =IF($C$19=C23,0.5,IF($C$19>C23,1,0)) -> 0.5 | GJ23: =IF($D$19=D23,0.5,IF($D$19>D23,1,0)) -> 0.5 | GK23: =IF($E$19=E23,0.5,IF($E$19>E23,1,0)) -> 0.5 | GL23: =IF($F$19=F23,0.5,IF($F$19>F23,1,0)) -> 0.5 | GM23: =IF($G$19=G23,0.5,IF($G$19>G23,1,0)) -> 0.5 | GN23: =SUM(GG23:GM23) -> 3.5 | GO23: =IF(GN23=3.5,0.5,IF(GN23>3.5,1,0)) -> 0.5 | GQ23: =IF($A$20=A23,0.5,IF($A$20>A23,1,0)) -> 0.5 | GR23: =IF($B$20=B23,0.5,IF($B$20>B23,1,0)) -> 0.5 | GS23: =IF($C$20=C23,0.5,IF($C$20>C23,1,0)) -> 0.5 | GT23: =IF($D$20=D23,0.5,IF($D$20>D23,1,0)) -> 0.5 | GU23: =IF($E$20=E23,0.5,IF($E$20>E23,1,0)) -> 0.5 | GV23: =IF($F$20=F23,0.5,IF($F$20>F23,1,0)) -> 0.5 | GW23: =IF($G$20=G23,0.5,IF($G$20>G23,1,0)) -> 0.5 | GX23: =SUM(GQ23:GW23) -> 3.5 | GY23: =IF(GX23=3.5,0.5,IF(GX23>3.5,1,0)) -> 0.5 | HA23: =IF($A$21=A23,0.5,IF($A$21>A23,1,0)) -> 0.5 | HB23: =IF($B$21=B23,0.5,IF($B$21>B23,1,0)) -> 0.5 | HC23: =IF($C$21=C23,0.5,IF($C$21>C23,1,0)) -> 0.5 | HD23: =IF($D$21=D23,0.5,IF($D$21>D23,1,0)) -> 0.5 | HE23: =IF($E$21=E23,0.5,IF($E$21>E23,1,0)) -> 0.5 | HF23: =IF($F$21=F23,0.5,IF($F$21>F23,1,0)) -> 0.5 | HG23: =IF($G$21=G23,0.5,IF($G$21>G23,1,0)) -> 0.5 | HH23: =SUM(HA23:HG23) -> 3.5 | HI23: =IF(HH23=3.5,0.5,IF(HH23>3.5,1,0)) -> 0.5 | HK23: =IF($A$22=A23,0.5,IF($A$22>A23,1,0)) -> 0.5 | HL23: =IF($B$22=B23,0.5,IF($B$22>B23,1,0)) -> 0.5 | HM23: =IF($C$22=C23,0.5,IF($C$22>C23,1,0)) -> 0.5 | HN23: =IF($D$22=D23,0.5,IF($D$22>D23,1,0)) -> 0.5 | HO23: =IF($E$22=E23,0.5,IF($E$22>E23,1,0)) -> 0.5 | HP23: =IF($F$22=F23,0.5,IF($F$22>F23,1,0)) -> 0.5 | HQ23: =IF($G$22=G23,0.5,IF($G$22>G23,1,0)) -> 0.5 | HR23: =SUM(HK23:HQ23) -> 3.5 | HS23: =IF(HR23=3.5,0.5,IF(HR23>3.5,1,0)) -> 0.5
A24: =KeyIn!N29 -> 0 | B24: =KeyIn!T29 -> 0 | C24: =KeyIn!Z29 -> 0 | D24: 0 | E24: 0 | F24: 0 | G24: 0 | I24: =IF($A$1=A24,0.5,IF($A$1>A24,1,0)) -> 0.5 | J24: =IF($B$1=B24,0.5,IF($B$1>B24,1,0)) -> 0.5 | K24: =IF($C$1=C24,0.5,IF($C$1>C24,1,0)) -> 0.5 | L24: =IF($D$1=D24,0.5,IF($D$1>D24,1,0)) -> 0.5 | M24: =IF($E$1=E24,0.5,IF($E$1>E24,1,0)) -> 0.5 | N24: =IF($F$1=F24,0.5,IF($F$1>F24,1,0)) -> 0.5 | O24: =IF($G$1=G24,0.5,IF($G$1>G24,1,0)) -> 0.5 | P24: =SUM(I24:O24) -> 3.5 | Q24: =IF(P24=3.5,0.5,IF(P24>3.5,1,0)) -> 0.5 | S24: =IF($A$2=A24,0.5,IF($A$2>A24,1,0)) -> 0.5 | T24: =IF($B$2=B24,0.5,IF($B$2>B24,1,0)) -> 0.5 | U24: =IF($C$2=C24,0.5,IF($C$2>C24,1,0)) -> 0.5 | V24: =IF($D$2=D24,0.5,IF($D$2>D24,1,0)) -> 0.5 | W24: =IF($E$2=E24,0.5,IF($E$2>E24,1,0)) -> 0.5 | X24: =IF($F$2=F24,0.5,IF($F$2>F24,1,0)) -> 0.5 | Y24: =IF($G$2=G24,0.5,IF($G$2>G24,1,0)) -> 0.5 | Z24: =SUM(S24:Y24) -> 3.5 | AA24: =IF(Z24=3.5,0.5,IF(Z24>3.5,1,0)) -> 0.5 | AC24: =IF($A$3=A24,0.5,IF($A$3>A24,1,0)) -> 0.5 | AD24: =IF($B$3=B24,0.5,IF($B$3>B24,1,0)) -> 0.5 | AE24: =IF($C$3=C24,0.5,IF($C$3>C24,1,0)) -> 0.5 | AF24: =IF($D$3=D24,0.5,IF($D$3>D24,1,0)) -> 0.5 | AG24: =IF($E$3=E24,0.5,IF($E$3>E24,1,0)) -> 0.5 | AH24: =IF($F$3=F24,0.5,IF($F$3>F24,1,0)) -> 0.5 | AI24: =IF($G$3=G24,0.5,IF($G$3>G24,1,0)) -> 0.5 | AJ24: =SUM(AC24:AI24) -> 3.5 | AK24: =IF(AJ24=3.5,0.5,IF(AJ24>3.5,1,0)) -> 0.5 | AM24: =IF($A$4=A24,0.5,IF($A$4>A24,1,0)) -> 0.5 | AN24: =IF($B$4=B24,0.5,IF($B$4>B24,1,0)) -> 0.5 | AO24: =IF($C$4=C24,0.5,IF($C$4>C24,1,0)) -> 0.5 | AP24: =IF($D$4=D24,0.5,IF($D$4>D24,1,0)) -> 0.5 | AQ24: =IF($E$4=E24,0.5,IF($E$4>E24,1,0)) -> 0.5 | AR24: =IF($F$4=F24,0.5,IF($F$4>F24,1,0)) -> 0.5 | AS24: =IF($G$4=G24,0.5,IF($G$4>G24,1,0)) -> 0.5 | AT24: =SUM(AM24:AS24) -> 3.5 | AU24: =IF(AT24=3.5,0.5,IF(AT24>3.5,1,0)) -> 0.5 | AW24: =IF($A$5=A24,0.5,IF($A$5>A24,1,0)) -> 0.5 | AX24: =IF($B$5=B24,0.5,IF($B$5>B24,1,0)) -> 0.5 | AY24: =IF($C$5=C24,0.5,IF($C$5>C24,1,0)) -> 0.5 | AZ24: =IF($D$5=D24,0.5,IF($D$5>D24,1,0)) -> 0.5 | BA24: =IF($E$5=E24,0.5,IF($E$5>E24,1,0)) -> 0.5 | BB24: =IF($F$5=F24,0.5,IF($F$5>F24,1,0)) -> 0.5 | BC24: =IF($G$5=G24,0.5,IF($G$5>G24,1,0)) -> 0.5 | BD24: =SUM(AW24:BC24) -> 3.5 | BE24: =IF(BD24=3.5,0.5,IF(BD24>3.5,1,0)) -> 0.5 | BG24: =IF($A$6=A24,0.5,IF($A$6>A24,1,0)) -> 0.5 | BH24: =IF($B$6=B24,0.5,IF($B$6>B24,1,0)) -> 0.5 | BI24: =IF($C$6=C24,0.5,IF($C$6>C24,1,0)) -> 0.5 | BJ24: =IF($D$6=D24,0.5,IF($D$6>D24,1,0)) -> 0.5 | BK24: =IF($E$6=E24,0.5,IF($E$6>E24,1,0)) -> 0.5 | BL24: =IF($F$6=F24,0.5,IF($F$6>F24,1,0)) -> 0.5 | BM24: =IF($G$6=G24,0.5,IF($G$6>G24,1,0)) -> 0.5 | BN24: =SUM(BG24:BM24) -> 3.5 | BO24: =IF(BN24=3.5,0.5,IF(BN24>3.5,1,0)) -> 0.5 | BQ24: =IF($A$7=A24,0.5,IF($A$7>A24,1,0)) -> 0.5 | BR24: =IF($B$7=B24,0.5,IF($B$7>B24,1,0)) -> 0.5 | BS24: =IF($C$7=C24,0.5,IF($C$7>C24,1,0)) -> 0.5 | BT24: =IF($D$7=D24,0.5,IF($D$7>D24,1,0)) -> 0.5 | BU24: =IF($E$7=E24,0.5,IF($E$7>E24,1,0)) -> 0.5 | BV24: =IF($F$7=F24,0.5,IF($F$7>F24,1,0)) -> 0.5 | BW24: =IF($G$7=G24,0.5,IF($G$7>G24,1,0)) -> 0.5 | BX24: =SUM(BQ24:BW24) -> 3.5 | BY24: =IF(BX24=3.5,0.5,IF(BX24>3.5,1,0)) -> 0.5 | CA24: =IF($A$8=A24,0.5,IF($A$8>A24,1,0)) -> 0.5 | CB24: =IF($B$8=B24,0.5,IF($B$8>B24,1,0)) -> 0.5 | CC24: =IF($C$8=C24,0.5,IF($C$8>C24,1,0)) -> 0.5 | CD24: =IF($D$8=D24,0.5,IF($D$8>D24,1,0)) -> 0.5 | CE24: =IF($E$8=E24,0.5,IF($E$8>E24,1,0)) -> 0.5 | CF24: =IF($F$8=F24,0.5,IF($F$8>F24,1,0)) -> 0.5 | CG24: =IF($G$8=G24,0.5,IF($G$8>G24,1,0)) -> 0.5 | CH24: =SUM(CA24:CG24) -> 3.5 | CI24: =IF(CH24=3.5,0.5,IF(CH24>3.5,1,0)) -> 0.5 | CK24: =IF($A$9=A24,0.5,IF($A$9>A24,1,0)) -> 0.5 | CL24: =IF($B$9=B24,0.5,IF($B$9>B24,1,0)) -> 0.5 | CM24: =IF($C$9=C24,0.5,IF($C$9>C24,1,0)) -> 0.5 | CN24: =IF($D$9=D24,0.5,IF($D$9>D24,1,0)) -> 0.5 | CO24: =IF($E$9=E24,0.5,IF($E$9>E24,1,0)) -> 0.5 | CP24: =IF($F$9=F24,0.5,IF($F$9>F24,1,0)) -> 0.5 | CQ24: =IF($G$9=G24,0.5,IF($G$9>G24,1,0)) -> 0.5 | CR24: =SUM(CK24:CQ24) -> 3.5 | CS24: =IF(CR24=3.5,0.5,IF(CR24>3.5,1,0)) -> 0.5 | CU24: =IF($A$10=A24,0.5,IF($A$10>A24,1,0)) -> 0.5 | CV24: =IF($B$10=B24,0.5,IF($B$10>B24,1,0)) -> 0.5 | CW24: =IF($C$10=C24,0.5,IF($C$10>C24,1,0)) -> 0.5 | CX24: =IF($D$10=D24,0.5,IF($D$10>D24,1,0)) -> 0.5 | CY24: =IF($E$10=E24,0.5,IF($E$10>E24,1,0)) -> 0.5 | CZ24: =IF($F$10=F24,0.5,IF($F$10>F24,1,0)) -> 0.5 | DA24: =IF($G$10=G24,0.5,IF($G$10>G24,1,0)) -> 0.5 | DB24: =SUM(CU24:DA24) -> 3.5 | DC24: =IF(DB24=3.5,0.5,IF(DB24>3.5,1,0)) -> 0.5 | DE24: =IF($A$11=A24,0.5,IF($A$11>A24,1,0)) -> 0.5 | DF24: =IF($B$11=B24,0.5,IF($B$11>B24,1,0)) -> 0.5 | DG24: =IF($C$11=C24,0.5,IF($C$11>C24,1,0)) -> 0.5 | DH24: =IF($D$11=D24,0.5,IF($D$11>D24,1,0)) -> 0.5 | DI24: =IF($E$11=E24,0.5,IF($E15>$E$20,1,0)) -> 0.5 | DJ24: =IF($F$11=F24,0.5,IF($F$11>F24,1,0)) -> 0.5 | DK24: =IF($G$11=G24,0.5,IF($G$11>G24,1,0)) -> 0.5 | DL24: =SUM(DE24:DK24) -> 3.5 | DM24: =IF(DL24=3.5,0.5,IF(DL24>3.5,1,0)) -> 0.5 | DO24: =IF($A$12=A24,0.5,IF($A$12>A24,1,0)) -> 0.5 | DP24: =IF($B$12=B24,0.5,IF($B$12>B24,1,0)) -> 0.5 | DQ24: =IF($C$12=C24,0.5,IF($C$12>C24,1,0)) -> 0.5 | DR24: =IF($D$12=D24,0.5,IF($D$12>D24,1,0)) -> 0.5 | DS24: =IF($E$12=E24,0.5,IF($E$12>E24,1,0)) -> 0.5 | DT24: =IF($F$12=F24,0.5,IF($F$12>F24,1,0)) -> 0.5 | DU24: =IF($G$12=G24,0.5,IF($G$12>G24,1,0)) -> 0.5 | DV24: =SUM(DO24:DU24) -> 3.5 | DW24: =IF(DV24=3.5,0.5,IF(DV24>3.5,1,0)) -> 0.5 | DY24: =IF($A$13=A24,0.5,IF($A$13>A24,1,0)) -> 0.5 | DZ24: =IF($B$13=B24,0.5,IF($B$13>B24,1,0)) -> 0.5 | EA24: =IF($C$13=C24,0.5,IF($C$13>C24,1,0)) -> 0.5 | EB24: =IF($D$13=D24,0.5,IF($D$13>D24,1,0)) -> 0.5 | EC24: =IF($E$13=E24,0.5,IF($E$13>E24,1,0)) -> 0.5 | ED24: =IF($F$13=F24,0.5,IF($F$13>F24,1,0)) -> 0.5 | EE24: =IF($G$13=G24,0.5,IF($G$13>G24,1,0)) -> 0.5 | EF24: =SUM(DY24:EE24) -> 3.5 | EG24: =IF(EF24=3.5,0.5,IF(EF24>3.5,1,0)) -> 0.5 | EI24: =IF($A$14=A24,0.5,IF($A$14>A24,1,0)) -> 0.5 | EJ24: =IF($B$14=B24,0.5,IF($B$14>B24,1,0)) -> 0.5 | EK24: =IF($C$14=C24,0.5,IF($C$14>C24,1,0)) -> 0.5 | EL24: =IF($D$14=D24,0.5,IF($D$14>D24,1,0)) -> 0.5 | EM24: =IF($E$14=E24,0.5,IF($E$14>E24,1,0)) -> 0.5 | EN24: =IF($F$14=F24,0.5,IF($F$14>F24,1,0)) -> 0.5 | EO24: =IF($G$14=G24,0.5,IF($G$14>G24,1,0)) -> 0.5 | EP24: =SUM(EI24:EO24) -> 3.5 | EQ24: =IF(EP24=3.5,0.5,IF(EP24>3.5,1,0)) -> 0.5 | ES24: =IF($A$15=A24,0.5,IF($A$15>A24,1,0)) -> 0.5 | ET24: =IF($B$15=B24,0.5,IF($B$15>B24,1,0)) -> 0.5 | EU24: =IF($C$15=C24,0.5,IF($C$15>C24,1,0)) -> 0.5 | EV24: =IF($D$15=D24,0.5,IF($D$15>D24,1,0)) -> 0.5 | EW24: =IF($E$15=E24,0.5,IF($E$15>E24,1,0)) -> 0.5 | EX24: =IF($F$15=F24,0.5,IF($F$15>F24,1,0)) -> 0.5 | EY24: =IF($G$15=G24,0.5,IF($G$15>G24,1,0)) -> 0.5 | EZ24: =SUM(ES24:EY24) -> 3.5 | FA24: =IF(EZ24=3.5,0.5,IF(EZ24>3.5,1,0)) -> 0.5 | FC24: =IF($A$16=A24,0.5,IF($A$16>A24,1,0)) -> 0.5 | FD24: =IF($B$16=B24,0.5,IF($B$16>B24,1,0)) -> 0.5 | FE24: =IF($C$16=C24,0.5,IF($C$16>C24,1,0)) -> 0.5 | FF24: =IF($D$16=D24,0.5,IF($D$16>D24,1,0)) -> 0.5 | FG24: =IF($E$16=E24,0.5,IF($E$16>E24,1,0)) -> 0.5 | FH24: =IF($F$16=F24,0.5,IF($F$16>F24,1,0)) -> 0.5 | FI24: =IF($G$16=G24,0.5,IF($G$16>G24,1,0)) -> 0.5 | FJ24: =SUM(FC24:FI24) -> 3.5 | FK24: =IF(FJ24=3.5,0.5,IF(FJ24>3.5,1,0)) -> 0.5 | FM24: =IF($A$17=A24,0.5,IF($A$17>A24,1,0)) -> 0.5 | FN24: =IF($B$17=B24,0.5,IF($B$17>B24,1,0)) -> 0.5 | FO24: =IF($C$17=C24,0.5,IF($C$17>C24,1,0)) -> 0.5 | FP24: =IF($D$17=D24,0.5,IF($D$17>D24,1,0)) -> 0.5 | FQ24: =IF($E$17=E24,0.5,IF($E$17>E24,1,0)) -> 0.5 | FR24: =IF($F$17=F24,0.5,IF($F$17>F24,1,0)) -> 0.5 | FS24: =IF($G$17=G24,0.5,IF($G$17>G24,1,0)) -> 0.5 | FT24: =SUM(FM24:FS24) -> 3.5 | FU24: =IF(FT24=3.5,0.5,IF(FT24>3.5,1,0)) -> 0.5 | FW24: =IF($A$18=A24,0.5,IF($A$18>A24,1,0)) -> 0.5 | FX24: =IF($B$18=B24,0.5,IF($B$18>B24,1,0)) -> 0.5 | FY24: =IF($C$18=C24,0.5,IF($C$18>C24,1,0)) -> 0.5 | FZ24: =IF($D$18=D24,0.5,IF($D$18>D24,1,0)) -> 0.5 | GA24: =IF($E$18=E24,0.5,IF($E$18>E24,1,0)) -> 0.5 | GB24: =IF($F$18=F24,0.5,IF($F$18>F24,1,0)) -> 0.5 | GC24: =IF($G$18=G24,0.5,IF($G$18>G24,1,0)) -> 0.5 | GD24: =SUM(FW24:GC24) -> 3.5 | GE24: =IF(GD24=3.5,0.5,IF(GD24>3.5,1,0)) -> 0.5 | GG24: =IF($A$19=A24,0.5,IF($A$19>A24,1,0)) -> 0.5 | GH24: =IF($B$19=B24,0.5,IF($B$19>B24,1,0)) -> 0.5 | GI24: =IF($C$19=C24,0.5,IF($C$19>C24,1,0)) -> 0.5 | GJ24: =IF($D$19=D24,0.5,IF($D$19>D24,1,0)) -> 0.5 | GK24: =IF($E$19=E24,0.5,IF($E$19>E24,1,0)) -> 0.5 | GL24: =IF($F$19=F24,0.5,IF($F$19>F24,1,0)) -> 0.5 | GM24: =IF($G$19=G24,0.5,IF($G$19>G24,1,0)) -> 0.5 | GN24: =SUM(GG24:GM24) -> 3.5 | GO24: =IF(GN24=3.5,0.5,IF(GN24>3.5,1,0)) -> 0.5 | GQ24: =IF($A$20=A24,0.5,IF($A$20>A24,1,0)) -> 0.5 | GR24: =IF($B$20=B24,0.5,IF($B$20>B24,1,0)) -> 0.5 | GS24: =IF($C$20=C24,0.5,IF($C$20>C24,1,0)) -> 0.5 | GT24: =IF($D$20=D24,0.5,IF($D$20>D24,1,0)) -> 0.5 | GU24: =IF($E$20=E24,0.5,IF($E$20>E24,1,0)) -> 0.5 | GV24: =IF($F$20=F24,0.5,IF($F$20>F24,1,0)) -> 0.5 | GW24: =IF($G$20=G24,0.5,IF($G$20>G24,1,0)) -> 0.5 | GX24: =SUM(GQ24:GW24) -> 3.5 | GY24: =IF(GX24=3.5,0.5,IF(GX24>3.5,1,0)) -> 0.5 | HA24: =IF($A$21=A24,0.5,IF($A$21>A24,1,0)) -> 0.5 | HB24: =IF($B$21=B24,0.5,IF($B$21>B24,1,0)) -> 0.5 | HC24: =IF($C$21=C24,0.5,IF($C$21>C24,1,0)) -> 0.5 | HD24: =IF($D$21=D24,0.5,IF($D$21>D24,1,0)) -> 0.5 | HE24: =IF($E$21=E24,0.5,IF($E$21>E24,1,0)) -> 0.5 | HF24: =IF($F$21=F24,0.5,IF($F$21>F24,1,0)) -> 0.5 | HG24: =IF($G$21=G24,0.5,IF($G$21>G24,1,0)) -> 0.5 | HH24: =SUM(HA24:HG24) -> 3.5 | HI24: =IF(HH24=3.5,0.5,IF(HH24>3.5,1,0)) -> 0.5 | HK24: =IF($A$22=A24,0.5,IF($A$22>A24,1,0)) -> 0.5 | HL24: =IF($B$22=B24,0.5,IF($B$22>B24,1,0)) -> 0.5 | HM24: =IF($C$22=C24,0.5,IF($C$22>C24,1,0)) -> 0.5 | HN24: =IF($D$22=D24,0.5,IF($D$22>D24,1,0)) -> 0.5 | HO24: =IF($E$22=E24,0.5,IF($E$22>E24,1,0)) -> 0.5 | HP24: =IF($F$22=F24,0.5,IF($F$22>F24,1,0)) -> 0.5 | HQ24: =IF($G$22=G24,0.5,IF($G$22>G24,1,0)) -> 0.5 | HR24: =SUM(HK24:HQ24) -> 3.5 | HS24: =IF(HR24=3.5,0.5,IF(HR24>3.5,1,0)) -> 0.5 | HU24: =IF($A$23=A24,0.5,IF($A$23>A24,1,0)) -> 0.5 | HV24: =IF($B$23=B24,0.5,IF($B$23>B24,1,0)) -> 0.5 | HW24: =IF($C$23=C24,0.5,IF($C$23>C24,1,0)) -> 0.5 | HX24: =IF($D$23=D24,0.5,IF($D$23>D24,1,0)) -> 0.5 | HY24: =IF($E$23=E24,0.5,IF($E$23>E24,1,0)) -> 0.5 | HZ24: =IF($F$23=F24,0.5,IF($F$23>F24,1,0)) -> 0.5 | IA24: =IF($G$23=G24,0.5,IF($G$23>G24,1,0)) -> 0.5 | IB24: =SUM(HU24:IA24) -> 3.5 | IC24: =IF(IB24=3.5,0.5,IF(IB24>3.5,1,0)) -> 0.5
A25: =KeyIn!N30 -> 0 | B25: =KeyIn!T30 -> 0 | C25: =KeyIn!Z30 -> 0 | D25: 0 | E25: 0 | F25: 0 | G25: 0 | I25: =IF($A$1=A25,0.5,IF($A$1>A25,1,0)) -> 0.5 | J25: =IF($B$1=B25,0.5,IF($B$1>B25,1,0)) -> 0.5 | K25: =IF($C$1=C25,0.5,IF($C$1>C25,1,0)) -> 0.5 | L25: =IF($D$1=D25,0.5,IF($D$1>D25,1,0)) -> 0.5 | M25: =IF($E$1=E25,0.5,IF($E$1>E25,1,0)) -> 0.5 | N25: =IF($F$1=F25,0.5,IF($F$1>F25,1,0)) -> 0.5 | O25: =IF($G$1=G25,0.5,IF($G$1>G25,1,0)) -> 0.5 | P25: =SUM(I25:O25) -> 3.5 | Q25: =IF(P25=3.5,0.5,IF(P25>3.5,1,0)) -> 0.5 | S25: =IF($A$2=A25,0.5,IF($A$2>A25,1,0)) -> 0.5 | T25: =IF($B$2=B25,0.5,IF($B$2>B25,1,0)) -> 0.5 | U25: =IF($C$2=C25,0.5,IF($C$2>C25,1,0)) -> 0.5 | V25: =IF($D$2=D25,0.5,IF($D$2>D25,1,0)) -> 0.5 | W25: =IF($E$2=E25,0.5,IF($E$2>E25,1,0)) -> 0.5 | X25: =IF($F$2=F25,0.5,IF($F$2>F25,1,0)) -> 0.5 | Y25: =IF($G$2=G25,0.5,IF($G$2>G25,1,0)) -> 0.5 | Z25: =SUM(S25:Y25) -> 3.5 | AA25: =IF(Z25=3.5,0.5,IF(Z25>3.5,1,0)) -> 0.5 | AC25: =IF($A$3=A25,0.5,IF($A$3>A25,1,0)) -> 0.5 | AD25: =IF($B$3=B25,0.5,IF($B$3>B25,1,0)) -> 0.5 | AE25: =IF($C$3=C25,0.5,IF($C$3>C25,1,0)) -> 0.5 | AF25: =IF($D$3=D25,0.5,IF($D$3>D25,1,0)) -> 0.5 | AG25: =IF($E$3=E25,0.5,IF($E$3>E25,1,0)) -> 0.5 | AH25: =IF($F$3=F25,0.5,IF($F$3>F25,1,0)) -> 0.5 | AI25: =IF($G$3=G25,0.5,IF($G$3>G25,1,0)) -> 0.5 | AJ25: =SUM(AC25:AI25) -> 3.5 | AK25: =IF(AJ25=3.5,0.5,IF(AJ25>3.5,1,0)) -> 0.5 | AM25: =IF($A$4=A25,0.5,IF($A$4>A25,1,0)) -> 0.5 | AN25: =IF($B$4=B25,0.5,IF($B$4>B25,1,0)) -> 0.5 | AO25: =IF($C$4=C25,0.5,IF($C$4>C25,1,0)) -> 0.5 | AP25: =IF($D$4=D25,0.5,IF($D$4>D25,1,0)) -> 0.5 | AQ25: =IF($E$4=E25,0.5,IF($E$4>E25,1,0)) -> 0.5 | AR25: =IF($F$4=F25,0.5,IF($F$4>F25,1,0)) -> 0.5 | AS25: =IF($G$4=G25,0.5,IF($G$4>G25,1,0)) -> 0.5 | AT25: =SUM(AM25:AS25) -> 3.5 | AU25: =IF(AT25=3.5,0.5,IF(AT25>3.5,1,0)) -> 0.5 | AW25: =IF($A$5=A25,0.5,IF($A$5>A25,1,0)) -> 0.5 | AX25: =IF($B$5=B25,0.5,IF($B$5>B25,1,0)) -> 0.5 | AY25: =IF($C$5=C25,0.5,IF($C$5>C25,1,0)) -> 0.5 | AZ25: =IF($D$5=D25,0.5,IF($D$5>D25,1,0)) -> 0.5 | BA25: =IF($E$5=E25,0.5,IF($E$5>E25,1,0)) -> 0.5 | BB25: =IF($F$5=F25,0.5,IF($F$5>F25,1,0)) -> 0.5 | BC25: =IF($G$5=G25,0.5,IF($G$5>G25,1,0)) -> 0.5 | BD25: =SUM(AW25:BC25) -> 3.5 | BE25: =IF(BD25=3.5,0.5,IF(BD25>3.5,1,0)) -> 0.5 | BG25: =IF($A$6=A25,0.5,IF($A$6>A25,1,0)) -> 0.5 | BH25: =IF($B$6=B25,0.5,IF($B$6>B25,1,0)) -> 0.5 | BI25: =IF($C$6=C25,0.5,IF($C$6>C25,1,0)) -> 0.5 | BJ25: =IF($D$6=D25,0.5,IF($D$6>D25,1,0)) -> 0.5 | BK25: =IF($E$6=E25,0.5,IF($E$6>E25,1,0)) -> 0.5 | BL25: =IF($F$6=F25,0.5,IF($F$6>F25,1,0)) -> 0.5 | BM25: =IF($G$6=G25,0.5,IF($G$6>G25,1,0)) -> 0.5 | BN25: =SUM(BG25:BM25) -> 3.5 | BO25: =IF(BN25=3.5,0.5,IF(BN25>3.5,1,0)) -> 0.5 | BQ25: =IF($A$7=A25,0.5,IF($A$7>A25,1,0)) -> 0.5 | BR25: =IF($B$7=B25,0.5,IF($B$7>B25,1,0)) -> 0.5 | BS25: =IF($C$7=C25,0.5,IF($C$7>C25,1,0)) -> 0.5 | BT25: =IF($D$7=D25,0.5,IF($D$7>D25,1,0)) -> 0.5 | BU25: =IF($E$7=E25,0.5,IF($E$7>E25,1,0)) -> 0.5 | BV25: =IF($F$7=F25,0.5,IF($F$7>F25,1,0)) -> 0.5 | BW25: =IF($G$7=G25,0.5,IF($G$7>G25,1,0)) -> 0.5 | BX25: =SUM(BQ25:BW25) -> 3.5 | BY25: =IF(BX25=3.5,0.5,IF(BX25>3.5,1,0)) -> 0.5 | CA25: =IF($A$8=A25,0.5,IF($A$8>A25,1,0)) -> 0.5 | CB25: =IF($B$8=B25,0.5,IF($B$8>B25,1,0)) -> 0.5 | CC25: =IF($C$8=C25,0.5,IF($C$8>C25,1,0)) -> 0.5 | CD25: =IF($D$8=D25,0.5,IF($D$8>D25,1,0)) -> 0.5 | CE25: =IF($E$8=E25,0.5,IF($E$8>E25,1,0)) -> 0.5 | CF25: =IF($F$8=F25,0.5,IF($F$8>F25,1,0)) -> 0.5 | CG25: =IF($G$8=G25,0.5,IF($G$8>G25,1,0)) -> 0.5 | CH25: =SUM(CA25:CG25) -> 3.5 | CI25: =IF(CH25=3.5,0.5,IF(CH25>3.5,1,0)) -> 0.5 | CK25: =IF($A$9=A25,0.5,IF($A$9>A25,1,0)) -> 0.5 | CL25: =IF($B$9=B25,0.5,IF($B$9>B25,1,0)) -> 0.5 | CM25: =IF($C$9=C25,0.5,IF($C$9>C25,1,0)) -> 0.5 | CN25: =IF($D$9=D25,0.5,IF($D$9>D25,1,0)) -> 0.5 | CO25: =IF($E$9=E25,0.5,IF($E$9>E25,1,0)) -> 0.5 | CP25: =IF($F$9=F25,0.5,IF($F$9>F25,1,0)) -> 0.5 | CQ25: =IF($G$9=G25,0.5,IF($G$9>G25,1,0)) -> 0.5 | CR25: =SUM(CK25:CQ25) -> 3.5 | CS25: =IF(CR25=3.5,0.5,IF(CR25>3.5,1,0)) -> 0.5 | CU25: =IF($A$10=A25,0.5,IF($A$10>A25,1,0)) -> 0.5 | CV25: =IF($B$10=B25,0.5,IF($B$10>B25,1,0)) -> 0.5 | CW25: =IF($C$10=C25,0.5,IF($C$10>C25,1,0)) -> 0.5 | CX25: =IF($D$10=D25,0.5,IF($D$10>D25,1,0)) -> 0.5 | CY25: =IF($E$10=E25,0.5,IF($E$10>E25,1,0)) -> 0.5 | CZ25: =IF($F$10=F25,0.5,IF($F$10>F25,1,0)) -> 0.5 | DA25: =IF($G$10=G25,0.5,IF($G$10>G25,1,0)) -> 0.5 | DB25: =SUM(CU25:DA25) -> 3.5 | DC25: =IF(DB25=3.5,0.5,IF(DB25>3.5,1,0)) -> 0.5 | DE25: =IF($A$11=A25,0.5,IF($A$11>A25,1,0)) -> 0.5 | DF25: =IF($B$11=B25,0.5,IF($B$11>B25,1,0)) -> 0.5 | DG25: =IF($C$11=C25,0.5,IF($C$11>C25,1,0)) -> 0.5 | DH25: =IF($D$11=D25,0.5,IF($D$11>D25,1,0)) -> 0.5 | DI25: =IF($E$11=E25,0.5,IF($E16>$E$20,1,0)) -> 0.5 | DJ25: =IF($F$11=F25,0.5,IF($F$11>F25,1,0)) -> 0.5 | DK25: =IF($G$11=G25,0.5,IF($G$11>G25,1,0)) -> 0.5 | DL25: =SUM(DE25:DK25) -> 3.5 | DM25: =IF(DL25=3.5,0.5,IF(DL25>3.5,1,0)) -> 0.5 | DO25: =IF($A$12=A25,0.5,IF($A$12>A25,1,0)) -> 0.5 | DP25: =IF($B$12=B25,0.5,IF($B$12>B25,1,0)) -> 0.5 | DQ25: =IF($C$12=C25,0.5,IF($C$12>C25,1,0)) -> 0.5 | DR25: =IF($D$12=D25,0.5,IF($D$12>D25,1,0)) -> 0.5 | DS25: =IF($E$12=E25,0.5,IF($E$12>E25,1,0)) -> 0.5 | DT25: =IF($F$12=F25,0.5,IF($F$12>F25,1,0)) -> 0.5 | DU25: =IF($G$12=G25,0.5,IF($G$12>G25,1,0)) -> 0.5 | DV25: =SUM(DO25:DU25) -> 3.5 | DW25: =IF(DV25=3.5,0.5,IF(DV25>3.5,1,0)) -> 0.5 | DY25: =IF($A$13=A25,0.5,IF($A$13>A25,1,0)) -> 0.5 | DZ25: =IF($B$13=B25,0.5,IF($B$13>B25,1,0)) -> 0.5 | EA25: =IF($C$13=C25,0.5,IF($C$13>C25,1,0)) -> 0.5 | EB25: =IF($D$13=D25,0.5,IF($D$13>D25,1,0)) -> 0.5 | EC25: =IF($E$13=E25,0.5,IF($E$13>E25,1,0)) -> 0.5 | ED25: =IF($F$13=F25,0.5,IF($F$13>F25,1,0)) -> 0.5 | EE25: =IF($G$13=G25,0.5,IF($G$13>G25,1,0)) -> 0.5 | EF25: =SUM(DY25:EE25) -> 3.5 | EG25: =IF(EF25=3.5,0.5,IF(EF25>3.5,1,0)) -> 0.5 | EI25: =IF($A$14=A25,0.5,IF($A$14>A25,1,0)) -> 0.5 | EJ25: =IF($B$14=B25,0.5,IF($B$14>B25,1,0)) -> 0.5 | EK25: =IF($C$14=C25,0.5,IF($C$14>C25,1,0)) -> 0.5 | EL25: =IF($D$14=D25,0.5,IF($D$14>D25,1,0)) -> 0.5 | EM25: =IF($E$14=E25,0.5,IF($E$14>E25,1,0)) -> 0.5 | EN25: =IF($F$14=F25,0.5,IF($F$14>F25,1,0)) -> 0.5 | EO25: =IF($G$14=G25,0.5,IF($G$14>G25,1,0)) -> 0.5 | EP25: =SUM(EI25:EO25) -> 3.5 | EQ25: =IF(EP25=3.5,0.5,IF(EP25>3.5,1,0)) -> 0.5 | ES25: =IF($A$15=A25,0.5,IF($A$15>A25,1,0)) -> 0.5 | ET25: =IF($B$15=B25,0.5,IF($B$15>B25,1,0)) -> 0.5 | EU25: =IF($C$15=C25,0.5,IF($C$15>C25,1,0)) -> 0.5 | EV25: =IF($D$15=D25,0.5,IF($D$15>D25,1,0)) -> 0.5 | EW25: =IF($E$15=E25,0.5,IF($E$15>E25,1,0)) -> 0.5 | EX25: =IF($F$15=F25,0.5,IF($F$15>F25,1,0)) -> 0.5 | EY25: =IF($G$15=G25,0.5,IF($G$15>G25,1,0)) -> 0.5 | EZ25: =SUM(ES25:EY25) -> 3.5 | FA25: =IF(EZ25=3.5,0.5,IF(EZ25>3.5,1,0)) -> 0.5 | FC25: =IF($A$16=A25,0.5,IF($A$16>A25,1,0)) -> 0.5 | FD25: =IF($B$16=B25,0.5,IF($B$16>B25,1,0)) -> 0.5 | FE25: =IF($C$16=C25,0.5,IF($C$16>C25,1,0)) -> 0.5 | FF25: =IF($D$16=D25,0.5,IF($D$16>D25,1,0)) -> 0.5 | FG25: =IF($E$16=E25,0.5,IF($E$16>E25,1,0)) -> 0.5 | FH25: =IF($F$16=F25,0.5,IF($F$16>F25,1,0)) -> 0.5 | FI25: =IF($G$16=G25,0.5,IF($G$16>G25,1,0)) -> 0.5 | FJ25: =SUM(FC25:FI25) -> 3.5 | FK25: =IF(FJ25=3.5,0.5,IF(FJ25>3.5,1,0)) -> 0.5 | FM25: =IF($A$17=A25,0.5,IF($A$17>A25,1,0)) -> 0.5 | FN25: =IF($B$17=B25,0.5,IF($B$17>B25,1,0)) -> 0.5 | FO25: =IF($C$17=C25,0.5,IF($C$17>C25,1,0)) -> 0.5 | FP25: =IF($D$17=D25,0.5,IF($D$17>D25,1,0)) -> 0.5 | FQ25: =IF($E$17=E25,0.5,IF($E$17>E25,1,0)) -> 0.5 | FR25: =IF($F$17=F25,0.5,IF($F$17>F25,1,0)) -> 0.5 | FS25: =IF($G$17=G25,0.5,IF($G$17>G25,1,0)) -> 0.5 | FT25: =SUM(FM25:FS25) -> 3.5 | FU25: =IF(FT25=3.5,0.5,IF(FT25>3.5,1,0)) -> 0.5 | FW25: =IF($A$18=A25,0.5,IF($A$18>A25,1,0)) -> 0.5 | FX25: =IF($B$18=B25,0.5,IF($B$18>B25,1,0)) -> 0.5 | FY25: =IF($C$18=C25,0.5,IF($C$18>C25,1,0)) -> 0.5 | FZ25: =IF($D$18=D25,0.5,IF($D$18>D25,1,0)) -> 0.5 | GA25: =IF($E$18=E25,0.5,IF($E$18>E25,1,0)) -> 0.5 | GB25: =IF($F$18=F25,0.5,IF($F$18>F25,1,0)) -> 0.5 | GC25: =IF($G$18=G25,0.5,IF($G$18>G25,1,0)) -> 0.5 | GD25: =SUM(FW25:GC25) -> 3.5 | GE25: =IF(GD25=3.5,0.5,IF(GD25>3.5,1,0)) -> 0.5 | GG25: =IF($A$19=A25,0.5,IF($A$19>A25,1,0)) -> 0.5 | GH25: =IF($B$19=B25,0.5,IF($B$19>B25,1,0)) -> 0.5 | GI25: =IF($C$19=C25,0.5,IF($C$19>C25,1,0)) -> 0.5 | GJ25: =IF($D$19=D25,0.5,IF($D$19>D25,1,0)) -> 0.5 | GK25: =IF($E$19=E25,0.5,IF($E$19>E25,1,0)) -> 0.5 | GL25: =IF($F$19=F25,0.5,IF($F$19>F25,1,0)) -> 0.5 | GM25: =IF($G$19=G25,0.5,IF($G$19>G25,1,0)) -> 0.5 | GN25: =SUM(GG25:GM25) -> 3.5 | GO25: =IF(GN25=3.5,0.5,IF(GN25>3.5,1,0)) -> 0.5 | GQ25: =IF($A$20=A25,0.5,IF($A$20>A25,1,0)) -> 0.5 | GR25: =IF($B$20=B25,0.5,IF($B$20>B25,1,0)) -> 0.5 | GS25: =IF($C$20=C25,0.5,IF($C$20>C25,1,0)) -> 0.5 | GT25: =IF($D$20=D25,0.5,IF($D$20>D25,1,0)) -> 0.5 | GU25: =IF($E$20=E25,0.5,IF($E$20>E25,1,0)) -> 0.5 | GV25: =IF($F$20=F25,0.5,IF($F$20>F25,1,0)) -> 0.5 | GW25: =IF($G$20=G25,0.5,IF($G$20>G25,1,0)) -> 0.5 | GX25: =SUM(GQ25:GW25) -> 3.5 | GY25: =IF(GX25=3.5,0.5,IF(GX25>3.5,1,0)) -> 0.5 | HA25: =IF($A$21=A25,0.5,IF($A$21>A25,1,0)) -> 0.5 | HB25: =IF($B$21=B25,0.5,IF($B$21>B25,1,0)) -> 0.5 | HC25: =IF($C$21=C25,0.5,IF($C$21>C25,1,0)) -> 0.5 | HD25: =IF($D$21=D25,0.5,IF($D$21>D25,1,0)) -> 0.5 | HE25: =IF($E$21=E25,0.5,IF($E$21>E25,1,0)) -> 0.5 | HF25: =IF($F$21=F25,0.5,IF($F$21>F25,1,0)) -> 0.5 | HG25: =IF($G$21=G25,0.5,IF($G$21>G25,1,0)) -> 0.5 | HH25: =SUM(HA25:HG25) -> 3.5 | HI25: =IF(HH25=3.5,0.5,IF(HH25>3.5,1,0)) -> 0.5 | HK25: =IF($A$22=A25,0.5,IF($A$22>A25,1,0)) -> 0.5 | HL25: =IF($B$22=B25,0.5,IF($B$22>B25,1,0)) -> 0.5 | HM25: =IF($C$22=C25,0.5,IF($C$22>C25,1,0)) -> 0.5 | HN25: =IF($D$22=D25,0.5,IF($D$22>D25,1,0)) -> 0.5 | HO25: =IF($E$22=E25,0.5,IF($E$22>E25,1,0)) -> 0.5 | HP25: =IF($F$22=F25,0.5,IF($F$22>F25,1,0)) -> 0.5 | HQ25: =IF($G$22=G25,0.5,IF($G$22>G25,1,0)) -> 0.5 | HR25: =SUM(HK25:HQ25) -> 3.5 | HS25: =IF(HR25=3.5,0.5,IF(HR25>3.5,1,0)) -> 0.5 | HU25: =IF($A$23=A25,0.5,IF($A$23>A25,1,0)) -> 0.5 | HV25: =IF($B$23=B25,0.5,IF($B$23>B25,1,0)) -> 0.5 | HW25: =IF($C$23=C25,0.5,IF($C$23>C25,1,0)) -> 0.5 | HX25: =IF($D$23=D25,0.5,IF($D$23>D25,1,0)) -> 0.5 | HY25: =IF($E$23=E25,0.5,IF($E$23>E25,1,0)) -> 0.5 | HZ25: =IF($F$23=F25,0.5,IF($F$23>F25,1,0)) -> 0.5 | IA25: =IF($G$23=G25,0.5,IF($G$23>G25,1,0)) -> 0.5 | IB25: =SUM(HU25:IA25) -> 3.5 | IC25: =IF(IB25=3.5,0.5,IF(IB25>3.5,1,0)) -> 0.5 | IE25: =IF($A$24=A25,0.5,IF($A$24>A25,1,0)) -> 0.5 | IF25: =IF($B$24=B25,0.5,IF($B$24>B25,1,0)) -> 0.5 | IG25: =IF($C$24=C25,0.5,IF($C$24>C25,1,0)) -> 0.5 | IH25: =IF($D$24=D25,0.5,IF($D$24>D25,1,0)) -> 0.5 | II25: =IF($E$24=E25,0.5,IF($E$24>E25,1,0)) -> 0.5 | IJ25: =IF($F$24=F25,0.5,IF($F$24>F25,1,0)) -> 0.5 | IK25: =IF($G$24=G25,0.5,IF($G$24>G25,1,0)) -> 0.5 | IL25: =SUM(IE25:IK25) -> 3.5 | IM25: =IF(IL25=3.5,0.5,IF(IL25>3.5,1,0)) -> 0.5
A26: =KeyIn!N31 -> 0 | B26: =KeyIn!T31 -> 0 | C26: =KeyIn!Z31 -> 0 | D26: 0 | E26: 0 | F26: 0 | G26: 0 | I26: =IF($A$1=A26,0.5,IF($A$1>A26,1,0)) -> 0.5 | J26: =IF($B$1=B26,0.5,IF($B$1>B26,1,0)) -> 0.5 | K26: =IF($C$1=C26,0.5,IF($C$1>C26,1,0)) -> 0.5 | L26: =IF($D$1=D26,0.5,IF($D$1>D26,1,0)) -> 0.5 | M26: =IF($E$1=E26,0.5,IF($E$1>E26,1,0)) -> 0.5 | N26: =IF($F$1=F26,0.5,IF($F$1>F26,1,0)) -> 0.5 | O26: =IF($G$1=G26,0.5,IF($G$1>G26,1,0)) -> 0.5 | P26: =SUM(I26:O26) -> 3.5 | Q26: =IF(P26=3.5,0.5,IF(P26>3.5,1,0)) -> 0.5 | S26: =IF($A$2=A26,0.5,IF($A$2>A26,1,0)) -> 0.5 | T26: =IF($B$2=B26,0.5,IF($B$2>B26,1,0)) -> 0.5 | U26: =IF($C$2=C26,0.5,IF($C$2>C26,1,0)) -> 0.5 | V26: =IF($D$2=D26,0.5,IF($D$2>D26,1,0)) -> 0.5 | W26: =IF($E$2=E26,0.5,IF($E$2>E26,1,0)) -> 0.5 | X26: =IF($F$2=F26,0.5,IF($F$2>F26,1,0)) -> 0.5 | Y26: =IF($G$2=G26,0.5,IF($G$2>G26,1,0)) -> 0.5 | Z26: =SUM(S26:Y26) -> 3.5 | AA26: =IF(Z26=3.5,0.5,IF(Z26>3.5,1,0)) -> 0.5 | AC26: =IF($A$3=A26,0.5,IF($A$3>A26,1,0)) -> 0.5 | AD26: =IF($B$3=B26,0.5,IF($B$3>B26,1,0)) -> 0.5 | AE26: =IF($C$3=C26,0.5,IF($C$3>C26,1,0)) -> 0.5 | AF26: =IF($D$3=D26,0.5,IF($D$3>D26,1,0)) -> 0.5 | AG26: =IF($E$3=E26,0.5,IF($E$3>E26,1,0)) -> 0.5 | AH26: =IF($F$3=F26,0.5,IF($F$3>F26,1,0)) -> 0.5 | AI26: =IF($G$3=G26,0.5,IF($G$3>G26,1,0)) -> 0.5 | AJ26: =SUM(AC26:AI26) -> 3.5 | AK26: =IF(AJ26=3.5,0.5,IF(AJ26>3.5,1,0)) -> 0.5 | AM26: =IF($A$4=A26,0.5,IF($A$4>A26,1,0)) -> 0.5 | AN26: =IF($B$4=B26,0.5,IF($B$4>B26,1,0)) -> 0.5 | AO26: =IF($C$4=C26,0.5,IF($C$4>C26,1,0)) -> 0.5 | AP26: =IF($D$4=D26,0.5,IF($D$4>D26,1,0)) -> 0.5 | AQ26: =IF($E$4=E26,0.5,IF($E$4>E26,1,0)) -> 0.5 | AR26: =IF($F$4=F26,0.5,IF($F$4>F26,1,0)) -> 0.5 | AS26: =IF($G$4=G26,0.5,IF($G$4>G26,1,0)) -> 0.5 | AT26: =SUM(AM26:AS26) -> 3.5 | AU26: =IF(AT26=3.5,0.5,IF(AT26>3.5,1,0)) -> 0.5 | AW26: =IF($A$5=A26,0.5,IF($A$5>A26,1,0)) -> 0.5 | AX26: =IF($B$5=B26,0.5,IF($B$5>B26,1,0)) -> 0.5 | AY26: =IF($C$5=C26,0.5,IF($C$5>C26,1,0)) -> 0.5 | AZ26: =IF($D$5=D26,0.5,IF($D$5>D26,1,0)) -> 0.5 | BA26: =IF($E$5=E26,0.5,IF($E$5>E26,1,0)) -> 0.5 | BB26: =IF($F$5=F26,0.5,IF($F$5>F26,1,0)) -> 0.5 | BC26: =IF($G$5=G26,0.5,IF($G$5>G26,1,0)) -> 0.5 | BD26: =SUM(AW26:BC26) -> 3.5 | BE26: =IF(BD26=3.5,0.5,IF(BD26>3.5,1,0)) -> 0.5 | BG26: =IF($A$6=A26,0.5,IF($A$6>A26,1,0)) -> 0.5 | BH26: =IF($B$6=B26,0.5,IF($B$6>B26,1,0)) -> 0.5 | BI26: =IF($C$6=C26,0.5,IF($C$6>C26,1,0)) -> 0.5 | BJ26: =IF($D$6=D26,0.5,IF($D$6>D26,1,0)) -> 0.5 | BK26: =IF($E$6=E26,0.5,IF($E$6>E26,1,0)) -> 0.5 | BL26: =IF($F$6=F26,0.5,IF($F$6>F26,1,0)) -> 0.5 | BM26: =IF($G$6=G26,0.5,IF($G$6>G26,1,0)) -> 0.5 | BN26: =SUM(BG26:BM26) -> 3.5 | BO26: =IF(BN26=3.5,0.5,IF(BN26>3.5,1,0)) -> 0.5 | BQ26: =IF($A$7=A26,0.5,IF($A$7>A26,1,0)) -> 0.5 | BR26: =IF($B$7=B26,0.5,IF($B$7>B26,1,0)) -> 0.5 | BS26: =IF($C$7=C26,0.5,IF($C$7>C26,1,0)) -> 0.5 | BT26: =IF($D$7=D26,0.5,IF($D$7>D26,1,0)) -> 0.5 | BU26: =IF($E$7=E26,0.5,IF($E$7>E26,1,0)) -> 0.5 | BV26: =IF($F$7=F26,0.5,IF($F$7>F26,1,0)) -> 0.5 | BW26: =IF($G$7=G26,0.5,IF($G$7>G26,1,0)) -> 0.5 | BX26: =SUM(BQ26:BW26) -> 3.5 | BY26: =IF(BX26=3.5,0.5,IF(BX26>3.5,1,0)) -> 0.5 | CA26: =IF($A$8=A26,0.5,IF($A$8>A26,1,0)) -> 0.5 | CB26: =IF($B$8=B26,0.5,IF($B$8>B26,1,0)) -> 0.5 | CC26: =IF($C$8=C26,0.5,IF($C$8>C26,1,0)) -> 0.5 | CD26: =IF($D$8=D26,0.5,IF($D$8>D26,1,0)) -> 0.5 | CE26: =IF($E$8=E26,0.5,IF($E$8>E26,1,0)) -> 0.5 | CF26: =IF($F$8=F26,0.5,IF($F$8>F26,1,0)) -> 0.5 | CG26: =IF($G$8=G26,0.5,IF($G$8>G26,1,0)) -> 0.5 | CH26: =SUM(CA26:CG26) -> 3.5 | CI26: =IF(CH26=3.5,0.5,IF(CH26>3.5,1,0)) -> 0.5 | CK26: =IF($A$9=A26,0.5,IF($A$9>A26,1,0)) -> 0.5 | CL26: =IF($B$9=B26,0.5,IF($B$9>B26,1,0)) -> 0.5 | CM26: =IF($C$9=C26,0.5,IF($C$9>C26,1,0)) -> 0.5 | CN26: =IF($D$9=D26,0.5,IF($D$9>D26,1,0)) -> 0.5 | CO26: =IF($E$9=E26,0.5,IF($E$9>E26,1,0)) -> 0.5 | CP26: =IF($F$9=F26,0.5,IF($F$9>F26,1,0)) -> 0.5 | CQ26: =IF($G$9=G26,0.5,IF($G$9>G26,1,0)) -> 0.5 | CR26: =SUM(CK26:CQ26) -> 3.5 | CS26: =IF(CR26=3.5,0.5,IF(CR26>3.5,1,0)) -> 0.5 | CU26: =IF($A$10=A26,0.5,IF($A$10>A26,1,0)) -> 0.5 | CV26: =IF($B$10=B26,0.5,IF($B$10>B26,1,0)) -> 0.5 | CW26: =IF($C$10=C26,0.5,IF($C$10>C26,1,0)) -> 0.5 | CX26: =IF($D$10=D26,0.5,IF($D$10>D26,1,0)) -> 0.5 | CY26: =IF($E$10=E26,0.5,IF($E$10>E26,1,0)) -> 0.5 | CZ26: =IF($F$10=F26,0.5,IF($F$10>F26,1,0)) -> 0.5 | DA26: =IF($G$10=G26,0.5,IF($G$10>G26,1,0)) -> 0.5 | DB26: =SUM(CU26:DA26) -> 3.5 | DC26: =IF(DB26=3.5,0.5,IF(DB26>3.5,1,0)) -> 0.5 | DE26: =IF($A$11=A26,0.5,IF($A$11>A26,1,0)) -> 0.5 | DF26: =IF($B$11=B26,0.5,IF($B$11>B26,1,0)) -> 0.5 | DG26: =IF($C$11=C26,0.5,IF($C$11>C26,1,0)) -> 0.5 | DH26: =IF($D$11=D26,0.5,IF($D$11>D26,1,0)) -> 0.5 | DI26: =IF($E$11=E26,0.5,IF($E17>$E$20,1,0)) -> 0.5 | DJ26: =IF($F$11=F26,0.5,IF($F$11>F26,1,0)) -> 0.5 | DK26: =IF($G$11=G26,0.5,IF($G$11>G26,1,0)) -> 0.5 | DL26: =SUM(DE26:DK26) -> 3.5 | DM26: =IF(DL26=3.5,0.5,IF(DL26>3.5,1,0)) -> 0.5 | DO26: =IF($A$12=A26,0.5,IF($A$12>A26,1,0)) -> 0.5 | DP26: =IF($B$12=B26,0.5,IF($B$12>B26,1,0)) -> 0.5 | DQ26: =IF($C$12=C26,0.5,IF($C$12>C26,1,0)) -> 0.5 | DR26: =IF($D$12=D26,0.5,IF($D$12>D26,1,0)) -> 0.5 | DS26: =IF($E$12=E26,0.5,IF($E$12>E26,1,0)) -> 0.5 | DT26: =IF($F$12=F26,0.5,IF($F$12>F26,1,0)) -> 0.5 | DU26: =IF($G$12=G26,0.5,IF($G$12>G26,1,0)) -> 0.5 | DV26: =SUM(DO26:DU26) -> 3.5 | DW26: =IF(DV26=3.5,0.5,IF(DV26>3.5,1,0)) -> 0.5 | DY26: =IF($A$13=A26,0.5,IF($A$13>A26,1,0)) -> 0.5 | DZ26: =IF($B$13=B26,0.5,IF($B$13>B26,1,0)) -> 0.5 | EA26: =IF($C$13=C26,0.5,IF($C$13>C26,1,0)) -> 0.5 | EB26: =IF($D$13=D26,0.5,IF($D$13>D26,1,0)) -> 0.5 | EC26: =IF($E$13=E26,0.5,IF($E$13>E26,1,0)) -> 0.5 | ED26: =IF($F$13=F26,0.5,IF($F$13>F26,1,0)) -> 0.5 | EE26: =IF($G$13=G26,0.5,IF($G$13>G26,1,0)) -> 0.5 | EF26: =SUM(DY26:EE26) -> 3.5 | EG26: =IF(EF26=3.5,0.5,IF(EF26>3.5,1,0)) -> 0.5 | EI26: =IF($A$14=A26,0.5,IF($A$14>A26,1,0)) -> 0.5 | EJ26: =IF($B$14=B26,0.5,IF($B$14>B26,1,0)) -> 0.5 | EK26: =IF($C$14=C26,0.5,IF($C$14>C26,1,0)) -> 0.5 | EL26: =IF($D$14=D26,0.5,IF($D$14>D26,1,0)) -> 0.5 | EM26: =IF($E$14=E26,0.5,IF($E$14>E26,1,0)) -> 0.5 | EN26: =IF($F$14=F26,0.5,IF($F$14>F26,1,0)) -> 0.5 | EO26: =IF($G$14=G26,0.5,IF($G$14>G26,1,0)) -> 0.5 | EP26: =SUM(EI26:EO26) -> 3.5 | EQ26: =IF(EP26=3.5,0.5,IF(EP26>3.5,1,0)) -> 0.5 | ES26: =IF($A$15=A26,0.5,IF($A$15>A26,1,0)) -> 0.5 | ET26: =IF($B$15=B26,0.5,IF($B$15>B26,1,0)) -> 0.5 | EU26: =IF($C$15=C26,0.5,IF($C$15>C26,1,0)) -> 0.5 | EV26: =IF($D$15=D26,0.5,IF($D$15>D26,1,0)) -> 0.5 | EW26: =IF($E$15=E26,0.5,IF($E$15>E26,1,0)) -> 0.5 | EX26: =IF($F$15=F26,0.5,IF($F$15>F26,1,0)) -> 0.5 | EY26: =IF($G$15=G26,0.5,IF($G$15>G26,1,0)) -> 0.5 | EZ26: =SUM(ES26:EY26) -> 3.5 | FA26: =IF(EZ26=3.5,0.5,IF(EZ26>3.5,1,0)) -> 0.5 | FC26: =IF($A$16=A26,0.5,IF($A$16>A26,1,0)) -> 0.5 | FD26: =IF($B$16=B26,0.5,IF($B$16>B26,1,0)) -> 0.5 | FE26: =IF($C$16=C26,0.5,IF($C$16>C26,1,0)) -> 0.5 | FF26: =IF($D$16=D26,0.5,IF($D$16>D26,1,0)) -> 0.5 | FG26: =IF($E$16=E26,0.5,IF($E$16>E26,1,0)) -> 0.5 | FH26: =IF($F$16=F26,0.5,IF($F$16>F26,1,0)) -> 0.5 | FI26: =IF($G$16=G26,0.5,IF($G$16>G26,1,0)) -> 0.5 | FJ26: =SUM(FC26:FI26) -> 3.5 | FK26: =IF(FJ26=3.5,0.5,IF(FJ26>3.5,1,0)) -> 0.5 | FM26: =IF($A$17=A26,0.5,IF($A$17>A26,1,0)) -> 0.5 | FN26: =IF($B$17=B26,0.5,IF($B$17>B26,1,0)) -> 0.5 | FO26: =IF($C$17=C26,0.5,IF($C$17>C26,1,0)) -> 0.5 | FP26: =IF($D$17=D26,0.5,IF($D$17>D26,1,0)) -> 0.5 | FQ26: =IF($E$17=E26,0.5,IF($E$17>E26,1,0)) -> 0.5 | FR26: =IF($F$17=F26,0.5,IF($F$17>F26,1,0)) -> 0.5 | FS26: =IF($G$17=G26,0.5,IF($G$17>G26,1,0)) -> 0.5 | FT26: =SUM(FM26:FS26) -> 3.5 | FU26: =IF(FT26=3.5,0.5,IF(FT26>3.5,1,0)) -> 0.5 | FW26: =IF($A$18=A26,0.5,IF($A$18>A26,1,0)) -> 0.5 | FX26: =IF($B$18=B26,0.5,IF($B$18>B26,1,0)) -> 0.5 | FY26: =IF($C$18=C26,0.5,IF($C$18>C26,1,0)) -> 0.5 | FZ26: =IF($D$18=D26,0.5,IF($D$18>D26,1,0)) -> 0.5 | GA26: =IF($E$18=E26,0.5,IF($E$18>E26,1,0)) -> 0.5 | GB26: =IF($F$18=F26,0.5,IF($F$18>F26,1,0)) -> 0.5 | GC26: =IF($G$18=G26,0.5,IF($G$18>G26,1,0)) -> 0.5 | GD26: =SUM(FW26:GC26) -> 3.5 | GE26: =IF(GD26=3.5,0.5,IF(GD26>3.5,1,0)) -> 0.5 | GG26: =IF($A$19=A26,0.5,IF($A$19>A26,1,0)) -> 0.5 | GH26: =IF($B$19=B26,0.5,IF($B$19>B26,1,0)) -> 0.5 | GI26: =IF($C$19=C26,0.5,IF($C$19>C26,1,0)) -> 0.5 | GJ26: =IF($D$19=D26,0.5,IF($D$19>D26,1,0)) -> 0.5 | GK26: =IF($E$19=E26,0.5,IF($E$19>E26,1,0)) -> 0.5 | GL26: =IF($F$19=F26,0.5,IF($F$19>F26,1,0)) -> 0.5 | GM26: =IF($G$19=G26,0.5,IF($G$19>G26,1,0)) -> 0.5 | GN26: =SUM(GG26:GM26) -> 3.5 | GO26: =IF(GN26=3.5,0.5,IF(GN26>3.5,1,0)) -> 0.5 | GQ26: =IF($A$20=A26,0.5,IF($A$20>A26,1,0)) -> 0.5 | GR26: =IF($B$20=B26,0.5,IF($B$20>B26,1,0)) -> 0.5 | GS26: =IF($C$20=C26,0.5,IF($C$20>C26,1,0)) -> 0.5 | GT26: =IF($D$20=D26,0.5,IF($D$20>D26,1,0)) -> 0.5 | GU26: =IF($E$20=E26,0.5,IF($E$20>E26,1,0)) -> 0.5 | GV26: =IF($F$20=F26,0.5,IF($F$20>F26,1,0)) -> 0.5 | GW26: =IF($G$20=G26,0.5,IF($G$20>G26,1,0)) -> 0.5 | GX26: =SUM(GQ26:GW26) -> 3.5 | GY26: =IF(GX26=3.5,0.5,IF(GX26>3.5,1,0)) -> 0.5 | HA26: =IF($A$21=A26,0.5,IF($A$21>A26,1,0)) -> 0.5 | HB26: =IF($B$21=B26,0.5,IF($B$21>B26,1,0)) -> 0.5 | HC26: =IF($C$21=C26,0.5,IF($C$21>C26,1,0)) -> 0.5 | HD26: =IF($D$21=D26,0.5,IF($D$21>D26,1,0)) -> 0.5 | HE26: =IF($E$21=E26,0.5,IF($E$21>E26,1,0)) -> 0.5 | HF26: =IF($F$21=F26,0.5,IF($F$21>F26,1,0)) -> 0.5 | HG26: =IF($G$21=G26,0.5,IF($G$21>G26,1,0)) -> 0.5 | HH26: =SUM(HA26:HG26) -> 3.5 | HI26: =IF(HH26=3.5,0.5,IF(HH26>3.5,1,0)) -> 0.5 | HK26: =IF($A$22=A26,0.5,IF($A$22>A26,1,0)) -> 0.5 | HL26: =IF($B$22=B26,0.5,IF($B$22>B26,1,0)) -> 0.5 | HM26: =IF($C$22=C26,0.5,IF($C$22>C26,1,0)) -> 0.5 | HN26: =IF($D$22=D26,0.5,IF($D$22>D26,1,0)) -> 0.5 | HO26: =IF($E$22=E26,0.5,IF($E$22>E26,1,0)) -> 0.5 | HP26: =IF($F$22=F26,0.5,IF($F$22>F26,1,0)) -> 0.5 | HQ26: =IF($G$22=G26,0.5,IF($G$22>G26,1,0)) -> 0.5 | HR26: =SUM(HK26:HQ26) -> 3.5 | HS26: =IF(HR26=3.5,0.5,IF(HR26>3.5,1,0)) -> 0.5 | HU26: =IF($A$23=A26,0.5,IF($A$23>A26,1,0)) -> 0.5 | HV26: =IF($B$23=B26,0.5,IF($B$23>B26,1,0)) -> 0.5 | HW26: =IF($C$23=C26,0.5,IF($C$23>C26,1,0)) -> 0.5 | HX26: =IF($D$23=D26,0.5,IF($D$23>D26,1,0)) -> 0.5 | HY26: =IF($E$23=E26,0.5,IF($E$23>E26,1,0)) -> 0.5 | HZ26: =IF($F$23=F26,0.5,IF($F$23>F26,1,0)) -> 0.5 | IA26: =IF($G$23=G26,0.5,IF($G$23>G26,1,0)) -> 0.5 | IB26: =SUM(HU26:IA26) -> 3.5 | IC26: =IF(IB26=3.5,0.5,IF(IB26>3.5,1,0)) -> 0.5 | IE26: =IF($A$24=A26,0.5,IF($A$24>A26,1,0)) -> 0.5 | IF26: =IF($B$24=B26,0.5,IF($B$24>B26,1,0)) -> 0.5 | IG26: =IF($C$24=C26,0.5,IF($C$24>C26,1,0)) -> 0.5 | IH26: =IF($D$24=D26,0.5,IF($D$24>D26,1,0)) -> 0.5 | II26: =IF($E$24=E26,0.5,IF($E$24>E26,1,0)) -> 0.5 | IJ26: =IF($F$24=F26,0.5,IF($F$24>F26,1,0)) -> 0.5 | IK26: =IF($G$24=G26,0.5,IF($G$24>G26,1,0)) -> 0.5 | IL26: =SUM(IE26:IK26) -> 3.5 | IM26: =IF(IL26=3.5,0.5,IF(IL26>3.5,1,0)) -> 0.5 | IN26: =IF($A$25=A26,0.5,IF($A$25>A26,1,0)) -> 0.5 | IO26: =IF($B$25=B26,0.5,IF($B$25>B26,1,0)) -> 0.5 | IP26: =IF($C$25=C26,0.5,IF($C$25>C26,1,0)) -> 0.5 | IQ26: =IF($D$25=D26,0.5,IF($D$25>D26,1,0)) -> 0.5 | IR26: =IF($E$25=E26,0.5,IF($E$25>E26,1,0)) -> 0.5 | IS26: =IF($F$25=F26,0.5,IF($F$25>F26,1,0)) -> 0.5 | IT26: =IF($G$25=G26,0.5,IF($G$25>G26,1,0)) -> 0.5 | IU26: =SUM(IN26:IT26) -> 3.5 | IV26: =IF(IU26=3.5,0.5,IF(IU26>3.5,1,0)) -> 0.5
A27: =KeyIn!N32 -> 0 | B27: =KeyIn!T32 -> 0 | C27: =KeyIn!Z32 -> 0 | D27: 0 | E27: 0 | F27: 0 | G27: 0 | I27: =IF($A$1=A27,0.5,IF($A$1>A27,1,0)) -> 0.5 | J27: =IF($B$1=B27,0.5,IF($B$1>B27,1,0)) -> 0.5 | K27: =IF($C$1=C27,0.5,IF($C$1>C27,1,0)) -> 0.5 | L27: =IF($D$1=D27,0.5,IF($D$1>D27,1,0)) -> 0.5 | M27: =IF($E$1=E27,0.5,IF($E$1>E27,1,0)) -> 0.5 | N27: =IF($F$1=F27,0.5,IF($F$1>F27,1,0)) -> 0.5 | O27: =IF($G$1=G27,0.5,IF($G$1>G27,1,0)) -> 0.5 | P27: =SUM(I27:O27) -> 3.5 | Q27: =IF(P27=3.5,0.5,IF(P27>3.5,1,0)) -> 0.5 | S27: =IF($A$2=A27,0.5,IF($A$2>A27,1,0)) -> 0.5 | T27: =IF($B$2=B27,0.5,IF($B$2>B27,1,0)) -> 0.5 | U27: =IF($C$2=C27,0.5,IF($C$2>C27,1,0)) -> 0.5 | V27: =IF($D$2=D27,0.5,IF($D$2>D27,1,0)) -> 0.5 | W27: =IF($E$2=E27,0.5,IF($E$2>E27,1,0)) -> 0.5 | X27: =IF($F$2=F27,0.5,IF($F$2>F27,1,0)) -> 0.5 | Y27: =IF($G$2=G27,0.5,IF($G$2>G27,1,0)) -> 0.5 | Z27: =SUM(S27:Y27) -> 3.5 | AA27: =IF(Z27=3.5,0.5,IF(Z27>3.5,1,0)) -> 0.5 | AC27: =IF($A$3=A27,0.5,IF($A$3>A27,1,0)) -> 0.5 | AD27: =IF($B$3=B27,0.5,IF($B$3>B27,1,0)) -> 0.5 | AE27: =IF($C$3=C27,0.5,IF($C$3>C27,1,0)) -> 0.5 | AF27: =IF($D$3=D27,0.5,IF($D$3>D27,1,0)) -> 0.5 | AG27: =IF($E$3=E27,0.5,IF($E$3>E27,1,0)) -> 0.5 | AH27: =IF($F$3=F27,0.5,IF($F$3>F27,1,0)) -> 0.5 | AI27: =IF($G$3=G27,0.5,IF($G$3>G27,1,0)) -> 0.5 | AJ27: =SUM(AC27:AI27) -> 3.5 | AK27: =IF(AJ27=3.5,0.5,IF(AJ27>3.5,1,0)) -> 0.5 | AM27: =IF($A$4=A27,0.5,IF($A$4>A27,1,0)) -> 0.5 | AN27: =IF($B$4=B27,0.5,IF($B$4>B27,1,0)) -> 0.5 | AO27: =IF($C$4=C27,0.5,IF($C$4>C27,1,0)) -> 0.5 | AP27: =IF($D$4=D27,0.5,IF($D$4>D27,1,0)) -> 0.5 | AQ27: =IF($E$4=E27,0.5,IF($E$4>E27,1,0)) -> 0.5 | AR27: =IF($F$4=F27,0.5,IF($F$4>F27,1,0)) -> 0.5 | AS27: =IF($G$4=G27,0.5,IF($G$4>G27,1,0)) -> 0.5 | AT27: =SUM(AM27:AS27) -> 3.5 | AU27: =IF(AT27=3.5,0.5,IF(AT27>3.5,1,0)) -> 0.5 | AW27: =IF($A$5=A27,0.5,IF($A$5>A27,1,0)) -> 0.5 | AX27: =IF($B$5=B27,0.5,IF($B$5>B27,1,0)) -> 0.5 | AY27: =IF($C$5=C27,0.5,IF($C$5>C27,1,0)) -> 0.5 | AZ27: =IF($D$5=D27,0.5,IF($D$5>D27,1,0)) -> 0.5 | BA27: =IF($E$5=E27,0.5,IF($E$5>E27,1,0)) -> 0.5 | BB27: =IF($F$5=F27,0.5,IF($F$5>F27,1,0)) -> 0.5 | BC27: =IF($G$5=G27,0.5,IF($G$5>G27,1,0)) -> 0.5 | BD27: =SUM(AW27:BC27) -> 3.5 | BE27: =IF(BD27=3.5,0.5,IF(BD27>3.5,1,0)) -> 0.5 | BG27: =IF($A$6=A27,0.5,IF($A$6>A27,1,0)) -> 0.5 | BH27: =IF($B$6=B27,0.5,IF($B$6>B27,1,0)) -> 0.5 | BI27: =IF($C$6=C27,0.5,IF($C$6>C27,1,0)) -> 0.5 | BJ27: =IF($D$6=D27,0.5,IF($D$6>D27,1,0)) -> 0.5 | BK27: =IF($E$6=E27,0.5,IF($E$6>E27,1,0)) -> 0.5 | BL27: =IF($F$6=F27,0.5,IF($F$6>F27,1,0)) -> 0.5 | BM27: =IF($G$6=G27,0.5,IF($G$6>G27,1,0)) -> 0.5 | BN27: =SUM(BG27:BM27) -> 3.5 | BO27: =IF(BN27=3.5,0.5,IF(BN27>3.5,1,0)) -> 0.5 | BQ27: =IF($A$7=A27,0.5,IF($A$7>A27,1,0)) -> 0.5 | BR27: =IF($B$7=B27,0.5,IF($B$7>B27,1,0)) -> 0.5 | BS27: =IF($C$7=C27,0.5,IF($C$7>C27,1,0)) -> 0.5 | BT27: =IF($D$7=D27,0.5,IF($D$7>D27,1,0)) -> 0.5 | BU27: =IF($E$7=E27,0.5,IF($E$7>E27,1,0)) -> 0.5 | BV27: =IF($F$7=F27,0.5,IF($F$7>F27,1,0)) -> 0.5 | BW27: =IF($G$7=G27,0.5,IF($G$7>G27,1,0)) -> 0.5 | BX27: =SUM(BQ27:BW27) -> 3.5 | BY27: =IF(BX27=3.5,0.5,IF(BX27>3.5,1,0)) -> 0.5 | CA27: =IF($A$8=A27,0.5,IF($A$8>A27,1,0)) -> 0.5 | CB27: =IF($B$8=B27,0.5,IF($B$8>B27,1,0)) -> 0.5 | CC27: =IF($C$8=C27,0.5,IF($C$8>C27,1,0)) -> 0.5 | CD27: =IF($D$8=D27,0.5,IF($D$8>D27,1,0)) -> 0.5 | CE27: =IF($E$8=E27,0.5,IF($E$8>E27,1,0)) -> 0.5 | CF27: =IF($F$8=F27,0.5,IF($F$8>F27,1,0)) -> 0.5 | CG27: =IF($G$8=G27,0.5,IF($G$8>G27,1,0)) -> 0.5 | CH27: =SUM(CA27:CG27) -> 3.5 | CI27: =IF(CH27=3.5,0.5,IF(CH27>3.5,1,0)) -> 0.5 | CK27: =IF($A$9=A27,0.5,IF($A$9>A27,1,0)) -> 0.5 | CL27: =IF($B$9=B27,0.5,IF($B$9>B27,1,0)) -> 0.5 | CM27: =IF($C$9=C27,0.5,IF($C$9>C27,1,0)) -> 0.5 | CN27: =IF($D$9=D27,0.5,IF($D$9>D27,1,0)) -> 0.5 | CO27: =IF($E$9=E27,0.5,IF($E$9>E27,1,0)) -> 0.5 | CP27: =IF($F$9=F27,0.5,IF($F$9>F27,1,0)) -> 0.5 | CQ27: =IF($G$9=G27,0.5,IF($G$9>G27,1,0)) -> 0.5 | CR27: =SUM(CK27:CQ27) -> 3.5 | CS27: =IF(CR27=3.5,0.5,IF(CR27>3.5,1,0)) -> 0.5 | CU27: =IF($A$10=A27,0.5,IF($A$10>A27,1,0)) -> 0.5 | CV27: =IF($B$10=B27,0.5,IF($B$10>B27,1,0)) -> 0.5 | CW27: =IF($C$10=C27,0.5,IF($C$10>C27,1,0)) -> 0.5 | CX27: =IF($D$10=D27,0.5,IF($D$10>D27,1,0)) -> 0.5 | CY27: =IF($E$10=E27,0.5,IF($E$10>E27,1,0)) -> 0.5 | CZ27: =IF($F$10=F27,0.5,IF($F$10>F27,1,0)) -> 0.5 | DA27: =IF($G$10=G27,0.5,IF($G$10>G27,1,0)) -> 0.5 | DB27: =SUM(CU27:DA27) -> 3.5 | DC27: =IF(DB27=3.5,0.5,IF(DB27>3.5,1,0)) -> 0.5 | DE27: =IF($A$11=A27,0.5,IF($A$11>A27,1,0)) -> 0.5 | DF27: =IF($B$11=B27,0.5,IF($B$11>B27,1,0)) -> 0.5 | DG27: =IF($C$11=C27,0.5,IF($C$11>C27,1,0)) -> 0.5 | DH27: =IF($D$11=D27,0.5,IF($D$11>D27,1,0)) -> 0.5 | DI27: =IF($E$11=E27,0.5,IF($E18>$E$20,1,0)) -> 0.5 | DJ27: =IF($F$11=F27,0.5,IF($F$11>F27,1,0)) -> 0.5 | DK27: =IF($G$11=G27,0.5,IF($G$11>G27,1,0)) -> 0.5 | DL27: =SUM(DE27:DK27) -> 3.5 | DM27: =IF(DL27=3.5,0.5,IF(DL27>3.5,1,0)) -> 0.5 | DO27: =IF($A$12=A27,0.5,IF($A$12>A27,1,0)) -> 0.5 | DP27: =IF($B$12=B27,0.5,IF($B$12>B27,1,0)) -> 0.5 | DQ27: =IF($C$12=C27,0.5,IF($C$12>C27,1,0)) -> 0.5 | DR27: =IF($D$12=D27,0.5,IF($D$12>D27,1,0)) -> 0.5 | DS27: =IF($E$12=E27,0.5,IF($E$12>E27,1,0)) -> 0.5 | DT27: =IF($F$12=F27,0.5,IF($F$12>F27,1,0)) -> 0.5 | DU27: =IF($G$12=G27,0.5,IF($G$12>G27,1,0)) -> 0.5 | DV27: =SUM(DO27:DU27) -> 3.5 | DW27: =IF(DV27=3.5,0.5,IF(DV27>3.5,1,0)) -> 0.5 | DY27: =IF($A$13=A27,0.5,IF($A$13>A27,1,0)) -> 0.5 | DZ27: =IF($B$13=B27,0.5,IF($B$13>B27,1,0)) -> 0.5 | EA27: =IF($C$13=C27,0.5,IF($C$13>C27,1,0)) -> 0.5 | EB27: =IF($D$13=D27,0.5,IF($D$13>D27,1,0)) -> 0.5 | EC27: =IF($E$13=E27,0.5,IF($E$13>E27,1,0)) -> 0.5 | ED27: =IF($F$13=F27,0.5,IF($F$13>F27,1,0)) -> 0.5 | EE27: =IF($G$13=G27,0.5,IF($G$13>G27,1,0)) -> 0.5 | EF27: =SUM(DY27:EE27) -> 3.5 | EG27: =IF(EF27=3.5,0.5,IF(EF27>3.5,1,0)) -> 0.5 | EI27: =IF($A$14=A27,0.5,IF($A$14>A27,1,0)) -> 0.5 | EJ27: =IF($B$14=B27,0.5,IF($B$14>B27,1,0)) -> 0.5 | EK27: =IF($C$14=C27,0.5,IF($C$14>C27,1,0)) -> 0.5 | EL27: =IF($D$14=D27,0.5,IF($D$14>D27,1,0)) -> 0.5 | EM27: =IF($E$14=E27,0.5,IF($E$14>E27,1,0)) -> 0.5 | EN27: =IF($F$14=F27,0.5,IF($F$14>F27,1,0)) -> 0.5 | EO27: =IF($G$14=G27,0.5,IF($G$14>G27,1,0)) -> 0.5 | EP27: =SUM(EI27:EO27) -> 3.5 | EQ27: =IF(EP27=3.5,0.5,IF(EP27>3.5,1,0)) -> 0.5 | ES27: =IF($A$15=A27,0.5,IF($A$15>A27,1,0)) -> 0.5 | ET27: =IF($B$15=B27,0.5,IF($B$15>B27,1,0)) -> 0.5 | EU27: =IF($C$15=C27,0.5,IF($C$15>C27,1,0)) -> 0.5 | EV27: =IF($D$15=D27,0.5,IF($D$15>D27,1,0)) -> 0.5 | EW27: =IF($E$15=E27,0.5,IF($E$15>E27,1,0)) -> 0.5 | EX27: =IF($F$15=F27,0.5,IF($F$15>F27,1,0)) -> 0.5 | EY27: =IF($G$15=G27,0.5,IF($G$15>G27,1,0)) -> 0.5 | EZ27: =SUM(ES27:EY27) -> 3.5 | FA27: =IF(EZ27=3.5,0.5,IF(EZ27>3.5,1,0)) -> 0.5 | FC27: =IF($A$16=A27,0.5,IF($A$16>A27,1,0)) -> 0.5 | FD27: =IF($B$16=B27,0.5,IF($B$16>B27,1,0)) -> 0.5 | FE27: =IF($C$16=C27,0.5,IF($C$16>C27,1,0)) -> 0.5 | FF27: =IF($D$16=D27,0.5,IF($D$16>D27,1,0)) -> 0.5 | FG27: =IF($E$16=E27,0.5,IF($E$16>E27,1,0)) -> 0.5 | FH27: =IF($F$16=F27,0.5,IF($F$16>F27,1,0)) -> 0.5 | FI27: =IF($G$16=G27,0.5,IF($G$16>G27,1,0)) -> 0.5 | FJ27: =SUM(FC27:FI27) -> 3.5 | FK27: =IF(FJ27=3.5,0.5,IF(FJ27>3.5,1,0)) -> 0.5 | FM27: =IF($A$17=A27,0.5,IF($A$17>A27,1,0)) -> 0.5 | FN27: =IF($B$17=B27,0.5,IF($B$17>B27,1,0)) -> 0.5 | FO27: =IF($C$17=C27,0.5,IF($C$17>C27,1,0)) -> 0.5 | FP27: =IF($D$17=D27,0.5,IF($D$17>D27,1,0)) -> 0.5 | FQ27: =IF($E$17=E27,0.5,IF($E$17>E27,1,0)) -> 0.5 | FR27: =IF($F$17=F27,0.5,IF($F$17>F27,1,0)) -> 0.5 | FS27: =IF($G$17=G27,0.5,IF($G$17>G27,1,0)) -> 0.5 | FT27: =SUM(FM27:FS27) -> 3.5 | FU27: =IF(FT27=3.5,0.5,IF(FT27>3.5,1,0)) -> 0.5 | FW27: =IF($A$18=A27,0.5,IF($A$18>A27,1,0)) -> 0.5 | FX27: =IF($B$18=B27,0.5,IF($B$18>B27,1,0)) -> 0.5 | FY27: =IF($C$18=C27,0.5,IF($C$18>C27,1,0)) -> 0.5 | FZ27: =IF($D$18=D27,0.5,IF($D$18>D27,1,0)) -> 0.5 | GA27: =IF($E$18=E27,0.5,IF($E$18>E27,1,0)) -> 0.5 | GB27: =IF($F$18=F27,0.5,IF($F$18>F27,1,0)) -> 0.5 | GC27: =IF($G$18=G27,0.5,IF($G$18>G27,1,0)) -> 0.5 | GD27: =SUM(FW27:GC27) -> 3.5 | GE27: =IF(GD27=3.5,0.5,IF(GD27>3.5,1,0)) -> 0.5 | GG27: =IF($A$19=A27,0.5,IF($A$19>A27,1,0)) -> 0.5 | GH27: =IF($B$19=B27,0.5,IF($B$19>B27,1,0)) -> 0.5 | GI27: =IF($C$19=C27,0.5,IF($C$19>C27,1,0)) -> 0.5 | GJ27: =IF($D$19=D27,0.5,IF($D$19>D27,1,0)) -> 0.5 | GK27: =IF($E$19=E27,0.5,IF($E$19>E27,1,0)) -> 0.5 | GL27: =IF($F$19=F27,0.5,IF($F$19>F27,1,0)) -> 0.5 | GM27: =IF($G$19=G27,0.5,IF($G$19>G27,1,0)) -> 0.5 | GN27: =SUM(GG27:GM27) -> 3.5 | GO27: =IF(GN27=3.5,0.5,IF(GN27>3.5,1,0)) -> 0.5 | GQ27: =IF($A$20=A27,0.5,IF($A$20>A27,1,0)) -> 0.5 | GR27: =IF($B$20=B27,0.5,IF($B$20>B27,1,0)) -> 0.5 | GS27: =IF($C$20=C27,0.5,IF($C$20>C27,1,0)) -> 0.5 | GT27: =IF($D$20=D27,0.5,IF($D$20>D27,1,0)) -> 0.5 | GU27: =IF($E$20=E27,0.5,IF($E$20>E27,1,0)) -> 0.5 | GV27: =IF($F$20=F27,0.5,IF($F$20>F27,1,0)) -> 0.5 | GW27: =IF($G$20=G27,0.5,IF($G$20>G27,1,0)) -> 0.5 | GX27: =SUM(GQ27:GW27) -> 3.5 | GY27: =IF(GX27=3.5,0.5,IF(GX27>3.5,1,0)) -> 0.5 | HA27: =IF($A$21=A27,0.5,IF($A$21>A27,1,0)) -> 0.5 | HB27: =IF($B$21=B27,0.5,IF($B$21>B27,1,0)) -> 0.5 | HC27: =IF($C$21=C27,0.5,IF($C$21>C27,1,0)) -> 0.5 | HD27: =IF($D$21=D27,0.5,IF($D$21>D27,1,0)) -> 0.5 | HE27: =IF($E$21=E27,0.5,IF($E$21>E27,1,0)) -> 0.5 | HF27: =IF($F$21=F27,0.5,IF($F$21>F27,1,0)) -> 0.5 | HG27: =IF($G$21=G27,0.5,IF($G$21>G27,1,0)) -> 0.5 | HH27: =SUM(HA27:HG27) -> 3.5 | HI27: =IF(HH27=3.5,0.5,IF(HH27>3.5,1,0)) -> 0.5 | HK27: =IF($A$22=A27,0.5,IF($A$22>A27,1,0)) -> 0.5 | HL27: =IF($B$22=B27,0.5,IF($B$22>B27,1,0)) -> 0.5 | HM27: =IF($C$22=C27,0.5,IF($C$22>C27,1,0)) -> 0.5 | HN27: =IF($D$22=D27,0.5,IF($D$22>D27,1,0)) -> 0.5 | HO27: =IF($E$22=E27,0.5,IF($E$22>E27,1,0)) -> 0.5 | HP27: =IF($F$22=F27,0.5,IF($F$22>F27,1,0)) -> 0.5 | HQ27: =IF($G$22=G27,0.5,IF($G$22>G27,1,0)) -> 0.5 | HR27: =SUM(HK27:HQ27) -> 3.5 | HS27: =IF(HR27=3.5,0.5,IF(HR27>3.5,1,0)) -> 0.5 | HU27: =IF($A$23=A27,0.5,IF($A$23>A27,1,0)) -> 0.5 | HV27: =IF($B$23=B27,0.5,IF($B$23>B27,1,0)) -> 0.5 | HW27: =IF($C$23=C27,0.5,IF($C$23>C27,1,0)) -> 0.5 | HX27: =IF($D$23=D27,0.5,IF($D$23>D27,1,0)) -> 0.5 | HY27: =IF($E$23=E27,0.5,IF($E$23>E27,1,0)) -> 0.5 | HZ27: =IF($F$23=F27,0.5,IF($F$23>F27,1,0)) -> 0.5 | IA27: =IF($G$23=G27,0.5,IF($G$23>G27,1,0)) -> 0.5 | IB27: =SUM(HU27:IA27) -> 3.5 | IC27: =IF(IB27=3.5,0.5,IF(IB27>3.5,1,0)) -> 0.5 | IE27: =IF($A$24=A27,0.5,IF($A$24>A27,1,0)) -> 0.5 | IF27: =IF($B$24=B27,0.5,IF($B$24>B27,1,0)) -> 0.5 | IG27: =IF($C$24=C27,0.5,IF($C$24>C27,1,0)) -> 0.5 | IH27: =IF($D$24=D27,0.5,IF($D$24>D27,1,0)) -> 0.5 | II27: =IF($E$24=E27,0.5,IF($E$24>E27,1,0)) -> 0.5 | IJ27: =IF($F$24=F27,0.5,IF($F$24>F27,1,0)) -> 0.5 | IK27: =IF($G$24=G27,0.5,IF($G$24>G27,1,0)) -> 0.5 | IL27: =SUM(IE27:IK27) -> 3.5 | IM27: =IF(IL27=3.5,0.5,IF(IL27>3.5,1,0)) -> 0.5 | IN27: =IF($A$25=A27,0.5,IF($A$25>A27,1,0)) -> 0.5 | IO27: =IF($B$25=B27,0.5,IF($B$25>B27,1,0)) -> 0.5 | IP27: =IF($C$25=C27,0.5,IF($C$25>C27,1,0)) -> 0.5 | IQ27: =IF($D$25=D27,0.5,IF($D$25>D27,1,0)) -> 0.5 | IR27: =IF($E$25=E27,0.5,IF($E$25>E27,1,0)) -> 0.5 | IS27: =IF($F$25=F27,0.5,IF($F$25>F27,1,0)) -> 0.5 | IT27: =IF($G$25=G27,0.5,IF($G$25>G27,1,0)) -> 0.5 | IU27: =SUM(IN27:IT27) -> 3.5 | IV27: =IF(IU27=3.5,0.5,IF(IU27>3.5,1,0)) -> 0.5 | IX27: =IF($A$26=A27,0.5,IF($A$26>A27,1,0)) -> 0.5 | IY27: =IF($B$26=B27,0.5,IF($B$26>B27,1,0)) -> 0.5 | IZ27: =IF($C$26=C27,0.5,IF($C$26>C27,1,0)) -> 0.5 | JA27: =IF($D$26=D27,0.5,IF($D$26>D27,1,0)) -> 0.5 | JB27: =IF($E$26=E27,0.5,IF($E$26>E27,1,0)) -> 0.5 | JC27: =IF($F$26=F27,0.5,IF($F$26>F27,1,0)) -> 0.5 | JD27: =IF($G$26=G27,0.5,IF($G$26>G27,1,0)) -> 0.5 | JE27: =SUM(IX27:JD27) -> 3.5 | JF27: =IF(JE27=3.5,0.5,IF(JE27>3.5,1,0)) -> 0.5
A28: =KeyIn!N33 -> 0 | B28: =KeyIn!T33 -> 0 | C28: =KeyIn!Z33 -> 0 | D28: 0 | E28: 0 | F28: 0 | G28: 0 | I28: =IF($A$1=A28,0.5,IF($A$1>A28,1,0)) -> 0.5 | J28: =IF($B$1=B28,0.5,IF($B$1>B28,1,0)) -> 0.5 | K28: =IF($C$1=C28,0.5,IF($C$1>C28,1,0)) -> 0.5 | L28: =IF($D$1=D28,0.5,IF($D$1>D28,1,0)) -> 0.5 | M28: =IF($E$1=E28,0.5,IF($E$1>E28,1,0)) -> 0.5 | N28: =IF($F$1=F28,0.5,IF($F$1>F28,1,0)) -> 0.5 | O28: =IF($G$1=G28,0.5,IF($G$1>G28,1,0)) -> 0.5 | P28: =SUM(I28:O28) -> 3.5 | Q28: =IF(P28=3.5,0.5,IF(P28>3.5,1,0)) -> 0.5 | S28: =IF($A$2=A28,0.5,IF($A$2>A28,1,0)) -> 0.5 | T28: =IF($B$2=B28,0.5,IF($B$2>B28,1,0)) -> 0.5 | U28: =IF($C$2=C28,0.5,IF($C$2>C28,1,0)) -> 0.5 | V28: =IF($D$2=D28,0.5,IF($D$2>D28,1,0)) -> 0.5 | W28: =IF($E$2=E28,0.5,IF($E$2>E28,1,0)) -> 0.5 | X28: =IF($F$2=F28,0.5,IF($F$2>F28,1,0)) -> 0.5 | Y28: =IF($G$2=G28,0.5,IF($G$2>G28,1,0)) -> 0.5 | Z28: =SUM(S28:Y28) -> 3.5 | AA28: =IF(Z28=3.5,0.5,IF(Z28>3.5,1,0)) -> 0.5 | AC28: =IF($A$3=A28,0.5,IF($A$3>A28,1,0)) -> 0.5 | AD28: =IF($B$3=B28,0.5,IF($B$3>B28,1,0)) -> 0.5 | AE28: =IF($C$3=C28,0.5,IF($C$3>C28,1,0)) -> 0.5 | AF28: =IF($D$3=D28,0.5,IF($D$3>D28,1,0)) -> 0.5 | AG28: =IF($E$3=E28,0.5,IF($E$3>E28,1,0)) -> 0.5 | AH28: =IF($F$3=F28,0.5,IF($F$3>F28,1,0)) -> 0.5 | AI28: =IF($G$3=G28,0.5,IF($G$3>G28,1,0)) -> 0.5 | AJ28: =SUM(AC28:AI28) -> 3.5 | AK28: =IF(AJ28=3.5,0.5,IF(AJ28>3.5,1,0)) -> 0.5 | AM28: =IF($A$4=A28,0.5,IF($A$4>A28,1,0)) -> 0.5 | AN28: =IF($B$4=B28,0.5,IF($B$4>B28,1,0)) -> 0.5 | AO28: =IF($C$4=C28,0.5,IF($C$4>C28,1,0)) -> 0.5 | AP28: =IF($D$4=D28,0.5,IF($D$4>D28,1,0)) -> 0.5 | AQ28: =IF($E$4=E28,0.5,IF($E$4>E28,1,0)) -> 0.5 | AR28: =IF($F$4=F28,0.5,IF($F$4>F28,1,0)) -> 0.5 | AS28: =IF($G$4=G28,0.5,IF($G$4>G28,1,0)) -> 0.5 | AT28: =SUM(AM28:AS28) -> 3.5 | AU28: =IF(AT28=3.5,0.5,IF(AT28>3.5,1,0)) -> 0.5 | AW28: =IF($A$5=A28,0.5,IF($A$5>A28,1,0)) -> 0.5 | AX28: =IF($B$5=B28,0.5,IF($B$5>B28,1,0)) -> 0.5 | AY28: =IF($C$5=C28,0.5,IF($C$5>C28,1,0)) -> 0.5 | AZ28: =IF($D$5=D28,0.5,IF($D$5>D28,1,0)) -> 0.5 | BA28: =IF($E$5=E28,0.5,IF($E$5>E28,1,0)) -> 0.5 | BB28: =IF($F$5=F28,0.5,IF($F$5>F28,1,0)) -> 0.5 | BC28: =IF($G$5=G28,0.5,IF($G$5>G28,1,0)) -> 0.5 | BD28: =SUM(AW28:BC28) -> 3.5 | BE28: =IF(BD28=3.5,0.5,IF(BD28>3.5,1,0)) -> 0.5 | BG28: =IF($A$6=A28,0.5,IF($A$6>A28,1,0)) -> 0.5 | BH28: =IF($B$6=B28,0.5,IF($B$6>B28,1,0)) -> 0.5 | BI28: =IF($C$6=C28,0.5,IF($C$6>C28,1,0)) -> 0.5 | BJ28: =IF($D$6=D28,0.5,IF($D$6>D28,1,0)) -> 0.5 | BK28: =IF($E$6=E28,0.5,IF($E$6>E28,1,0)) -> 0.5 | BL28: =IF($F$6=F28,0.5,IF($F$6>F28,1,0)) -> 0.5 | BM28: =IF($G$6=G28,0.5,IF($G$6>G28,1,0)) -> 0.5 | BN28: =SUM(BG28:BM28) -> 3.5 | BO28: =IF(BN28=3.5,0.5,IF(BN28>3.5,1,0)) -> 0.5 | BQ28: =IF($A$7=A28,0.5,IF($A$7>A28,1,0)) -> 0.5 | BR28: =IF($B$7=B28,0.5,IF($B$7>B28,1,0)) -> 0.5 | BS28: =IF($C$7=C28,0.5,IF($C$7>C28,1,0)) -> 0.5 | BT28: =IF($D$7=D28,0.5,IF($D$7>D28,1,0)) -> 0.5 | BU28: =IF($E$7=E28,0.5,IF($E$7>E28,1,0)) -> 0.5 | BV28: =IF($F$7=F28,0.5,IF($F$7>F28,1,0)) -> 0.5 | BW28: =IF($G$7=G28,0.5,IF($G$7>G28,1,0)) -> 0.5 | BX28: =SUM(BQ28:BW28) -> 3.5 | BY28: =IF(BX28=3.5,0.5,IF(BX28>3.5,1,0)) -> 0.5 | CA28: =IF($A$8=A28,0.5,IF($A$8>A28,1,0)) -> 0.5 | CB28: =IF($B$8=B28,0.5,IF($B$8>B28,1,0)) -> 0.5 | CC28: =IF($C$8=C28,0.5,IF($C$8>C28,1,0)) -> 0.5 | CD28: =IF($D$8=D28,0.5,IF($D$8>D28,1,0)) -> 0.5 | CE28: =IF($E$8=E28,0.5,IF($E$8>E28,1,0)) -> 0.5 | CF28: =IF($F$8=F28,0.5,IF($F$8>F28,1,0)) -> 0.5 | CG28: =IF($G$8=G28,0.5,IF($G$8>G28,1,0)) -> 0.5 | CH28: =SUM(CA28:CG28) -> 3.5 | CI28: =IF(CH28=3.5,0.5,IF(CH28>3.5,1,0)) -> 0.5 | CK28: =IF($A$9=A28,0.5,IF($A$9>A28,1,0)) -> 0.5 | CL28: =IF($B$9=B28,0.5,IF($B$9>B28,1,0)) -> 0.5 | CM28: =IF($C$9=C28,0.5,IF($C$9>C28,1,0)) -> 0.5 | CN28: =IF($D$9=D28,0.5,IF($D$9>D28,1,0)) -> 0.5 | CO28: =IF($E$9=E28,0.5,IF($E$9>E28,1,0)) -> 0.5 | CP28: =IF($F$9=F28,0.5,IF($F$9>F28,1,0)) -> 0.5 | CQ28: =IF($G$9=G28,0.5,IF($G$9>G28,1,0)) -> 0.5 | CR28: =SUM(CK28:CQ28) -> 3.5 | CS28: =IF(CR28=3.5,0.5,IF(CR28>3.5,1,0)) -> 0.5 | CU28: =IF($A$10=A28,0.5,IF($A$10>A28,1,0)) -> 0.5 | CV28: =IF($B$10=B28,0.5,IF($B$10>B28,1,0)) -> 0.5 | CW28: =IF($C$10=C28,0.5,IF($C$10>C28,1,0)) -> 0.5 | CX28: =IF($D$10=D28,0.5,IF($D$10>D28,1,0)) -> 0.5 | CY28: =IF($E$10=E28,0.5,IF($E$10>E28,1,0)) -> 0.5 | CZ28: =IF($F$10=F28,0.5,IF($F$10>F28,1,0)) -> 0.5 | DA28: =IF($G$10=G28,0.5,IF($G$10>G28,1,0)) -> 0.5 | DB28: =SUM(CU28:DA28) -> 3.5 | DC28: =IF(DB28=3.5,0.5,IF(DB28>3.5,1,0)) -> 0.5 | DE28: =IF($A$11=A28,0.5,IF($A$11>A28,1,0)) -> 0.5 | DF28: =IF($B$11=B28,0.5,IF($B$11>B28,1,0)) -> 0.5 | DG28: =IF($C$11=C28,0.5,IF($C$11>C28,1,0)) -> 0.5 | DH28: =IF($D$11=D28,0.5,IF($D$11>D28,1,0)) -> 0.5 | DI28: =IF($E$11=E28,0.5,IF($E19>$E$20,1,0)) -> 0.5 | DJ28: =IF($F$11=F28,0.5,IF($F$11>F28,1,0)) -> 0.5 | DK28: =IF($G$11=G28,0.5,IF($G$11>G28,1,0)) -> 0.5 | DL28: =SUM(DE28:DK28) -> 3.5 | DM28: =IF(DL28=3.5,0.5,IF(DL28>3.5,1,0)) -> 0.5 | DO28: =IF($A$12=A28,0.5,IF($A$12>A28,1,0)) -> 0.5 | DP28: =IF($B$12=B28,0.5,IF($B$12>B28,1,0)) -> 0.5 | DQ28: =IF($C$12=C28,0.5,IF($C$12>C28,1,0)) -> 0.5 | DR28: =IF($D$12=D28,0.5,IF($D$12>D28,1,0)) -> 0.5 | DS28: =IF($E$12=E28,0.5,IF($E$12>E28,1,0)) -> 0.5 | DT28: =IF($F$12=F28,0.5,IF($F$12>F28,1,0)) -> 0.5 | DU28: =IF($G$12=G28,0.5,IF($G$12>G28,1,0)) -> 0.5 | DV28: =SUM(DO28:DU28) -> 3.5 | DW28: =IF(DV28=3.5,0.5,IF(DV28>3.5,1,0)) -> 0.5 | DY28: =IF($A$13=A28,0.5,IF($A$13>A28,1,0)) -> 0.5 | DZ28: =IF($B$13=B28,0.5,IF($B$13>B28,1,0)) -> 0.5 | EA28: =IF($C$13=C28,0.5,IF($C$13>C28,1,0)) -> 0.5 | EB28: =IF($D$13=D28,0.5,IF($D$13>D28,1,0)) -> 0.5 | EC28: =IF($E$13=E28,0.5,IF($E$13>E28,1,0)) -> 0.5 | ED28: =IF($F$13=F28,0.5,IF($F$13>F28,1,0)) -> 0.5 | EE28: =IF($G$13=G28,0.5,IF($G$13>G28,1,0)) -> 0.5 | EF28: =SUM(DY28:EE28) -> 3.5 | EG28: =IF(EF28=3.5,0.5,IF(EF28>3.5,1,0)) -> 0.5 | EI28: =IF($A$14=A28,0.5,IF($A$14>A28,1,0)) -> 0.5 | EJ28: =IF($B$14=B28,0.5,IF($B$14>B28,1,0)) -> 0.5 | EK28: =IF($C$14=C28,0.5,IF($C$14>C28,1,0)) -> 0.5 | EL28: =IF($D$14=D28,0.5,IF($D$14>D28,1,0)) -> 0.5 | EM28: =IF($E$14=E28,0.5,IF($E$14>E28,1,0)) -> 0.5 | EN28: =IF($F$14=F28,0.5,IF($F$14>F28,1,0)) -> 0.5 | EO28: =IF($G$14=G28,0.5,IF($G$14>G28,1,0)) -> 0.5 | EP28: =SUM(EI28:EO28) -> 3.5 | EQ28: =IF(EP28=3.5,0.5,IF(EP28>3.5,1,0)) -> 0.5 | ES28: =IF($A$15=A28,0.5,IF($A$15>A28,1,0)) -> 0.5 | ET28: =IF($B$15=B28,0.5,IF($B$15>B28,1,0)) -> 0.5 | EU28: =IF($C$15=C28,0.5,IF($C$15>C28,1,0)) -> 0.5 | EV28: =IF($D$15=D28,0.5,IF($D$15>D28,1,0)) -> 0.5 | EW28: =IF($E$15=E28,0.5,IF($E$15>E28,1,0)) -> 0.5 | EX28: =IF($F$15=F28,0.5,IF($F$15>F28,1,0)) -> 0.5 | EY28: =IF($G$15=G28,0.5,IF($G$15>G28,1,0)) -> 0.5 | EZ28: =SUM(ES28:EY28) -> 3.5 | FA28: =IF(EZ28=3.5,0.5,IF(EZ28>3.5,1,0)) -> 0.5 | FC28: =IF($A$16=A28,0.5,IF($A$16>A28,1,0)) -> 0.5 | FD28: =IF($B$16=B28,0.5,IF($B$16>B28,1,0)) -> 0.5 | FE28: =IF($C$16=C28,0.5,IF($C$16>C28,1,0)) -> 0.5 | FF28: =IF($D$16=D28,0.5,IF($D$16>D28,1,0)) -> 0.5 | FG28: =IF($E$16=E28,0.5,IF($E$16>E28,1,0)) -> 0.5 | FH28: =IF($F$16=F28,0.5,IF($F$16>F28,1,0)) -> 0.5 | FI28: =IF($G$16=G28,0.5,IF($G$16>G28,1,0)) -> 0.5 | FJ28: =SUM(FC28:FI28) -> 3.5 | FK28: =IF(FJ28=3.5,0.5,IF(FJ28>3.5,1,0)) -> 0.5 | FM28: =IF($A$17=A28,0.5,IF($A$17>A28,1,0)) -> 0.5 | FN28: =IF($B$17=B28,0.5,IF($B$17>B28,1,0)) -> 0.5 | FO28: =IF($C$17=C28,0.5,IF($C$17>C28,1,0)) -> 0.5 | FP28: =IF($D$17=D28,0.5,IF($D$17>D28,1,0)) -> 0.5 | FQ28: =IF($E$17=E28,0.5,IF($E$17>E28,1,0)) -> 0.5 | FR28: =IF($F$17=F28,0.5,IF($F$17>F28,1,0)) -> 0.5 | FS28: =IF($G$17=G28,0.5,IF($G$17>G28,1,0)) -> 0.5 | FT28: =SUM(FM28:FS28) -> 3.5 | FU28: =IF(FT28=3.5,0.5,IF(FT28>3.5,1,0)) -> 0.5 | FW28: =IF($A$18=A28,0.5,IF($A$18>A28,1,0)) -> 0.5 | FX28: =IF($B$18=B28,0.5,IF($B$18>B28,1,0)) -> 0.5 | FY28: =IF($C$18=C28,0.5,IF($C$18>C28,1,0)) -> 0.5 | FZ28: =IF($D$18=D28,0.5,IF($D$18>D28,1,0)) -> 0.5 | GA28: =IF($E$18=E28,0.5,IF($E$18>E28,1,0)) -> 0.5 | GB28: =IF($F$18=F28,0.5,IF($F$18>F28,1,0)) -> 0.5 | GC28: =IF($G$18=G28,0.5,IF($G$18>G28,1,0)) -> 0.5 | GD28: =SUM(FW28:GC28) -> 3.5 | GE28: =IF(GD28=3.5,0.5,IF(GD28>3.5,1,0)) -> 0.5 | GG28: =IF($A$19=A28,0.5,IF($A$19>A28,1,0)) -> 0.5 | GH28: =IF($B$19=B28,0.5,IF($B$19>B28,1,0)) -> 0.5 | GI28: =IF($C$19=C28,0.5,IF($C$19>C28,1,0)) -> 0.5 | GJ28: =IF($D$19=D28,0.5,IF($D$19>D28,1,0)) -> 0.5 | GK28: =IF($E$19=E28,0.5,IF($E$19>E28,1,0)) -> 0.5 | GL28: =IF($F$19=F28,0.5,IF($F$19>F28,1,0)) -> 0.5 | GM28: =IF($G$19=G28,0.5,IF($G$19>G28,1,0)) -> 0.5 | GN28: =SUM(GG28:GM28) -> 3.5 | GO28: =IF(GN28=3.5,0.5,IF(GN28>3.5,1,0)) -> 0.5 | GQ28: =IF($A$20=A28,0.5,IF($A$20>A28,1,0)) -> 0.5 | GR28: =IF($B$20=B28,0.5,IF($B$20>B28,1,0)) -> 0.5 | GS28: =IF($C$20=C28,0.5,IF($C$20>C28,1,0)) -> 0.5 | GT28: =IF($D$20=D28,0.5,IF($D$20>D28,1,0)) -> 0.5 | GU28: =IF($E$20=E28,0.5,IF($E$20>E28,1,0)) -> 0.5 | GV28: =IF($F$20=F28,0.5,IF($F$20>F28,1,0)) -> 0.5 | GW28: =IF($G$20=G28,0.5,IF($G$20>G28,1,0)) -> 0.5 | GX28: =SUM(GQ28:GW28) -> 3.5 | GY28: =IF(GX28=3.5,0.5,IF(GX28>3.5,1,0)) -> 0.5 | HA28: =IF($A$21=A28,0.5,IF($A$21>A28,1,0)) -> 0.5 | HB28: =IF($B$21=B28,0.5,IF($B$21>B28,1,0)) -> 0.5 | HC28: =IF($C$21=C28,0.5,IF($C$21>C28,1,0)) -> 0.5 | HD28: =IF($D$21=D28,0.5,IF($D$21>D28,1,0)) -> 0.5 | HE28: =IF($E$21=E28,0.5,IF($E$21>E28,1,0)) -> 0.5 | HF28: =IF($F$21=F28,0.5,IF($F$21>F28,1,0)) -> 0.5 | HG28: =IF($G$21=G28,0.5,IF($G$21>G28,1,0)) -> 0.5 | HH28: =SUM(HA28:HG28) -> 3.5 | HI28: =IF(HH28=3.5,0.5,IF(HH28>3.5,1,0)) -> 0.5 | HK28: =IF($A$22=A28,0.5,IF($A$22>A28,1,0)) -> 0.5 | HL28: =IF($B$22=B28,0.5,IF($B$22>B28,1,0)) -> 0.5 | HM28: =IF($C$22=C28,0.5,IF($C$22>C28,1,0)) -> 0.5 | HN28: =IF($D$22=D28,0.5,IF($D$22>D28,1,0)) -> 0.5 | HO28: =IF($E$22=E28,0.5,IF($E$22>E28,1,0)) -> 0.5 | HP28: =IF($F$22=F28,0.5,IF($F$22>F28,1,0)) -> 0.5 | HQ28: =IF($G$22=G28,0.5,IF($G$22>G28,1,0)) -> 0.5 | HR28: =SUM(HK28:HQ28) -> 3.5 | HS28: =IF(HR28=3.5,0.5,IF(HR28>3.5,1,0)) -> 0.5 | HU28: =IF($A$23=A28,0.5,IF($A$23>A28,1,0)) -> 0.5 | HV28: =IF($B$23=B28,0.5,IF($B$23>B28,1,0)) -> 0.5 | HW28: =IF($C$23=C28,0.5,IF($C$23>C28,1,0)) -> 0.5 | HX28: =IF($D$23=D28,0.5,IF($D$23>D28,1,0)) -> 0.5 | HY28: =IF($E$23=E28,0.5,IF($E$23>E28,1,0)) -> 0.5 | HZ28: =IF($F$23=F28,0.5,IF($F$23>F28,1,0)) -> 0.5 | IA28: =IF($G$23=G28,0.5,IF($G$23>G28,1,0)) -> 0.5 | IB28: =SUM(HU28:IA28) -> 3.5 | IC28: =IF(IB28=3.5,0.5,IF(IB28>3.5,1,0)) -> 0.5 | IE28: =IF($A$24=A28,0.5,IF($A$24>A28,1,0)) -> 0.5 | IF28: =IF($B$24=B28,0.5,IF($B$24>B28,1,0)) -> 0.5 | IG28: =IF($C$24=C28,0.5,IF($C$24>C28,1,0)) -> 0.5 | IH28: =IF($D$24=D28,0.5,IF($D$24>D28,1,0)) -> 0.5 | II28: =IF($E$24=E28,0.5,IF($E$24>E28,1,0)) -> 0.5 | IJ28: =IF($F$24=F28,0.5,IF($F$24>F28,1,0)) -> 0.5 | IK28: =IF($G$24=G28,0.5,IF($G$24>G28,1,0)) -> 0.5 | IL28: =SUM(IE28:IK28) -> 3.5 | IM28: =IF(IL28=3.5,0.5,IF(IL28>3.5,1,0)) -> 0.5 | IN28: =IF($A$25=A28,0.5,IF($A$25>A28,1,0)) -> 0.5 | IO28: =IF($B$25=B28,0.5,IF($B$25>B28,1,0)) -> 0.5 | IP28: =IF($C$25=C28,0.5,IF($C$25>C28,1,0)) -> 0.5 | IQ28: =IF($D$25=D28,0.5,IF($D$25>D28,1,0)) -> 0.5 | IR28: =IF($E$25=E28,0.5,IF($E$25>E28,1,0)) -> 0.5 | IS28: =IF($F$25=F28,0.5,IF($F$25>F28,1,0)) -> 0.5 | IT28: =IF($G$25=G28,0.5,IF($G$25>G28,1,0)) -> 0.5 | IU28: =SUM(IN28:IT28) -> 3.5 | IV28: =IF(IU28=3.5,0.5,IF(IU28>3.5,1,0)) -> 0.5 | IX28: =IF($A$26=A28,0.5,IF($A$26>A28,1,0)) -> 0.5 | IY28: =IF($B$26=B28,0.5,IF($B$26>B28,1,0)) -> 0.5 | IZ28: =IF($C$26=C28,0.5,IF($C$26>C28,1,0)) -> 0.5 | JA28: =IF($D$26=D28,0.5,IF($D$26>D28,1,0)) -> 0.5 | JB28: =IF($E$26=E28,0.5,IF($E$26>E28,1,0)) -> 0.5 | JC28: =IF($F$26=F28,0.5,IF($F$26>F28,1,0)) -> 0.5 | JD28: =IF($G$26=G28,0.5,IF($G$26>G28,1,0)) -> 0.5 | JE28: =SUM(IX28:JD28) -> 3.5 | JF28: =IF(JE28=3.5,0.5,IF(JE28>3.5,1,0)) -> 0.5 | JH28: =IF($A$27=A28,0.5,IF($A$27>A28,1,0)) -> 0.5 | JI28: =IF($B$27=B28,0.5,IF($B$27>B28,1,0)) -> 0.5 | JJ28: =IF($C$27=C28,0.5,IF($C$27>C28,1,0)) -> 0.5 | JK28: =IF($D$27=D28,0.5,IF($D$27>D28,1,0)) -> 0.5 | JL28: =IF($E$27=E28,0.5,IF($E$27>E28,1,0)) -> 0.5 | JM28: =IF($F$27=F28,0.5,IF($F$27>F28,1,0)) -> 0.5 | JN28: =IF($G$27=G28,0.5,IF($G$27>G28,1,0)) -> 0.5 | JO28: =SUM(JH28:JN28) -> 3.5 | JP28: =IF(JO28=3.5,0.5,IF(JO28>3.5,1,0)) -> 0.5
A29: =KeyIn!N34 -> 0 | B29: =KeyIn!T34 -> 0 | C29: =KeyIn!Z34 -> 0 | D29: 0 | E29: 0 | F29: 0 | G29: 0 | I29: =IF($A$1=A29,0.5,IF($A$1>A29,1,0)) -> 0.5 | J29: =IF($B$1=B29,0.5,IF($B$1>B29,1,0)) -> 0.5 | K29: =IF($C$1=C29,0.5,IF($C$1>C29,1,0)) -> 0.5 | L29: =IF($D$1=D29,0.5,IF($D$1>D29,1,0)) -> 0.5 | M29: =IF($E$1=E29,0.5,IF($E$1>E29,1,0)) -> 0.5 | N29: =IF($F$1=F29,0.5,IF($F$1>F29,1,0)) -> 0.5 | O29: =IF($G$1=G29,0.5,IF($G$1>G29,1,0)) -> 0.5 | P29: =SUM(I29:O29) -> 3.5 | Q29: =IF(P29=3.5,0.5,IF(P29>3.5,1,0)) -> 0.5 | S29: =IF($A$2=A29,0.5,IF($A$2>A29,1,0)) -> 0.5 | T29: =IF($B$2=B29,0.5,IF($B$2>B29,1,0)) -> 0.5 | U29: =IF($C$2=C29,0.5,IF($C$2>C29,1,0)) -> 0.5 | V29: =IF($D$2=D29,0.5,IF($D$2>D29,1,0)) -> 0.5 | W29: =IF($E$2=E29,0.5,IF($E$2>E29,1,0)) -> 0.5 | X29: =IF($F$2=F29,0.5,IF($F$2>F29,1,0)) -> 0.5 | Y29: =IF($G$2=G29,0.5,IF($G$2>G29,1,0)) -> 0.5 | Z29: =SUM(S29:Y29) -> 3.5 | AA29: =IF(Z29=3.5,0.5,IF(Z29>3.5,1,0)) -> 0.5 | AC29: =IF($A$3=A29,0.5,IF($A$3>A29,1,0)) -> 0.5 | AD29: =IF($B$3=B29,0.5,IF($B$3>B29,1,0)) -> 0.5 | AE29: =IF($C$3=C29,0.5,IF($C$3>C29,1,0)) -> 0.5 | AF29: =IF($D$3=D29,0.5,IF($D$3>D29,1,0)) -> 0.5 | AG29: =IF($E$3=E29,0.5,IF($E$3>E29,1,0)) -> 0.5 | AH29: =IF($F$3=F29,0.5,IF($F$3>F29,1,0)) -> 0.5 | AI29: =IF($G$3=G29,0.5,IF($G$3>G29,1,0)) -> 0.5 | AJ29: =SUM(AC29:AI29) -> 3.5 | AK29: =IF(AJ29=3.5,0.5,IF(AJ29>3.5,1,0)) -> 0.5 | AM29: =IF($A$4=A29,0.5,IF($A$4>A29,1,0)) -> 0.5 | AN29: =IF($B$4=B29,0.5,IF($B$4>B29,1,0)) -> 0.5 | AO29: =IF($C$4=C29,0.5,IF($C$4>C29,1,0)) -> 0.5 | AP29: =IF($D$4=D29,0.5,IF($D$4>D29,1,0)) -> 0.5 | AQ29: =IF($E$4=E29,0.5,IF($E$4>E29,1,0)) -> 0.5 | AR29: =IF($F$4=F29,0.5,IF($F$4>F29,1,0)) -> 0.5 | AS29: =IF($G$4=G29,0.5,IF($G$4>G29,1,0)) -> 0.5 | AT29: =SUM(AM29:AS29) -> 3.5 | AU29: =IF(AT29=3.5,0.5,IF(AT29>3.5,1,0)) -> 0.5 | AW29: =IF($A$5=A29,0.5,IF($A$5>A29,1,0)) -> 0.5 | AX29: =IF($B$5=B29,0.5,IF($B$5>B29,1,0)) -> 0.5 | AY29: =IF($C$5=C29,0.5,IF($C$5>C29,1,0)) -> 0.5 | AZ29: =IF($D$5=D29,0.5,IF($D$5>D29,1,0)) -> 0.5 | BA29: =IF($E$5=E29,0.5,IF($E$5>E29,1,0)) -> 0.5 | BB29: =IF($F$5=F29,0.5,IF($F$5>F29,1,0)) -> 0.5 | BC29: =IF($G$5=G29,0.5,IF($G$5>G29,1,0)) -> 0.5 | BD29: =SUM(AW29:BC29) -> 3.5 | BE29: =IF(BD29=3.5,0.5,IF(BD29>3.5,1,0)) -> 0.5 | BG29: =IF($A$6=A29,0.5,IF($A$6>A29,1,0)) -> 0.5 | BH29: =IF($B$6=B29,0.5,IF($B$6>B29,1,0)) -> 0.5 | BI29: =IF($C$6=C29,0.5,IF($C$6>C29,1,0)) -> 0.5 | BJ29: =IF($D$6=D29,0.5,IF($D$6>D29,1,0)) -> 0.5 | BK29: =IF($E$6=E29,0.5,IF($E$6>E29,1,0)) -> 0.5 | BL29: =IF($F$6=F29,0.5,IF($F$6>F29,1,0)) -> 0.5 | BM29: =IF($G$6=G29,0.5,IF($G$6>G29,1,0)) -> 0.5 | BN29: =SUM(BG29:BM29) -> 3.5 | BO29: =IF(BN29=3.5,0.5,IF(BN29>3.5,1,0)) -> 0.5 | BQ29: =IF($A$7=A29,0.5,IF($A$7>A29,1,0)) -> 0.5 | BR29: =IF($B$7=B29,0.5,IF($B$7>B29,1,0)) -> 0.5 | BS29: =IF($C$7=C29,0.5,IF($C$7>C29,1,0)) -> 0.5 | BT29: =IF($D$7=D29,0.5,IF($D$7>D29,1,0)) -> 0.5 | BU29: =IF($E$7=E29,0.5,IF($E$7>E29,1,0)) -> 0.5 | BV29: =IF($F$7=F29,0.5,IF($F$7>F29,1,0)) -> 0.5 | BW29: =IF($G$7=G29,0.5,IF($G$7>G29,1,0)) -> 0.5 | BX29: =SUM(BQ29:BW29) -> 3.5 | BY29: =IF(BX29=3.5,0.5,IF(BX29>3.5,1,0)) -> 0.5 | CA29: =IF($A$8=A29,0.5,IF($A$8>A29,1,0)) -> 0.5 | CB29: =IF($B$8=B29,0.5,IF($B$8>B29,1,0)) -> 0.5 | CC29: =IF($C$8=C29,0.5,IF($C$8>C29,1,0)) -> 0.5 | CD29: =IF($D$8=D29,0.5,IF($D$8>D29,1,0)) -> 0.5 | CE29: =IF($E$8=E29,0.5,IF($E$8>E29,1,0)) -> 0.5 | CF29: =IF($F$8=F29,0.5,IF($F$8>F29,1,0)) -> 0.5 | CG29: =IF($G$8=G29,0.5,IF($G$8>G29,1,0)) -> 0.5 | CH29: =SUM(CA29:CG29) -> 3.5 | CI29: =IF(CH29=3.5,0.5,IF(CH29>3.5,1,0)) -> 0.5 | CK29: =IF($A$9=A29,0.5,IF($A$9>A29,1,0)) -> 0.5 | CL29: =IF($B$9=B29,0.5,IF($B$9>B29,1,0)) -> 0.5 | CM29: =IF($C$9=C29,0.5,IF($C$9>C29,1,0)) -> 0.5 | CN29: =IF($D$9=D29,0.5,IF($D$9>D29,1,0)) -> 0.5 | CO29: =IF($E$9=E29,0.5,IF($E$9>E29,1,0)) -> 0.5 | CP29: =IF($F$9=F29,0.5,IF($F$9>F29,1,0)) -> 0.5 | CQ29: =IF($G$9=G29,0.5,IF($G$9>G29,1,0)) -> 0.5 | CR29: =SUM(CK29:CQ29) -> 3.5 | CS29: =IF(CR29=3.5,0.5,IF(CR29>3.5,1,0)) -> 0.5 | CU29: =IF($A$10=A29,0.5,IF($A$10>A29,1,0)) -> 0.5 | CV29: =IF($B$10=B29,0.5,IF($B$10>B29,1,0)) -> 0.5 | CW29: =IF($C$10=C29,0.5,IF($C$10>C29,1,0)) -> 0.5 | CX29: =IF($D$10=D29,0.5,IF($D$10>D29,1,0)) -> 0.5 | CY29: =IF($E$10=E29,0.5,IF($E$10>E29,1,0)) -> 0.5 | CZ29: =IF($F$10=F29,0.5,IF($F$10>F29,1,0)) -> 0.5 | DA29: =IF($G$10=G29,0.5,IF($G$10>G29,1,0)) -> 0.5 | DB29: =SUM(CU29:DA29) -> 3.5 | DC29: =IF(DB29=3.5,0.5,IF(DB29>3.5,1,0)) -> 0.5 | DE29: =IF($A$11=A29,0.5,IF($A$11>A29,1,0)) -> 0.5 | DF29: =IF($B$11=B29,0.5,IF($B$11>B29,1,0)) -> 0.5 | DG29: =IF($C$11=C29,0.5,IF($C$11>C29,1,0)) -> 0.5 | DH29: =IF($D$11=D29,0.5,IF($D$11>D29,1,0)) -> 0.5 | DI29: =IF($E$11=E29,0.5,IF($E11>$E$29,1,0)) -> 0.5 | DJ29: =IF($F$11=F29,0.5,IF($F$11>F29,1,0)) -> 0.5 | DK29: =IF($G$11=G29,0.5,IF($G$11>G29,1,0)) -> 0.5 | DL29: =SUM(DE29:DK29) -> 3.5 | DM29: =IF(DL29=3.5,0.5,IF(DL29>3.5,1,0)) -> 0.5 | DO29: =IF($A$12=A29,0.5,IF($A$12>A29,1,0)) -> 0.5 | DP29: =IF($B$12=B29,0.5,IF($B$12>B29,1,0)) -> 0.5 | DQ29: =IF($C$12=C29,0.5,IF($C$12>C29,1,0)) -> 0.5 | DR29: =IF($D$12=D29,0.5,IF($D$12>D29,1,0)) -> 0.5 | DS29: =IF($E$12=E29,0.5,IF($E$12>E29,1,0)) -> 0.5 | DT29: =IF($F$12=F29,0.5,IF($F$12>F29,1,0)) -> 0.5 | DU29: =IF($G$12=G29,0.5,IF($G$12>G29,1,0)) -> 0.5 | DV29: =SUM(DO29:DU29) -> 3.5 | DW29: =IF(DV29=3.5,0.5,IF(DV29>3.5,1,0)) -> 0.5 | DY29: =IF($A$13=A29,0.5,IF($A$13>A29,1,0)) -> 0.5 | DZ29: =IF($B$13=B29,0.5,IF($B$13>B29,1,0)) -> 0.5 | EA29: =IF($C$13=C29,0.5,IF($C$13>C29,1,0)) -> 0.5 | EB29: =IF($D$13=D29,0.5,IF($D$13>D29,1,0)) -> 0.5 | EC29: =IF($E$13=E29,0.5,IF($E$13>E29,1,0)) -> 0.5 | ED29: =IF($F$13=F29,0.5,IF($F$13>F29,1,0)) -> 0.5 | EE29: =IF($G$13=G29,0.5,IF($G$13>G29,1,0)) -> 0.5 | EF29: =SUM(DY29:EE29) -> 3.5 | EG29: =IF(EF29=3.5,0.5,IF(EF29>3.5,1,0)) -> 0.5 | EI29: =IF($A$14=A29,0.5,IF($A$14>A29,1,0)) -> 0.5 | EJ29: =IF($B$14=B29,0.5,IF($B$14>B29,1,0)) -> 0.5 | EK29: =IF($C$14=C29,0.5,IF($C$14>C29,1,0)) -> 0.5 | EL29: =IF($D$14=D29,0.5,IF($D$14>D29,1,0)) -> 0.5 | EM29: =IF($E$14=E29,0.5,IF($E$14>E29,1,0)) -> 0.5 | EN29: =IF($F$14=F29,0.5,IF($F$14>F29,1,0)) -> 0.5 | EO29: =IF($G$14=G29,0.5,IF($G$14>G29,1,0)) -> 0.5 | EP29: =SUM(EI29:EO29) -> 3.5 | EQ29: =IF(EP29=3.5,0.5,IF(EP29>3.5,1,0)) -> 0.5 | ES29: =IF($A$15=A29,0.5,IF($A$15>A29,1,0)) -> 0.5 | ET29: =IF($B$15=B29,0.5,IF($B$15>B29,1,0)) -> 0.5 | EU29: =IF($C$15=C29,0.5,IF($C$15>C29,1,0)) -> 0.5 | EV29: =IF($D$15=D29,0.5,IF($D$15>D29,1,0)) -> 0.5 | EW29: =IF($E$15=E29,0.5,IF($E$15>E29,1,0)) -> 0.5 | EX29: =IF($F$15=F29,0.5,IF($F$15>F29,1,0)) -> 0.5 | EY29: =IF($G$15=G29,0.5,IF($G$15>G29,1,0)) -> 0.5 | EZ29: =SUM(ES29:EY29) -> 3.5 | FA29: =IF(EZ29=3.5,0.5,IF(EZ29>3.5,1,0)) -> 0.5 | FC29: =IF($A$16=A29,0.5,IF($A$16>A29,1,0)) -> 0.5 | FD29: =IF($B$16=B29,0.5,IF($B$16>B29,1,0)) -> 0.5 | FE29: =IF($C$16=C29,0.5,IF($C$16>C29,1,0)) -> 0.5 | FF29: =IF($D$16=D29,0.5,IF($D$16>D29,1,0)) -> 0.5 | FG29: =IF($E$16=E29,0.5,IF($E$16>E29,1,0)) -> 0.5 | FH29: =IF($F$16=F29,0.5,IF($F$16>F29,1,0)) -> 0.5 | FI29: =IF($G$16=G29,0.5,IF($G$16>G29,1,0)) -> 0.5 | FJ29: =SUM(FC29:FI29) -> 3.5 | FK29: =IF(FJ29=3.5,0.5,IF(FJ29>3.5,1,0)) -> 0.5 | FM29: =IF($A$17=A29,0.5,IF($A$17>A29,1,0)) -> 0.5 | FN29: =IF($B$17=B29,0.5,IF($B$17>B29,1,0)) -> 0.5 | FO29: =IF($C$17=C29,0.5,IF($C$17>C29,1,0)) -> 0.5 | FP29: =IF($D$17=D29,0.5,IF($D$17>D29,1,0)) -> 0.5 | FQ29: =IF($E$17=E29,0.5,IF($E$17>E29,1,0)) -> 0.5 | FR29: =IF($F$17=F29,0.5,IF($F$17>F29,1,0)) -> 0.5 | FS29: =IF($G$17=G29,0.5,IF($G$17>G29,1,0)) -> 0.5 | FT29: =SUM(FM29:FS29) -> 3.5 | FU29: =IF(FT29=3.5,0.5,IF(FT29>3.5,1,0)) -> 0.5 | FW29: =IF($A$18=A29,0.5,IF($A$18>A29,1,0)) -> 0.5 | FX29: =IF($B$18=B29,0.5,IF($B$18>B29,1,0)) -> 0.5 | FY29: =IF($C$18=C29,0.5,IF($C$18>C29,1,0)) -> 0.5 | FZ29: =IF($D$18=D29,0.5,IF($D$18>D29,1,0)) -> 0.5 | GA29: =IF($E$18=E29,0.5,IF($E$18>E29,1,0)) -> 0.5 | GB29: =IF($F$18=F29,0.5,IF($F$18>F29,1,0)) -> 0.5 | GC29: =IF($G$18=G29,0.5,IF($G$18>G29,1,0)) -> 0.5 | GD29: =SUM(FW29:GC29) -> 3.5 | GE29: =IF(GD29=3.5,0.5,IF(GD29>3.5,1,0)) -> 0.5 | GG29: =IF($A$19=A29,0.5,IF($A$19>A29,1,0)) -> 0.5 | GH29: =IF($B$19=B29,0.5,IF($B$19>B29,1,0)) -> 0.5 | GI29: =IF($C$19=C29,0.5,IF($C$19>C29,1,0)) -> 0.5 | GJ29: =IF($D$19=D29,0.5,IF($D$19>D29,1,0)) -> 0.5 | GK29: =IF($E$19=E29,0.5,IF($E$19>E29,1,0)) -> 0.5 | GL29: =IF($F$19=F29,0.5,IF($F$19>F29,1,0)) -> 0.5 | GM29: =IF($G$19=G29,0.5,IF($G$19>G29,1,0)) -> 0.5 | GN29: =SUM(GG29:GM29) -> 3.5 | GO29: =IF(GN29=3.5,0.5,IF(GN29>3.5,1,0)) -> 0.5 | GQ29: =IF($A$20=A29,0.5,IF($A$20>A29,1,0)) -> 0.5 | GR29: =IF($B$20=B29,0.5,IF($B$20>B29,1,0)) -> 0.5 | GS29: =IF($C$20=C29,0.5,IF($C$20>C29,1,0)) -> 0.5 | GT29: =IF($D$20=D29,0.5,IF($D$20>D29,1,0)) -> 0.5 | GU29: =IF($E$20=E29,0.5,IF($E$20>E29,1,0)) -> 0.5 | GV29: =IF($F$20=F29,0.5,IF($F$20>F29,1,0)) -> 0.5 | GW29: =IF($G$20=G29,0.5,IF($G$20>G29,1,0)) -> 0.5 | GX29: =SUM(GQ29:GW29) -> 3.5 | GY29: =IF(GX29=3.5,0.5,IF(GX29>3.5,1,0)) -> 0.5 | HA29: =IF($A$21=A29,0.5,IF($A$21>A29,1,0)) -> 0.5 | HB29: =IF($B$21=B29,0.5,IF($B$21>B29,1,0)) -> 0.5 | HC29: =IF($C$21=C29,0.5,IF($C$21>C29,1,0)) -> 0.5 | HD29: =IF($D$21=D29,0.5,IF($D$21>D29,1,0)) -> 0.5 | HE29: =IF($E$21=E29,0.5,IF($E$21>E29,1,0)) -> 0.5 | HF29: =IF($F$21=F29,0.5,IF($F$21>F29,1,0)) -> 0.5 | HG29: =IF($G$21=G29,0.5,IF($G$21>G29,1,0)) -> 0.5 | HH29: =SUM(HA29:HG29) -> 3.5 | HI29: =IF(HH29=3.5,0.5,IF(HH29>3.5,1,0)) -> 0.5 | HK29: =IF($A$22=A29,0.5,IF($A$22>A29,1,0)) -> 0.5 | HL29: =IF($B$22=B29,0.5,IF($B$22>B29,1,0)) -> 0.5 | HM29: =IF($C$22=C29,0.5,IF($C$22>C29,1,0)) -> 0.5 | HN29: =IF($D$22=D29,0.5,IF($D$22>D29,1,0)) -> 0.5 | HO29: =IF($E$22=E29,0.5,IF($E$22>E29,1,0)) -> 0.5 | HP29: =IF($F$22=F29,0.5,IF($F$22>F29,1,0)) -> 0.5 | HQ29: =IF($G$22=G29,0.5,IF($G$22>G29,1,0)) -> 0.5 | HR29: =SUM(HK29:HQ29) -> 3.5 | HS29: =IF(HR29=3.5,0.5,IF(HR29>3.5,1,0)) -> 0.5 | HU29: =IF($A$23=A29,0.5,IF($A$23>A29,1,0)) -> 0.5 | HV29: =IF($B$23=B29,0.5,IF($B$23>B29,1,0)) -> 0.5 | HW29: =IF($C$23=C29,0.5,IF($C$23>C29,1,0)) -> 0.5 | HX29: =IF($D$23=D29,0.5,IF($D$23>D29,1,0)) -> 0.5 | HY29: =IF($E$23=E29,0.5,IF($E$23>E29,1,0)) -> 0.5 | HZ29: =IF($F$23=F29,0.5,IF($F$23>F29,1,0)) -> 0.5 | IA29: =IF($G$23=G29,0.5,IF($G$23>G29,1,0)) -> 0.5 | IB29: =SUM(HU29:IA29) -> 3.5 | IC29: =IF(IB29=3.5,0.5,IF(IB29>3.5,1,0)) -> 0.5 | IE29: =IF($A$24=A29,0.5,IF($A$24>A29,1,0)) -> 0.5 | IF29: =IF($B$24=B29,0.5,IF($B$24>B29,1,0)) -> 0.5 | IG29: =IF($C$24=C29,0.5,IF($C$24>C29,1,0)) -> 0.5 | IH29: =IF($D$24=D29,0.5,IF($D$24>D29,1,0)) -> 0.5 | II29: =IF($E$24=E29,0.5,IF($E$24>E29,1,0)) -> 0.5 | IJ29: =IF($F$24=F29,0.5,IF($F$24>F29,1,0)) -> 0.5 | IK29: =IF($G$24=G29,0.5,IF($G$24>G29,1,0)) -> 0.5 | IL29: =SUM(IE29:IK29) -> 3.5 | IM29: =IF(IL29=3.5,0.5,IF(IL29>3.5,1,0)) -> 0.5 | IN29: =IF($A$25=A29,0.5,IF($A$25>A29,1,0)) -> 0.5 | IO29: =IF($B$25=B29,0.5,IF($B$25>B29,1,0)) -> 0.5 | IP29: =IF($C$25=C29,0.5,IF($C$25>C29,1,0)) -> 0.5 | IQ29: =IF($D$25=D29,0.5,IF($D$25>D29,1,0)) -> 0.5 | IR29: =IF($E$25=E29,0.5,IF($E$25>E29,1,0)) -> 0.5 | IS29: =IF($F$25=F29,0.5,IF($F$25>F29,1,0)) -> 0.5 | IT29: =IF($G$25=G29,0.5,IF($G$25>G29,1,0)) -> 0.5 | IU29: =SUM(IN29:IT29) -> 3.5 | IV29: =IF(IU29=3.5,0.5,IF(IU29>3.5,1,0)) -> 0.5 | IX29: =IF($A$26=A29,0.5,IF($A$26>A29,1,0)) -> 0.5 | IY29: =IF($B$26=B29,0.5,IF($B$26>B29,1,0)) -> 0.5 | IZ29: =IF($C$26=C29,0.5,IF($C$26>C29,1,0)) -> 0.5 | JA29: =IF($D$26=D29,0.5,IF($D$26>D29,1,0)) -> 0.5 | JB29: =IF($E$26=E29,0.5,IF($E$26>E29,1,0)) -> 0.5 | JC29: =IF($F$26=F29,0.5,IF($F$26>F29,1,0)) -> 0.5 | JD29: =IF($G$26=G29,0.5,IF($G$26>G29,1,0)) -> 0.5 | JE29: =SUM(IX29:JD29) -> 3.5 | JF29: =IF(JE29=3.5,0.5,IF(JE29>3.5,1,0)) -> 0.5 | JH29: =IF($A$27=A29,0.5,IF($A$27>A29,1,0)) -> 0.5 | JI29: =IF($B$27=B29,0.5,IF($B$27>B29,1,0)) -> 0.5 | JJ29: =IF($C$27=C29,0.5,IF($C$27>C29,1,0)) -> 0.5 | JK29: =IF($D$27=D29,0.5,IF($D$27>D29,1,0)) -> 0.5 | JL29: =IF($E$27=E29,0.5,IF($E$27>E29,1,0)) -> 0.5 | JM29: =IF($F$27=F29,0.5,IF($F$27>F29,1,0)) -> 0.5 | JN29: =IF($G$27=G29,0.5,IF($G$27>G29,1,0)) -> 0.5 | JO29: =SUM(JH29:JN29) -> 3.5 | JP29: =IF(JO29=3.5,0.5,IF(JO29>3.5,1,0)) -> 0.5 | JR29: =IF($A$28=A29,0.5,IF($A$28>A29,1,0)) -> 0.5 | JS29: =IF($B$28=B29,0.5,IF($B$28>B29,1,0)) -> 0.5 | JT29: =IF($C$28=C29,0.5,IF($C$28>C29,1,0)) -> 0.5 | JU29: =IF($D$28=D29,0.5,IF($D$28>D29,1,0)) -> 0.5 | JV29: =IF($E$28=E29,0.5,IF($E$28>E29,1,0)) -> 0.5 | JW29: =IF($F$28=F29,0.5,IF($F$28>F29,1,0)) -> 0.5 | JX29: =IF($G$28=G29,0.5,IF($G$28>G29,1,0)) -> 0.5 | JY29: =SUM(JR29:JX29) -> 3.5 | JZ29: =IF(JY29=3.5,0.5,IF(JY29>3.5,1,0)) -> 0.5
