Workbook
Name list1: #REF!
Name list1: #REF!
Name LIST2: '(1) 成績輸入'!$K$92:$K$94
Name LIST3: '(1) 成績輸入'!$K$92:$K$99
Name list4: '(1) 成績輸入'!$K$91:$K$99
Name 名次: '[1]成績輸入~'!$K$67:$K$69
Name 名次: '[1]成績輸入~'!$K$67:$K$69
Name 名次: '(1) 成績輸入'!$K$69:$K$71

Sheet 注意事項
C4: 席次法系統：閃鈴教室製作 (五人總分版) 1.0
C6: 注意事項
C7: 1.裁判成績，如有到小數點兩位(如： 80.46)，成績總表只會顯示一位(如：80.5)，但判決內容不影響。
C8: 2.此版本，使用office 2007製作，再別的版本可能會有錯誤，請再驗證。(2003不能使用)
C9: 3.此版本為2014 Formsoa扯鈴大賽版本，非現在Formosa之版本。
C10: 4.如系統有誤，或其它問題，歡迎告知。
C12: 其它賽會使用
C13: 1.為推廣更好的評分系統，本系統無償提供所有賽會使用。
C14: 2.本系統由閃鈴教室製作，如賽會需要使用，需在章程或成績表上註記「使用之版本」。( 席次法系統：閃鈴教室製作 (五人總分版) 1.0)
C15: 3.本單位不能承單系統出錯之責任，煩請比賽單位自行驗證成績。
C16: 4.系統有誤，勿必告知。
C18: 連絡方式：fb粉絲專頁：閃鈴教室 扯鈴教學 Diabolo Classroom 或 tancle.taiwan@gmail.com 李坦闊

Sheet (1) 成績輸入
B1: 盃賽名稱： | C1: 鈴屆好兄弟扯鈴大賽
B2: 比賽項目： | C2: 扯鈴 | N2: 請填入紅色框框內， 其它部分請勿更動。
B3: 比賽組別： | C3: 賣萌小動物 男女混合組
B4: 比賽時間： | C4: 0.4375
B5: 公告時間： | C5: 0.48611111
A7: no. | B7: 選手 | D7: 裁判評分 | K7: 手動輸入最終名次 | N7: 第一輪 | O7: 第二輪 | R7: 裁判群 | S7: 裁判一： | T7: 擄夫
B8: 學校/團隊 | C8: 姓名 | N8: 席次法名次 | O8: 總平均分名次 | S8: 裁判二： | T8: 哆拉逼夢
B9: Team | C9: name | D9: 一 | E9: 二 | F9: 三 | G9: 四 | H9: 五 | I9: 六 | J9: 七 | S9: 裁判三： | T9: 伊折銳耳
A10: 1 | C10: 拉拉熊 | D10: 88 | E10: 85 | F10: 90 | G10: 81 | K10: 第一名 | N10: ='席次法運算(勿動)'!ABX2 -> 1 | O10: ='席次法運算(勿動)'!ACG2 -> 3 | S10: 裁判四： | T10: 你踩
A11: 2 | C11: 凱蒂 | D11: 86 | E11: 84 | F11: 90 | G11: 99 | K11: 第二名 | N11: ='席次法運算(勿動)'!ABX3 -> 2 | O11: ='席次法運算(勿動)'!ACG3 -> 1 | S11: 裁判五：
A12: 3 | C12: 皮卡丘 | D12: 84 | E12: 83 | F12: 89 | G12: 80 | K12: 第三名 | N12: ='席次法運算(勿動)'!ABX4 -> 3 | O12: ='席次法運算(勿動)'!ACG4 -> 5 | S12: 裁判六：
A13: 4 | C13: 海綿 | D13: 82 | E13: 82 | F13: 89 | G13: 92 | N13: ='席次法運算(勿動)'!ABX5 -> 4 | O13: ='席次法運算(勿動)'!ACG5 -> 2 | S13: 裁判七：
A14: 5 | C14: 吉胖喵 | D14: 80 | E14: 81 | F14: 89 | G14: 90 | N14: ='席次法運算(勿動)'!ABX6 -> 5 | O14: ='席次法運算(勿動)'!ACG6 -> 4 | S14: 記錄員： | T14: 畢卡鎖
A15: 6 | N15: ='席次法運算(勿動)'!ABX7 -> - | O15: ='席次法運算(勿動)'!ACG7 -> 6
A16: 7 | N16: ='席次法運算(勿動)'!ABX8 -> - | O16: ='席次法運算(勿動)'!ACG8 -> 6
A17: 8 | N17: ='席次法運算(勿動)'!ABX9 -> - | O17: ='席次法運算(勿動)'!ACG9 -> 6
A18: 9 | N18: ='席次法運算(勿動)'!ABX10 -> - | O18: ='席次法運算(勿動)'!ACG10 -> 6
A19: 10 | N19: ='席次法運算(勿動)'!ABX11 -> - | O19: ='席次法運算(勿動)'!ACG11 -> 6
A20: 11 | N20: ='席次法運算(勿動)'!ABX12 -> - | O20: ='席次法運算(勿動)'!ACG12 -> 6
A21: 12 | N21: ='席次法運算(勿動)'!ABX13 -> - | O21: ='席次法運算(勿動)'!ACG13 -> 6
A22: 13 | N22: ='席次法運算(勿動)'!ABX14 -> - | O22: ='席次法運算(勿動)'!ACG14 -> 6
A23: 14 | N23: ='席次法運算(勿動)'!ABX15 -> - | O23: ='席次法運算(勿動)'!ACG15 -> 6
A24: 15 | N24: ='席次法運算(勿動)'!ABX16 -> - | O24: ='席次法運算(勿動)'!ACG16 -> 6
A25: 16 | N25: ='席次法運算(勿動)'!ABX17 -> - | O25: ='席次法運算(勿動)'!ACG17 -> 6
A26: 17 | N26: ='席次法運算(勿動)'!ABX18 -> - | O26: ='席次法運算(勿動)'!ACG18 -> 6
... A89: 80 | N89: ='席次法運算(勿動)'!ABX81 -> - | O89: ='席次法運算(勿動)'!ACG81 -> 6
K91: 錄取決賽
K92: 第一名
K93: 第二名
K94: 第三名
K95: 第四名
K96: 第五名
K97: 第六名
K98: 第七名
K99: 第八名

Sheet (2) 印出成績總表 
B1: ='(1) 成績輸入'!C1 -> 鈴屆好兄弟扯鈴大賽 | M1: 席次法系統：閃鈴教室製作 (五人總分版) 1.0
M2: 裁判 | N2: 裁判一： | P2: ='(1) 成績輸入'!T7 -> 擄夫 | T2: 記錄員： | U2: ='(1) 成績輸入'!T14 -> 畢卡鎖
N3: 裁判二： | P3: ='(1) 成績輸入'!T8 -> 哆拉逼夢 | T3: 公 告： | W3: ='(1) 成績輸入'!C5 -> 0.48611111
B4: 比賽項目： | C4: ='(1) 成績輸入'!C2 -> 扯鈴 | E4: ='(1) 成績輸入'!C4 -> 0.4375 | N4: 裁判三： | P4: ='(1) 成績輸入'!T9 -> 伊折銳耳 | T4: 裁判長簽名：
B5: 比賽組別： | C5: ='(1) 成績輸入'!C3 -> 賣萌小動物 男女混合組 | N5: 裁判四： | P5: ='(1) 成績輸入'!T10 -> 你踩
N6: 裁判五： | P6: ='(1) 成績輸入'!T11 -> 0
N7: 裁判六： | P7: ='(1) 成績輸入'!T12 -> 0
N8: 裁判七： | P8: ='(1) 成績輸入'!T13 -> 0
A11: no. | B11: 學校名稱 | C11: 姓名 | D11: 裁判名次(第一輪) | K11: 席次法 | M11: 裁判評分(第二輪) | T11: 總平 均分 | W11: 最終名次
D13: 一 | E13: 二 | F13: 三 | G13: 四 | H13: 五 | I13: 六 | J13: 七 | K13: 積分 | L13: 排序 | M13: 一 | N13: 二 | O13: 三 | P13: 四 | Q13: 五 | R13: 六 | S13: 七
A14: 1 | B14: ='(1) 成績輸入'!B10 -> 0 | C14: ='(1) 成績輸入'!C10 -> 拉拉熊 | D14: ='席次法運算(勿動)'!ABP2 -> 1 | E14: ='席次法運算(勿動)'!ABQ2 -> 1 | F14: ='席次法運算(勿動)'!ABR2 -> 1 | G14: ='席次法運算(勿動)'!ABS2 -> 4 | H14: ='席次法運算(勿動)'!ABT2 -> - | I14: ='席次法運算(勿動)'!ABU2 -> - | J14: ='席次法運算(勿動)'!ABV2 -> - | K14: ='席次法運算(勿動)'!ABW2 -> 4 | ... T14: ='席次法運算(勿動)'!ACF2 -> 86 | W14: ='(1) 成績輸入'!K10 -> 第一名
A15: 2 | B15: ='(1) 成績輸入'!B11 -> 0 | C15: ='(1) 成績輸入'!C11 -> 凱蒂 | D15: ='席次法運算(勿動)'!ABP3 -> 2 | E15: ='席次法運算(勿動)'!ABQ3 -> 2 | F15: ='席次法運算(勿動)'!ABR3 -> 1 | G15: ='席次法運算(勿動)'!ABS3 -> 1 | H15: ='席次法運算(勿動)'!ABT3 -> - | I15: ='席次法運算(勿動)'!ABU3 -> - | J15: ='席次法運算(勿動)'!ABV3 -> - | K15: ='席次法運算(勿動)'!ABW3 -> 3 | ... T15: ='席次法運算(勿動)'!ACF3 -> 89.75 | W15: ='(1) 成績輸入'!K11 -> 第二名
A16: 3 | B16: ='(1) 成績輸入'!B12 -> 0 | C16: ='(1) 成績輸入'!C12 -> 皮卡丘 | D16: ='席次法運算(勿動)'!ABP4 -> 3 | E16: ='席次法運算(勿動)'!ABQ4 -> 3 | F16: ='席次法運算(勿動)'!ABR4 -> 3 | G16: ='席次法運算(勿動)'!ABS4 -> 5 | H16: ='席次法運算(勿動)'!ABT4 -> - | I16: ='席次法運算(勿動)'!ABU4 -> - | J16: ='席次法運算(勿動)'!ABV4 -> - | K16: ='席次法運算(勿動)'!ABW4 -> 2 | ... T16: ='席次法運算(勿動)'!ACF4 -> 84 | W16: ='(1) 成績輸入'!K12 -> 第三名
A17: 4 | B17: ='(1) 成績輸入'!B13 -> 0 | C17: ='(1) 成績輸入'!C13 -> 海綿 | D17: ='席次法運算(勿動)'!ABP5 -> 4 | E17: ='席次法運算(勿動)'!ABQ5 -> 4 | F17: ='席次法運算(勿動)'!ABR5 -> 3 | G17: ='席次法運算(勿動)'!ABS5 -> 2 | H17: ='席次法運算(勿動)'!ABT5 -> - | I17: ='席次法運算(勿動)'!ABU5 -> - | J17: ='席次法運算(勿動)'!ABV5 -> - | K17: ='席次法運算(勿動)'!ABW5 -> 1 | ... T17: ='席次法運算(勿動)'!ACF5 -> 86.25 | W17: ='(1) 成績輸入'!K13 -> 0
A18: 5 | B18: ='(1) 成績輸入'!B14 -> 0 | C18: ='(1) 成績輸入'!C14 -> 吉胖喵 | D18: ='席次法運算(勿動)'!ABP6 -> 5 | E18: ='席次法運算(勿動)'!ABQ6 -> 5 | F18: ='席次法運算(勿動)'!ABR6 -> 3 | G18: ='席次法運算(勿動)'!ABS6 -> 3 | H18: ='席次法運算(勿動)'!ABT6 -> - | I18: ='席次法運算(勿動)'!ABU6 -> - | J18: ='席次法運算(勿動)'!ABV6 -> - | K18: ='席次法運算(勿動)'!ABW6 -> 0 | ... T18: ='席次法運算(勿動)'!ACF6 -> 85 | W18: ='(1) 成績輸入'!K14 -> 0
A19: 6 | B19: ='(1) 成績輸入'!B15 -> 0 | C19: ='(1) 成績輸入'!C15 -> 0 | D19: ='席次法運算(勿動)'!ABP7 -> - | E19: ='席次法運算(勿動)'!ABQ7 -> - | F19: ='席次法運算(勿動)'!ABR7 -> - | G19: ='席次法運算(勿動)'!ABS7 -> - | H19: ='席次法運算(勿動)'!ABT7 -> - | I19: ='席次法運算(勿動)'!ABU7 -> - | J19: ='席次法運算(勿動)'!ABV7 -> - | K19: ='席次法運算(勿動)'!ABW7 -> - | ... T19: ='席次法運算(勿動)'!ACF7 -> - | W19: ='(1) 成績輸入'!K15 -> 0
A20: 7 | B20: ='(1) 成績輸入'!B16 -> 0 | C20: ='(1) 成績輸入'!C16 -> 0 | D20: ='席次法運算(勿動)'!ABP8 -> - | E20: ='席次法運算(勿動)'!ABQ8 -> - | F20: ='席次法運算(勿動)'!ABR8 -> - | G20: ='席次法運算(勿動)'!ABS8 -> - | H20: ='席次法運算(勿動)'!ABT8 -> - | I20: ='席次法運算(勿動)'!ABU8 -> - | J20: ='席次法運算(勿動)'!ABV8 -> - | K20: ='席次法運算(勿動)'!ABW8 -> - | ... T20: ='席次法運算(勿動)'!ACF8 -> - | W20: ='(1) 成績輸入'!K16 -> 0
A21: 8 | B21: ='(1) 成績輸入'!B17 -> 0 | C21: ='(1) 成績輸入'!C17 -> 0 | D21: ='席次法運算(勿動)'!ABP9 -> - | E21: ='席次法運算(勿動)'!ABQ9 -> - | F21: ='席次法運算(勿動)'!ABR9 -> - | G21: ='席次法運算(勿動)'!ABS9 -> - | H21: ='席次法運算(勿動)'!ABT9 -> - | I21: ='席次法運算(勿動)'!ABU9 -> - | J21: ='席次法運算(勿動)'!ABV9 -> - | K21: ='席次法運算(勿動)'!ABW9 -> - | ... T21: ='席次法運算(勿動)'!ACF9 -> - | W21: ='(1) 成績輸入'!K17 -> 0
A22: 9 | B22: ='(1) 成績輸入'!B18 -> 0 | C22: ='(1) 成績輸入'!C18 -> 0 | D22: ='席次法運算(勿動)'!ABP10 -> - | E22: ='席次法運算(勿動)'!ABQ10 -> - | F22: ='席次法運算(勿動)'!ABR10 -> - | G22: ='席次法運算(勿動)'!ABS10 -> - | H22: ='席次法運算(勿動)'!ABT10 -> - | I22: ='席次法運算(勿動)'!ABU10 -> - | J22: ='席次法運算(勿動)'!ABV10 -> - | K22: ='席次法運算(勿動)'!ABW10 -> - | ... T22: ='席次法運算(勿動)'!ACF10 -> - | W22: ='(1) 成績輸入'!K18 -> 0
A23: 10 | B23: ='(1) 成績輸入'!B19 -> 0 | C23: ='(1) 成績輸入'!C19 -> 0 | D23: ='席次法運算(勿動)'!ABP11 -> - | E23: ='席次法運算(勿動)'!ABQ11 -> - | F23: ='席次法運算(勿動)'!ABR11 -> - | G23: ='席次法運算(勿動)'!ABS11 -> - | H23: ='席次法運算(勿動)'!ABT11 -> - | I23: ='席次法運算(勿動)'!ABU11 -> - | J23: ='席次法運算(勿動)'!ABV11 -> - | K23: ='席次法運算(勿動)'!ABW11 -> - | ... T23: ='席次法運算(勿動)'!ACF11 -> - | W23: ='(1) 成績輸入'!K19 -> 0
A24: 11 | B24: ='(1) 成績輸入'!B20 -> 0 | C24: ='(1) 成績輸入'!C20 -> 0 | D24: ='席次法運算(勿動)'!ABP12 -> - | E24: ='席次法運算(勿動)'!ABQ12 -> - | F24: ='席次法運算(勿動)'!ABR12 -> - | G24: ='席次法運算(勿動)'!ABS12 -> - | H24: ='席次法運算(勿動)'!ABT12 -> - | I24: ='席次法運算(勿動)'!ABU12 -> - | J24: ='席次法運算(勿動)'!ABV12 -> - | K24: ='席次法運算(勿動)'!ABW12 -> - | ... T24: ='席次法運算(勿動)'!ACF12 -> - | W24: ='(1) 成績輸入'!K20 -> 0
A25: 12 | B25: ='(1) 成績輸入'!B21 -> 0 | C25: ='(1) 成績輸入'!C21 -> 0 | D25: ='席次法運算(勿動)'!ABP13 -> - | E25: ='席次法運算(勿動)'!ABQ13 -> - | F25: ='席次法運算(勿動)'!ABR13 -> - | G25: ='席次法運算(勿動)'!ABS13 -> - | H25: ='席次法運算(勿動)'!ABT13 -> - | I25: ='席次法運算(勿動)'!ABU13 -> - | J25: ='席次法運算(勿動)'!ABV13 -> - | K25: ='席次法運算(勿動)'!ABW13 -> - | ... T25: ='席次法運算(勿動)'!ACF13 -> - | W25: ='(1) 成績輸入'!K21 -> 0
... A93: 80 | B93: ='(1) 成績輸入'!B89 -> 0 | C93: ='(1) 成績輸入'!C89 -> 0 | D93: ='席次法運算(勿動)'!ABP81 -> - | E93: ='席次法運算(勿動)'!ABQ81 -> - | F93: ='席次法運算(勿動)'!ABR81 -> - | G93: ='席次法運算(勿動)'!ABS81 -> - | H93: ='席次法運算(勿動)'!ABT81 -> - | I93: ='席次法運算(勿動)'!ABU81 -> - | J93: ='席次法運算(勿動)'!ABV81 -> - | K93: ='席次法運算(勿動)'!ABW81 -> - | ... T93: ='席次法運算(勿動)'!ACF81 -> - | W93: ='(1) 成績輸入'!K89 -> 0

Sheet (3) 裁判評分表
B1: ='(1) 成績輸入'!C1 -> 鈴屆好兄弟扯鈴大賽 | H1: 裁判評分表
B3: 比賽項目： | C3: ='(1) 成績輸入'!C2 -> 扯鈴 | F3: 比賽組別： | H3: ='(1) 成績輸入'!C3 -> 賣萌小動物 男女混合組
A6: no. | B6: 學校名稱 | C6: 姓名 | D6: 總分 | F6: 註記 | K6: 實施扣分
A7: 1 | B7: ='(1) 成績輸入'!B10 -> 0 | C7: ='(1) 成績輸入'!C10 -> 拉拉熊
A8: 2 | B8: ='(1) 成績輸入'!B11 -> 0 | C8: ='(1) 成績輸入'!C11 -> 凱蒂
A9: 3 | B9: ='(1) 成績輸入'!B12 -> 0 | C9: ='(1) 成績輸入'!C12 -> 皮卡丘
A10: 4 | B10: ='(1) 成績輸入'!B13 -> 0 | C10: ='(1) 成績輸入'!C13 -> 海綿
A11: 5 | B11: ='(1) 成績輸入'!B14 -> 0 | C11: ='(1) 成績輸入'!C14 -> 吉胖喵
A12: 6 | B12: ='(1) 成績輸入'!B15 -> 0 | C12: ='(1) 成績輸入'!C15 -> 0
A13: 7 | B13: ='(1) 成績輸入'!B16 -> 0 | C13: ='(1) 成績輸入'!C16 -> 0
A14: 8 | B14: ='(1) 成績輸入'!B17 -> 0 | C14: ='(1) 成績輸入'!C17 -> 0
A15: 9 | B15: ='(1) 成績輸入'!B18 -> 0 | C15: ='(1) 成績輸入'!C18 -> 0
A16: 10 | B16: ='(1) 成績輸入'!B19 -> 0 | C16: ='(1) 成績輸入'!C19 -> 0
A17: 11 | B17: ='(1) 成績輸入'!B20 -> 0 | C17: ='(1) 成績輸入'!C20 -> 0
A18: 12 | B18: ='(1) 成績輸入'!B21 -> 0 | C18: ='(1) 成績輸入'!C21 -> 0
... A21: 15 | B21: ='(1) 成績輸入'!B24 -> 0 | C21: ='(1) 成績輸入'!C24 -> 0
B22: 第( )席裁判 | F22: 裁判簽名：
B23: ='(1) 成績輸入'!$C$3 -> 賣萌小動物 男女混合組 | D23: 第2頁
A24: no. | B24: 學校名稱 | C24: 姓名 | D24: 總分 | F24: 註記 | K24: 實施扣分
A25: 16 | B25: ='(1) 成績輸入'!B25 -> 0 | C25: ='(1) 成績輸入'!C25 -> 0
A26: 17 | B26: ='(1) 成績輸入'!B26 -> 0 | C26: ='(1) 成績輸入'!C26 -> 0
A27: 18 | B27: ='(1) 成績輸入'!B27 -> 0 | C27: ='(1) 成績輸入'!C27 -> 0
A28: 19 | B28: ='(1) 成績輸入'!B28 -> 0 | C28: ='(1) 成績輸入'!C28 -> 0
A29: 20 | B29: ='(1) 成績輸入'!B29 -> 0 | C29: ='(1) 成績輸入'!C29 -> 0
A30: 21 | B30: ='(1) 成績輸入'!B30 -> 0 | C30: ='(1) 成績輸入'!C30 -> 0
A31: 22 | B31: ='(1) 成績輸入'!B31 -> 0 | C31: ='(1) 成績輸入'!C31 -> 0
A32: 23 | B32: ='(1) 成績輸入'!B32 -> 0 | C32: ='(1) 成績輸入'!C32 -> 0
A33: 24 | B33: ='(1) 成績輸入'!B33 -> 0 | C33: ='(1) 成績輸入'!C33 -> 0
A34: 25 | B34: ='(1) 成績輸入'!B34 -> 0 | C34: ='(1) 成績輸入'!C34 -> 0
A35: 26 | B35: ='(1) 成績輸入'!B35 -> 0 | C35: ='(1) 成績輸入'!C35 -> 0
A36: 27 | B36: ='(1) 成績輸入'!B36 -> 0 | C36: ='(1) 成績輸入'!C36 -> 0
... A39: 30 | B39: ='(1) 成績輸入'!B39 -> 0 | C39: ='(1) 成績輸入'!C39 -> 0
B40: 第( )席裁判 | F40: 裁判簽名：
B41: ='(1) 成績輸入'!$C$3 -> 賣萌小動物 男女混合組 | D41: 第3頁
A42: no. | B42: 學校名稱 | C42: 姓名 | D42: 總分 | F42: 註記 | K42: 實施扣分
A43: 31 | B43: ='(1) 成績輸入'!B40 -> 0 | C43: ='(1) 成績輸入'!C40 -> 0
A44: 32 | B44: ='(1) 成績輸入'!B41 -> 0 | C44: ='(1) 成績輸入'!C41 -> 0
A45: 33 | B45: ='(1) 成績輸入'!B42 -> 0 | C45: ='(1) 成績輸入'!C42 -> 0
A46: 34 | B46: ='(1) 成績輸入'!B43 -> 0 | C46: ='(1) 成績輸入'!C43 -> 0
A47: 35 | B47: ='(1) 成績輸入'!B44 -> 0 | C47: ='(1) 成績輸入'!C44 -> 0
A48: 36 | B48: ='(1) 成績輸入'!B45 -> 0 | C48: ='(1) 成績輸入'!C45 -> 0
A49: 37 | B49: ='(1) 成績輸入'!B46 -> 0 | C49: ='(1) 成績輸入'!C46 -> 0
A50: 38 | B50: ='(1) 成績輸入'!B47 -> 0 | C50: ='(1) 成績輸入'!C47 -> 0
A51: 39 | B51: ='(1) 成績輸入'!B48 -> 0 | C51: ='(1) 成績輸入'!C48 -> 0
A52: 40 | B52: ='(1) 成績輸入'!B49 -> 0 | C52: ='(1) 成績輸入'!C49 -> 0
A53: 41 | B53: ='(1) 成績輸入'!B50 -> 0 | C53: ='(1) 成績輸入'!C50 -> 0
A54: 42 | B54: ='(1) 成績輸入'!B51 -> 0 | C54: ='(1) 成績輸入'!C51 -> 0
... A57: 45 | B57: ='(1) 成績輸入'!B54 -> 0 | C57: ='(1) 成績輸入'!C54 -> 0
B58: 第( )席裁判 | F58: 裁判簽名：
B59: ='(1) 成績輸入'!$C$3 -> 賣萌小動物 男女混合組 | D59: 第4頁
A60: no. | B60: 學校名稱 | C60: 姓名 | D60: 總分 | F60: 註記 | K60: 實施扣分
A61: 46 | B61: ='(1) 成績輸入'!B55 -> 0 | C61: ='(1) 成績輸入'!C55 -> 0
A62: 47 | B62: ='(1) 成績輸入'!B56 -> 0 | C62: ='(1) 成績輸入'!C56 -> 0
A63: 48 | B63: ='(1) 成績輸入'!B57 -> 0 | C63: ='(1) 成績輸入'!C57 -> 0
A64: 49 | B64: ='(1) 成績輸入'!B58 -> 0 | C64: ='(1) 成績輸入'!C58 -> 0
A65: 50 | B65: ='(1) 成績輸入'!B59 -> 0 | C65: ='(1) 成績輸入'!C59 -> 0
A66: 51 | B66: ='(1) 成績輸入'!B60 -> 0 | C66: ='(1) 成績輸入'!C60 -> 0
A67: 52 | B67: ='(1) 成績輸入'!B61 -> 0 | C67: ='(1) 成績輸入'!C61 -> 0
A68: 53 | B68: ='(1) 成績輸入'!B62 -> 0 | C68: ='(1) 成績輸入'!C62 -> 0
A69: 54 | B69: ='(1) 成績輸入'!B63 -> 0 | C69: ='(1) 成績輸入'!C63 -> 0
A70: 55 | B70: ='(1) 成績輸入'!B64 -> 0 | C70: ='(1) 成績輸入'!C64 -> 0
A71: 56 | B71: ='(1) 成績輸入'!B65 -> 0 | C71: ='(1) 成績輸入'!C65 -> 0
A72: 57 | B72: ='(1) 成績輸入'!B66 -> 0 | C72: ='(1) 成績輸入'!C66 -> 0
... A75: 60 | B75: ='(1) 成績輸入'!B69 -> 0 | C75: ='(1) 成績輸入'!C69 -> 0
B76: 第( )席裁判 | F76: 裁判簽名：
B77: ='(1) 成績輸入'!$C$3 -> 賣萌小動物 男女混合組 | D77: 第3頁
A78: 61 | B78: ='(1) 成績輸入'!B70 -> 0 | C78: ='(1) 成績輸入'!C70 -> 0
A79: 62 | B79: ='(1) 成績輸入'!B71 -> 0 | C79: ='(1) 成績輸入'!C71 -> 0
A80: 63 | B80: ='(1) 成績輸入'!B72 -> 0 | C80: ='(1) 成績輸入'!C72 -> 0
A81: 64 | B81: ='(1) 成績輸入'!B73 -> 0 | C81: ='(1) 成績輸入'!C73 -> 0
A82: 65 | B82: ='(1) 成績輸入'!B74 -> 0 | C82: ='(1) 成績輸入'!C74 -> 0
A83: 66 | B83: ='(1) 成績輸入'!B75 -> 0 | C83: ='(1) 成績輸入'!C75 -> 0
A84: 67 | B84: ='(1) 成績輸入'!B76 -> 0 | C84: ='(1) 成績輸入'!C76 -> 0
A85: 68 | B85: ='(1) 成績輸入'!B77 -> 0 | C85: ='(1) 成績輸入'!C77 -> 0
A86: 69 | B86: ='(1) 成績輸入'!B78 -> 0 | C86: ='(1) 成績輸入'!C78 -> 0
A87: 70 | B87: ='(1) 成績輸入'!B79 -> 0 | C87: ='(1) 成績輸入'!C79 -> 0
A88: 71 | B88: ='(1) 成績輸入'!B80 -> 0 | C88: ='(1) 成績輸入'!C80 -> 0
A89: 72 | B89: ='(1) 成績輸入'!B81 -> 0 | C89: ='(1) 成績輸入'!C81 -> 0
... A97: 80 | B97: ='(1) 成績輸入'!B89 -> 0 | C97: ='(1) 成績輸入'!C89 -> 0

Sheet 席次法運算(勿動)
B1: 一 | C1: 二 | D1: 三 | E1: 四 | F1: 五 | G1: 六 | H1: 七 | I1: 積分 | J1: 席次積分(扣去空白) | K1: 名次 | L1: 參賽人數 | M1: 總平均分 | O1: 1一 | P1: 1二 | Q1: 1三 | R1: 1四 | S1: 1五 | T1: 1六 | U1: 1七 | V1: 1積 | X1: 2一 | Y1: 2二 | Z1: 2三 | AA1: 2四 | AB1: 2五 | AC1: 2六 | AD1: 2七 | AE1: 2積 | AG1: 3一 | AH1: 3二 | AI1: 3三 | AJ1: 3四 | AK1: 3五 | AL1: 3六 | AM1: 3七 | AN1: 3積 | AP1: 4一 | AQ1: 4二 | AR1: 4三 | AS1: 4四 | AT1: 4五 | AU1: 4六 | AV1: 4七 | AW1: 4積 | AY1: 5一 | AZ1: 5二 | BA1: 5三 | BB1: 5四 | BC1: 5五 | BD1: 5六 | BE1: 5七 | BF1: 5積 | BH1: 6一 | BI1: 6二 | BJ1: 6三 | BK1: 6四 | BL1: 6五 | BM1: 6六 | BN1: 6七 | BO1: 6積 | BQ1: 7一 | BR1: 7二 | BS1: 7三 | BT1: 7四 | BU1: 7五 | BV1: 7六 | BW1: 7七 | BX1: 7積 | BZ1: 8一 | CA1: 8二 | CB1: 8三 | CC1: 8四 | CD1: 8五 | CE1: 8六 | CF1: 8七 | CG1: 8積 | CI1: 9一 | CJ1: 9二 | CK1: 9三 | CL1: 9四 | CM1: 9五 | CN1: 9六 | CO1: 9七 | CP1: 9積 | CR1: 10一 | CS1: 10二 | CT1: 10三 | CU1: 10四 | CV1: 10五 | CW1: 10六 | CX1: 10七 | CY1: 10積 | DA1: 11一 | DB1: 11二 | DC1: 11三 | DD1: 11四 | DE1: 11五 | DF1: 11六 | DG1: 11七 | DH1: 11積 | DJ1: 12一 | DK1: 12二 | DL1: 12三 | DM1: 12四 | DN1: 12五 | DO1: 12六 | DP1: 12七 | DQ1: 12積 | DS1: 13一 | DT1: 13二 | DU1: 13三 | DV1: 13四 | DW1: 13五 | DX1: 13六 | DY1: 13七 | DZ1: 13積 | EB1: 14一 | EC1: 14二 | ED1: 14三 | EE1: 14四 | EF1: 14五 | EG1: 14六 | EH1: 14七 | EI1: 14積 | EK1: 15一 | EL1: 15二 | EM1: 15三 | EN1: 15四 | EO1: 15五 | EP1: 15六 | EQ1: 15七 | ER1: 15積 | ET1: 16一 | EU1: 16二 | EV1: 16三 | EW1: 16四 | EX1: 16五 | EY1: 16六 | EZ1: 16七 | FA1: 16積 | FC1: 17一 | FD1: 17二 | FE1: 17三 | FF1: 17四 | FG1: 17五 | FH1: 17六 | FI1: 17七 | FJ1: 17積 | FL1: 18一 | FM1: 18二 | FN1: 18三 | FO1: 18四 | FP1: 18五 | FQ1: 18六 | FR1: 18七 | FS1: 18積 | FU1: 19一 | FV1: 19二 | FW1: 19三 | FX1: 19四 | FY1: 19五 | FZ1: 19六 | GA1: 19七 | GB1: 19積 | GD1: 20一 | GE1: 20二 | GF1: 20三 | GG1: 20四 | GH1: 20五 | GI1: 20六 | GJ1: 20七 | GK1: 20積 | GM1: 21一 | GN1: 21二 | GO1: 21三 | GP1: 21四 | GQ1: 21五 | GR1: 21六 | GS1: 21七 | GT1: 21積 | GV1: 22一 | GW1: 22二 | GX1: 22三 | GY1: 22四 | GZ1: 22五 | HA1: 22六 | HB1: 22七 | HC1: 22積 | HE1: 23一 | HF1: 23二 | HG1: 23三 | HH1: 23四 | HI1: 23五 | HJ1: 23六 | HK1: 23七 | HL1: 23積 | HN1: 24一 | HO1: 24二 | HP1: 24三 | HQ1: 24四 | HR1: 24五 | HS1: 24六 | HT1: 24七 | HU1: 24積 | HW1: 25一 | HX1: 25二 | HY1: 25三 | HZ1: 25四 | IA1: 25五 | IB1: 25六 | IC1: 25七 | ID1: 25積 | IF1: 26一 | IG1: 26二 | IH1: 26三 | II1: 26四 | IJ1: 26五 | IK1: 26六 | IL1: 26七 | IM1: 26積 | IO1: 27一 | IP1: 27二 | IQ1: 27三 | IR1: 27四 | IS1: 27五 | IT1: 27六 | IU1: 27七 | IV1: 27積 | IX1: 28一 | IY1: 28二 | IZ1: 28三 | JA1: 28四 | JB1: 28五 | JC1: 28六 | JD1: 28七 | JE1: 28積 | JG1: 29一 | JH1: 29二 | JI1: 29三 | JJ1: 29四 | JK1: 29五 | JL1: 29六 | JM1: 29七 | JN1: 29積 | JP1: 30一 | JQ1: 30二 | JR1: 30三 | JS1: 30四 | JT1: 30五 | JU1: 30六 | JV1: 30七 | JW1: 30積 | JY1: 31一 | JZ1: 31二 | KA1: 31三 | KB1: 31四 | KC1: 31五 | KD1: 31六 | KE1: 31七 | KF1: 31積 | KH1: 32一 | KI1: 32二 | KJ1: 32三 | KK1: 32四 | KL1: 32五 | KM1: 32六 | KN1: 32七 | KO1: 32積 | KQ1: 33一 | KR1: 33二 | KS1: 33三 | KT1: 33四 | KU1: 33五 | KV1: 33六 | KW1: 33七 | KX1: 33積 | KZ1: 34一 | LA1: 34二 | LB1: 34三 | LC1: 34四 | LD1: 34五 | LE1: 34六 | LF1: 34七 | LG1: 34積 | LI1: 35一 | LJ1: 35二 | LK1: 35三 | LL1: 35四 | LM1: 35五 | LN1: 35六 | LO1: 35七 | LP1: 35積 | LR1: 36一 | LS1: 36二 | LT1: 36三 | LU1: 36四 | LV1: 36五 | LW1: 36六 | LX1: 36七 | LY1: 36積 | MA1: 37一 | MB1: 37二 | MC1: 37三 | MD1: 37四 | ME1: 37五 | MF1: 37六 | MG1: 37七 | MH1: 37積 | MJ1: 38一 | MK1: 38二 | ML1: 38三 | MM1: 38四 | MN1: 38五 | MO1: 38六 | MP1: 38七 | MQ1: 38積 | MS1: 39一 | MT1: 39二 | MU1: 39三 | MV1: 39四 | MW1: 39五 | MX1: 39六 | MY1: 39七 | MZ1: 39積 | NB1: 40一 | NC1: 40二 | ND1: 40三 | NE1: 40四 | NF1: 40五 | NG1: 40六 | NH1: 40七 | NI1: 40積 | NK1: 41一 | NL1: 41二 | NM1: 41三 | NN1: 41四 | NO1: 41五 | NP1: 41六 | NQ1: 41七 | NR1: 41積 | NT1: 42一 | NU1: 42二 | NV1: 42三 | NW1: 42四 | NX1: 42五 | NY1: 42六 | NZ1: 42七 | OA1: 42積 | OC1: 43一 | OD1: 43二 | OE1: 43三 | OF1: 43四 | OG1: 43五 | OH1: 43六 | OI1: 43七 | OJ1: 43積 | OL1: 44一 | OM1: 44二 | ON1: 44三 | OO1: 44四 | OP1: 44五 | OQ1: 44六 | OR1: 44七 | OS1: 44積 | OU1: 45一 | OV1: 45二 | OW1: 45三 | OX1: 45四 | OY1: 45五 | OZ1: 45六 | PA1: 45七 | PB1: 45積 | PD1: 46一 | PE1: 46二 | PF1: 46三 | PG1: 46四 | PH1: 46五 | PI1: 46六 | PJ1: 46七 | PK1: 46積 | PM1: 47一 | PN1: 47二 | PO1: 47三 | PP1: 47四 | PQ1: 47五 | PR1: 47六 | PS1: 47七 | PT1: 47積 | PV1: 48一 | PW1: 48二 | PX1: 48三 | PY1: 48四 | PZ1: 48五 | QA1: 48六 | QB1: 48七 | QC1: 48積 | QE1: 49一 | QF1: 49二 | QG1: 49三 | QH1: 49四 | QI1: 49五 | QJ1: 49六 | QK1: 49七 | QL1: 49積 | QN1: 50一 | QO1: 50二 | QP1: 50三 | QQ1: 50四 | QR1: 50五 | QS1: 50六 | QT1: 50七 | QU1: 50積 | QW1: 51一 | QX1: 51二 | QY1: 51三 | QZ1: 51四 | RA1: 51五 | RB1: 51六 | RC1: 51七 | RD1: 51積 | RF1: 52一 | RG1: 52二 | RH1: 52三 | RI1: 52四 | RJ1: 52五 | RK1: 52六 | RL1: 52七 | RM1: 52積 | RO1: 53一 | RP1: 53二 | RQ1: 53三 | RR1: 53四 | RS1: 53五 | RT1: 53六 | RU1: 53七 | RV1: 53積 | RX1: 54一 | RY1: 54二 | RZ1: 54三 | SA1: 54四 | SB1: 54五 | SC1: 54六 | SD1: 54七 | SE1: 54積 | SG1: 55一 | SH1: 55二 | SI1: 55三 | SJ1: 55四 | SK1: 55五 | SL1: 55六 | SM1: 55七 | SN1: 55積 | SP1: 56一 | SQ1: 56二 | SR1: 56三 | SS1: 56四 | ST1: 56五 | SU1: 56六 | SV1: 56七 | SW1: 56積 | SY1: 57一 | SZ1: 57二 | TA1: 57三 | TB1: 57四 | TC1: 57五 | TD1: 57六 | TE1: 57七 | TF1: 57積 | TH1: 58一 | TI1: 58二 | TJ1: 58三 | TK1: 58四 | TL1: 58五 | TM1: 58六 | TN1: 58七 | TO1: 58積 | TQ1: 59一 | TR1: 59二 | TS1: 59三 | TT1: 59四 | TU1: 59五 | TV1: 59六 | TW1: 59七 | TX1: 59積 | TZ1: 60一 | UA1: 60二 | UB1: 60三 | UC1: 60四 | UD1: 60五 | UE1: 60六 | UF1: 60七 | UG1: 60積 | UI1: 61一 | UJ1: 61二 | UK1: 61三 | UL1: 61四 | UM1: 61五 | UN1: 61六 | UO1: 61七 | UP1: 61積 | UR1: 62一 | US1: 62二 | UT1: 62三 | UU1: 62四 | UV1: 62五 | UW1: 62六 | UX1: 62七 | UY1: 62積 | VA1: 63一 | VB1: 63二 | VC1: 63三 | VD1: 63四 | VE1: 63五 | VF1: 63六 | VG1: 63七 | VH1: 63積 | VJ1: 64一 | VK1: 64二 | VL1: 64三 | VM1: 64四 | VN1: 64五 | VO1: 64六 | VP1: 64七 | VQ1: 64積 | VS1: 65一 | VT1: 65二 | VU1: 65三 | VV1: 65四 | VW1: 65五 | VX1: 65六 | VY1: 65七 | VZ1: 65積 | WB1: 66一 | WC1: 66二 | WD1: 66三 | WE1: 66四 | WF1: 66五 | WG1: 66六 | WH1: 66七 | WI1: 66積 | WK1: 67一 | WL1: 67二 | WM1: 67三 | WN1: 67四 | WO1: 67五 | WP1: 67六 | WQ1: 67七 | WR1: 67積 | WT1: 68一 | WU1: 68二 | WV1: 68三 | WW1: 68四 | WX1: 68五 | WY1: 68六 | WZ1: 68七 | XA1: 68積 | XC1: 69一 | XD1: 69二 | XE1: 69三 | XF1: 69四 | XG1: 69五 | XH1: 69六 | XI1: 69七 | XJ1: 69積 | XL1: 70一 | XM1: 70二 | XN1: 70三 | XO1: 70四 | XP1: 70五 | XQ1: 70六 | XR1: 70七 | XS1: 70積 | XU1: 71一 | XV1: 71二 | XW1: 71三 | XX1: 71四 | XY1: 71五 | XZ1: 71六 | YA1: 71七 | YB1: 71積 | YD1: 72一 | YE1: 72二 | YF1: 72三 | YG1: 72四 | YH1: 72五 | YI1: 72六 | YJ1: 72七 | YK1: 72積 | YM1: 73一 | YN1: 73二 | YO1: 73三 | YP1: 73四 | YQ1: 73五 | YR1: 73六 | YS1: 73七 | YT1: 73積 | YV1: 74一 | YW1: 74二 | YX1: 74三 | YY1: 74四 | YZ1: 74五 | ZA1: 74六 | ZB1: 74七 | ZC1: 74積 | ZE1: 75一 | ZF1: 75二 | ZG1: 75三 | ZH1: 75四 | ZI1: 75五 | ZJ1: 75六 | ZK1: 75七 | ZL1: 75積 | ZN1: 76一 | ZO1: 76二 | ZP1: 76三 | ZQ1: 76四 | ZR1: 76五 | ZS1: 76六 | ZT1: 76七 | ZU1: 76積 | ZW1: 77一 | ZX1: 77二 | ZY1: 77三 | ZZ1: 77四 | AAA1: 77五 | AAB1: 77六 | AAC1: 77七 | AAD1: 77積 | AAF1: 78一 | AAG1: 78二 | AAH1: 78三 | AAI1: 78四 | AAJ1: 78五 | AAK1: 78六 | AAL1: 78七 | AAM1: 78積 | AAO1: 79一 | AAP1: 79二 | AAQ1: 79三 | AAR1: 79四 | AAS1: 79五 | AAT1: 79六 | AAU1: 79七 | AAV1: 79積 | AAX1: 80一 | AAY1: 80二 | AAZ1: 80三 | ABA1: 80四 | ABB1: 80五 | ABC1: 80六 | ABD1: 80七 | ABE1: 80積 | ABG1: 裁判名次 | ABH1: R一 | ABI1: R二 | ABJ1: R三 | ABK1: R四 | ABL1: R五 | ABM1: R六 | ABN1: R七 | ABO1: 扣去未到 | ABP1: R一 | ABQ1: R二 | ABR1: R三 | ABS1: R四 | ABT1: R五 | ABU1: R六 | ABV1: R七 | ABW1: 積分 | ABX1: 名次 | ABY1: O一 | ABZ1: O二 | ACA1: O三 | ACB1: O四 | ACC1: O五 | ACD1: O六 | ACE1: O七 | ACF1: 總平均分
A2: 1 | B2: ='(1) 成績輸入'!D10 -> 88 | C2: ='(1) 成績輸入'!E10 -> 85 | D2: ='(1) 成績輸入'!F10 -> 90 | E2: ='(1) 成績輸入'!G10 -> 81 | F2: ='(1) 成績輸入'!H10 -> 0 | G2: ='(1) 成績輸入'!I10 -> 0 | H2: ='(1) 成績輸入'!J10 -> 0 | I2: =V82 -> 79 | J2: =I2-$L$83 -> 4 | K2: =RANK(I2,$I$2:$I$81) -> 1 | L2: =IF(SUM(B2:H2)>0,1,0) -> 1 | M2: =SUM(B2:H2)/$B$83 -> 86 | O2: =IF(B$2=B2,0.5,IF(B$2>B2,1,0)) -> 0.5 | P2: =IF(C$2=C2,0.5,IF(C$2>C2,1,0)) -> 0.5 | Q2: =IF(D$2=D2,0.5,IF(D$2>D2,1,0)) -> 0.5 | R2: =IF(E$2=E2,0.5,IF(E$2>E2,1,0)) -> 0.5 | S2: =IF(F$2=F2,0.5,IF(F$2>F2,1,0)) -> 0.5 | T2: =IF(G$2=G2,0.5,IF(G$2>G2,1,0)) -> 0.5 | U2: =IF(H$2=H2,0.5,IF(H$2>H2,1,0)) -> 0.5 | V2: =IF(SUM(O2:U2)=$K$82,0.5,IF(SUM(O2:U2)>$K$82,1,0)) -> 0.5 | X2: =IF(B$3=B2,0.5,IF(B$3>B2,1,0)) -> 0 | Y2: =IF(C$3=C2,0.5,IF(C$3>C2,1,0)) -> 0 | Z2: =IF(D$3=D2,0.5,IF(D$3>D2,1,0)) -> 0.5 | AA2: =IF(E$3=E2,0.5,IF(E$3>E2,1,0)) -> 1 | AB2: =IF(F$3=F2,0.5,IF(F$3>F2,1,0)) -> 0.5 | AC2: =IF(G$3=G2,0.5,IF(G$3>G2,1,0)) -> 0.5 | AD2: =IF(H$3=H2,0.5,IF(H$3>H2,1,0)) -> 0.5 | AE2: =IF(SUM(X2:AD2)=$K$82,0.5,IF(SUM(X2:AD2)>$K$82,1,0)) -> 0 | AG2: =IF(B$4=B2,0.5,IF(B$4>B2,1,0)) -> 0 | AH2: =IF(C$4=C2,0.5,IF(C$4>C2,1,0)) -> 0 | AI2: =IF(D$4=D2,0.5,IF(D$4>D2,1,0)) -> 0 | AJ2: =IF(E$4=E2,0.5,IF(E$4>E2,1,0)) -> 0 | AK2: =IF(F$4=F2,0.5,IF(F$4>F2,1,0)) -> 0.5 | AL2: =IF(G$4=G2,0.5,IF(G$4>G2,1,0)) -> 0.5 | AM2: =IF(H$4=H2,0.5,IF(H$4>H2,1,0)) -> 0.5 | AN2: =IF(SUM(AG2:AM2)=$K$82,0.5,IF(SUM(AG2:AM2)>$K$82,1,0)) -> 0 | AP2: =IF(B$5=B2,0.5,IF(B$5>B2,1,0)) -> 0 | AQ2: =IF(C$5=C2,0.5,IF(C$5>C2,1,0)) -> 0 | AR2: =IF(D$5=D2,0.5,IF(D$5>D2,1,0)) -> 0 | AS2: =IF(E$5=E2,0.5,IF(E$5>E2,1,0)) -> 1 | AT2: =IF(F$5=F2,0.5,IF(F$5>F2,1,0)) -> 0.5 | AU2: =IF(G$5=G2,0.5,IF(G$5>G2,1,0)) -> 0.5 | AV2: =IF(H$5=H2,0.5,IF(H$5>H2,1,0)) -> 0.5 | AW2: =IF(SUM(AP2:AV2)=$K$82,0.5,IF(SUM(AP2:AV2)>$K$82,1,0)) -> 0 | AY2: =IF(B$6=B2,0.5,IF(B$6>B2,1,0)) -> 0 | AZ2: =IF(C$6=C2,0.5,IF(C$6>C2,1,0)) -> 0 | BA2: =IF(D$6=D2,0.5,IF(D$6>D2,1,0)) -> 0 | BB2: =IF(E$6=E2,0.5,IF(E$6>E2,1,0)) -> 1 | BC2: =IF(F$6=F2,0.5,IF(F$6>F2,1,0)) -> 0.5 | BD2: =IF(G$6=G2,0.5,IF(G$6>G2,1,0)) -> 0.5 | BE2: =IF(H$6=H2,0.5,IF(H$6>H2,1,0)) -> 0.5 | BF2: =IF(SUM(AY2:BE2)=$K$82,0.5,IF(SUM(AY2:BE2)>$K$82,1,0)) -> 0 | BH2: =IF(B$7=B2,0.5,IF(B$7>B2,1,0)) -> 0 | BI2: =IF(C$7=C2,0.5,IF(C$7>C2,1,0)) -> 0 | BJ2: =IF(D$7=D2,0.5,IF(D$7>D2,1,0)) -> 0 | BK2: =IF(E$7=E2,0.5,IF(E$7>E2,1,0)) -> 0 | BL2: =IF(F$7=F2,0.5,IF(F$7>F2,1,0)) -> 0.5 | BM2: =IF(G$7=G2,0.5,IF(G$7>G2,1,0)) -> 0.5 | BN2: =IF(H$7=H2,0.5,IF(H$7>H2,1,0)) -> 0.5 | BO2: =IF(SUM(BH2:BN2)=$K$82,0.5,IF(SUM(BH2:BN2)>$K$82,1,0)) -> 0 | BQ2: =IF(B$8=B2,0.5,IF(B$8>B2,1,0)) -> 0 | BR2: =IF(C$8=C2,0.5,IF(C$8>C2,1,0)) -> 0 | BS2: =IF(D$8=D2,0.5,IF(D$8>D2,1,0)) -> 0 | BT2: =IF(E$8=E2,0.5,IF(E$8>E2,1,0)) -> 0 | BU2: =IF(F$8=F2,0.5,IF(F$8>F2,1,0)) -> 0.5 | BV2: =IF(G$8=G2,0.5,IF(G$8>G2,1,0)) -> 0.5 | BW2: =IF(H$8=H2,0.5,IF(H$8>H2,1,0)) -> 0.5 | BX2: =IF(SUM(BQ2:BW2)=$K$82,0.5,IF(SUM(BQ2:BW2)>$K$82,1,0)) -> 0 | BZ2: =IF(B$9=B2,0.5,IF(B$9>B2,1,0)) -> 0 | CA2: =IF(C$9=C2,0.5,IF(C$9>C2,1,0)) -> 0 | CB2: =IF(D$9=D2,0.5,IF(D$9>D2,1,0)) -> 0 | CC2: =IF(E$9=E2,0.5,IF(E$9>E2,1,0)) -> 0 | CD2: =IF(F$9=F2,0.5,IF(F$9>F2,1,0)) -> 0.5 | CE2: =IF(G$9=G2,0.5,IF(G$9>G2,1,0)) -> 0.5 | CF2: =IF(H$9=H2,0.5,IF(H$9>H2,1,0)) -> 0.5 | CG2: =IF(SUM(BZ2:CF2)=$K$82,0.5,IF(SUM(BZ2:CF2)>$K$82,1,0)) -> 0 | CI2: =IF(B$10=B2,0.5,IF(B$10>B2,1,0)) -> 0 | CJ2: =IF(C$10=C2,0.5,IF(C$10>C2,1,0)) -> 0 | CK2: =IF(D$10=D2,0.5,IF(D$10>D2,1,0)) -> 0 | CL2: =IF(E$10=E2,0.5,IF(E$10>E2,1,0)) -> 0 | CM2: =IF(F$10=F2,0.5,IF(F$10>F2,1,0)) -> 0.5 | CN2: =IF(G$10=G2,0.5,IF(G$10>G2,1,0)) -> 0.5 | CO2: =IF(H$10=H2,0.5,IF(H$10>H2,1,0)) -> 0.5 | CP2: =IF(SUM(CI2:CO2)=$K$82,0.5,IF(SUM(CI2:CO2)>$K$82,1,0)) -> 0 | CR2: =IF(B$11=B2,0.5,IF(B$11>B2,1,0)) -> 0 | CS2: =IF(C$11=C2,0.5,IF(C$11>C2,1,0)) -> 0 | CT2: =IF(D$11=D2,0.5,IF(D$11>D2,1,0)) -> 0 | CU2: =IF(E$11=E2,0.5,IF(E$11>E2,1,0)) -> 0 | CV2: =IF(F$11=F2,0.5,IF(F$11>F2,1,0)) -> 0.5 | CW2: =IF(G$11=G2,0.5,IF(G$11>G2,1,0)) -> 0.5 | CX2: =IF(H$11=H2,0.5,IF(H$11>H2,1,0)) -> 0.5 | CY2: =IF(SUM(CR2:CX2)=$K$82,0.5,IF(SUM(CR2:CX2)>$K$82,1,0)) -> 0 | DA2: =IF(B$12=B2,0.5,IF(B$12>B2,1,0)) -> 0 | DB2: =IF(C$12=C2,0.5,IF(C$12>C2,1,0)) -> 0 | DC2: =IF(D$12=D2,0.5,IF(D$12>D2,1,0)) -> 0 | DD2: =IF(E$12=E2,0.5,IF(E$12>E2,1,0)) -> 0 | DE2: =IF(F$12=F2,0.5,IF(F$12>F2,1,0)) -> 0.5 | DF2: =IF(G$12=G2,0.5,IF(G$12>G2,1,0)) -> 0.5 | DG2: =IF(H$12=H2,0.5,IF(H$12>H2,1,0)) -> 0.5 | DH2: =IF(SUM(DA2:DG2)=$K$82,0.5,IF(SUM(DA2:DG2)>$K$82,1,0)) -> 0 | DJ2: =IF(B$13=B2,0.5,IF(B$13>B2,1,0)) -> 0 | DK2: =IF(C$13=C2,0.5,IF(C$13>C2,1,0)) -> 0 | DL2: =IF(D$13=D2,0.5,IF(D$13>D2,1,0)) -> 0 | DM2: =IF(E$13=E2,0.5,IF(E$13>E2,1,0)) -> 0 | DN2: =IF(F$13=F2,0.5,IF(F$13>F2,1,0)) -> 0.5 | DO2: =IF(G$13=G2,0.5,IF(G$13>G2,1,0)) -> 0.5 | DP2: =IF(H$13=H2,0.5,IF(H$13>H2,1,0)) -> 0.5 | DQ2: =IF(SUM(DJ2:DP2)=$K$82,0.5,IF(SUM(DJ2:DP2)>$K$82,1,0)) -> 0 | DS2: =IF(B$14=B2,0.5,IF(B$14>B2,1,0)) -> 0 | DT2: =IF(C$14=C2,0.5,IF(C$14>C2,1,0)) -> 0 | DU2: =IF(D$14=D2,0.5,IF(D$14>D2,1,0)) -> 0 | DV2: =IF(E$14=E2,0.5,IF(E$14>E2,1,0)) -> 0 | DW2: =IF(F$14=F2,0.5,IF(F$14>F2,1,0)) -> 0.5 | DX2: =IF(G$14=G2,0.5,IF(G$14>G2,1,0)) -> 0.5 | DY2: =IF(H$14=H2,0.5,IF(H$14>H2,1,0)) -> 0.5 | DZ2: =IF(SUM(DS2:DY2)=$K$82,0.5,IF(SUM(DS2:DY2)>$K$82,1,0)) -> 0 | EB2: =IF(B$15=B2,0.5,IF(B$15>B2,1,0)) -> 0 | EC2: =IF(C$15=C2,0.5,IF(C$15>C2,1,0)) -> 0 | ED2: =IF(D$15=D2,0.5,IF(D$15>D2,1,0)) -> 0 | EE2: =IF(E$15=E2,0.5,IF(E$15>E2,1,0)) -> 0 | EF2: =IF(F$15=F2,0.5,IF(F$15>F2,1,0)) -> 0.5 | EG2: =IF(G$15=G2,0.5,IF(G$15>G2,1,0)) -> 0.5 | EH2: =IF(H$15=H2,0.5,IF(H$15>H2,1,0)) -> 0.5 | EI2: =IF(SUM(EB2:EH2)=$K$82,0.5,IF(SUM(EB2:EH2)>$K$82,1,0)) -> 0 | EK2: =IF(B$16=B2,0.5,IF(B$16>B2,1,0)) -> 0 | EL2: =IF(C$16=C2,0.5,IF(C$16>C2,1,0)) -> 0 | EM2: =IF(D$16=D2,0.5,IF(D$16>D2,1,0)) -> 0 | EN2: =IF(E$16=E2,0.5,IF(E$16>E2,1,0)) -> 0 | EO2: =IF(F$16=F2,0.5,IF(F$16>F2,1,0)) -> 0.5 | EP2: =IF(G$16=G2,0.5,IF(G$16>G2,1,0)) -> 0.5 | EQ2: =IF(H$16=H2,0.5,IF(H$16>H2,1,0)) -> 0.5 | ER2: =IF(SUM(EK2:EQ2)=$K$82,0.5,IF(SUM(EK2:EQ2)>$K$82,1,0)) -> 0 | ET2: =IF(B$17=B2,0.5,IF(B$17>B2,1,0)) -> 0 | EU2: =IF(C$17=C2,0.5,IF(C$17>C2,1,0)) -> 0 | EV2: =IF(D$17=D2,0.5,IF(D$17>D2,1,0)) -> 0 | EW2: =IF(E$17=E2,0.5,IF(E$17>E2,1,0)) -> 0 | EX2: =IF(F$17=F2,0.5,IF(F$17>F2,1,0)) -> 0.5 | EY2: =IF(G$17=G2,0.5,IF(G$17>G2,1,0)) -> 0.5 | EZ2: =IF(H$17=H2,0.5,IF(H$17>H2,1,0)) -> 0.5 | FA2: =IF(SUM(ET2:EZ2)=$K$82,0.5,IF(SUM(ET2:EZ2)>$K$82,1,0)) -> 0 | FC2: =IF(B$18=B2,0.5,IF(B$18>B2,1,0)) -> 0 | FD2: =IF(C$18=C2,0.5,IF(C$18>C2,1,0)) -> 0 | FE2: =IF(D$18=D2,0.5,IF(D$18>D2,1,0)) -> 0 | FF2: =IF(E$18=E2,0.5,IF(E$18>E2,1,0)) -> 0 | FG2: =IF(F$18=F2,0.5,IF(F$18>F2,1,0)) -> 0.5 | FH2: =IF(G$18=G2,0.5,IF(G$18>G2,1,0)) -> 0.5 | FI2: =IF(H$18=H2,0.5,IF(H$18>H2,1,0)) -> 0.5 | FJ2: =IF(SUM(FC2:FI2)=$K$82,0.5,IF(SUM(FC2:FI2)>$K$82,1,0)) -> 0 | FL2: =IF(B$19=B2,0.5,IF(B$19>B2,1,0)) -> 0 | FM2: =IF(C$19=C2,0.5,IF(C$19>C2,1,0)) -> 0 | FN2: =IF(D$19=D2,0.5,IF(D$19>D2,1,0)) -> 0 | FO2: =IF(E$19=E2,0.5,IF(E$19>E2,1,0)) -> 0 | FP2: =IF(F$19=F2,0.5,IF(F$19>F2,1,0)) -> 0.5 | FQ2: =IF(G$19=G2,0.5,IF(G$19>G2,1,0)) -> 0.5 | FR2: =IF(H$19=H2,0.5,IF(H$19>H2,1,0)) -> 0.5 | FS2: =IF(SUM(FL2:FR2)=$K$82,0.5,IF(SUM(FL2:FR2)>$K$82,1,0)) -> 0 | FU2: =IF(B$20=B2,0.5,IF(B$20>B2,1,0)) -> 0 | FV2: =IF(C$20=C2,0.5,IF(C$20>C2,1,0)) -> 0 | FW2: =IF(D$20=D2,0.5,IF(D$20>D2,1,0)) -> 0 | FX2: =IF(E$20=E2,0.5,IF(E$20>E2,1,0)) -> 0 | FY2: =IF(F$20=F2,0.5,IF(F$20>F2,1,0)) -> 0.5 | FZ2: =IF(G$20=G2,0.5,IF(G$20>G2,1,0)) -> 0.5 | GA2: =IF(H$20=H2,0.5,IF(H$20>H2,1,0)) -> 0.5 | GB2: =IF(SUM(FU2:GA2)=$K$82,0.5,IF(SUM(FU2:GA2)>$K$82,1,0)) -> 0 | GD2: =IF(B$21=B2,0.5,IF(B$21>B2,1,0)) -> 0 | GE2: =IF(C$21=C2,0.5,IF(C$21>C2,1,0)) -> 0 | GF2: =IF(D$21=D2,0.5,IF(D$21>D2,1,0)) -> 0 | GG2: =IF(E$21=E2,0.5,IF(E$21>E2,1,0)) -> 0 | GH2: =IF(F$21=F2,0.5,IF(F$21>F2,1,0)) -> 0.5 | GI2: =IF(G$21=G2,0.5,IF(G$21>G2,1,0)) -> 0.5 | GJ2: =IF(H$21=H2,0.5,IF(H$21>H2,1,0)) -> 0.5 | GK2: =IF(SUM(GD2:GJ2)=$K$82,0.5,IF(SUM(GD2:GJ2)>$K$82,1,0)) -> 0 | GM2: =IF(B$22=B2,0.5,IF(B$22>B2,1,0)) -> 0 | GN2: =IF(C$22=C2,0.5,IF(C$22>C2,1,0)) -> 0 | GO2: =IF(D$22=D2,0.5,IF(D$22>D2,1,0)) -> 0 | GP2: =IF(E$22=E2,0.5,IF(E$22>E2,1,0)) -> 0 | GQ2: =IF(F$22=F2,0.5,IF(F$22>F2,1,0)) -> 0.5 | GR2: =IF(G$22=G2,0.5,IF(G$22>G2,1,0)) -> 0.5 | GS2: =IF(H$22=H2,0.5,IF(H$22>H2,1,0)) -> 0.5 | GT2: =IF(SUM(GM2:GS2)=$K$82,0.5,IF(SUM(GM2:GS2)>$K$82,1,0)) -> 0 | GV2: =IF(B$23=B2,0.5,IF(B$23>B2,1,0)) -> 0 | GW2: =IF(C$23=C2,0.5,IF(C$23>C2,1,0)) -> 0 | GX2: =IF(D$23=D2,0.5,IF(D$23>D2,1,0)) -> 0 | GY2: =IF(E$23=E2,0.5,IF(E$23>E2,1,0)) -> 0 | GZ2: =IF(F$23=F2,0.5,IF(F$23>F2,1,0)) -> 0.5 | HA2: =IF(G$23=G2,0.5,IF(G$23>G2,1,0)) -> 0.5 | HB2: =IF(H$23=H2,0.5,IF(H$23>H2,1,0)) -> 0.5 | HC2: =IF(SUM(GV2:HB2)=$K$82,0.5,IF(SUM(GV2:HB2)>$K$82,1,0)) -> 0 | HE2: =IF(B$24=B2,0.5,IF(B$24>B2,1,0)) -> 0 | HF2: =IF(C$24=C2,0.5,IF(C$24>C2,1,0)) -> 0 | HG2: =IF(D$24=D2,0.5,IF(D$24>D2,1,0)) -> 0 | HH2: =IF(E$24=E2,0.5,IF(E$24>E2,1,0)) -> 0 | HI2: =IF(F$24=F2,0.5,IF(F$24>F2,1,0)) -> 0.5 | HJ2: =IF(G$24=G2,0.5,IF(G$24>G2,1,0)) -> 0.5 | HK2: =IF(H$24=H2,0.5,IF(H$24>H2,1,0)) -> 0.5 | HL2: =IF(SUM(HE2:HK2)=$K$82,0.5,IF(SUM(HE2:HK2)>$K$82,1,0)) -> 0 | HN2: =IF(B$25=B2,0.5,IF(B$25>B2,1,0)) -> 0 | HO2: =IF(C$25=C2,0.5,IF(C$25>C2,1,0)) -> 0 | HP2: =IF(D$25=D2,0.5,IF(D$25>D2,1,0)) -> 0 | HQ2: =IF(E$25=E2,0.5,IF(E$25>E2,1,0)) -> 0 | HR2: =IF(F$25=F2,0.5,IF(F$25>F2,1,0)) -> 0.5 | HS2: =IF(G$25=G2,0.5,IF(G$25>G2,1,0)) -> 0.5 | HT2: =IF(H$25=H2,0.5,IF(H$25>H2,1,0)) -> 0.5 | HU2: =IF(SUM(HN2:HT2)=$K$82,0.5,IF(SUM(HN2:HT2)>$K$82,1,0)) -> 0 | HW2: =IF(B$26=B2,0.5,IF(B$26>B2,1,0)) -> 0 | HX2: =IF(C$26=C2,0.5,IF(C$26>C2,1,0)) -> 0 | HY2: =IF(D$26=D2,0.5,IF(D$26>D2,1,0)) -> 0 | HZ2: =IF(E$26=E2,0.5,IF(E$26>E2,1,0)) -> 0 | IA2: =IF(F$26=F2,0.5,IF(F$26>F2,1,0)) -> 0.5 | IB2: =IF(G$26=G2,0.5,IF(G$26>G2,1,0)) -> 0.5 | IC2: =IF(H$26=H2,0.5,IF(H$26>H2,1,0)) -> 0.5 | ID2: =IF(SUM(HW2:IC2)=$K$82,0.5,IF(SUM(HW2:IC2)>$K$82,1,0)) -> 0 | IF2: =IF(B$27=B2,0.5,IF(B$27>B2,1,0)) -> 0 | IG2: =IF(C$27=C2,0.5,IF(C$27>C2,1,0)) -> 0 | IH2: =IF(D$27=D2,0.5,IF(D$27>D2,1,0)) -> 0 | II2: =IF(E$27=E2,0.5,IF(E$27>E2,1,0)) -> 0 | IJ2: =IF(F$27=F2,0.5,IF(F$27>F2,1,0)) -> 0.5 | IK2: =IF(G$27=G2,0.5,IF(G$27>G2,1,0)) -> 0.5 | IL2: =IF(H$27=H2,0.5,IF(H$27>H2,1,0)) -> 0.5 | IM2: =IF(SUM(IF2:IL2)=$K$82,0.5,IF(SUM(IF2:IL2)>$K$82,1,0)) -> 0 | IO2: =IF(B$28=B2,0.5,IF(B$28>B2,1,0)) -> 0 | IP2: =IF(C$28=C2,0.5,IF(C$28>C2,1,0)) -> 0 | IQ2: =IF(D$28=D2,0.5,IF(D$28>D2,1,0)) -> 0 | IR2: =IF(E$28=E2,0.5,IF(E$28>E2,1,0)) -> 0 | IS2: =IF(F$28=F2,0.5,IF(F$28>F2,1,0)) -> 0.5 | IT2: =IF(G$28=G2,0.5,IF(G$28>G2,1,0)) -> 0.5 | IU2: =IF(H$28=H2,0.5,IF(H$28>H2,1,0)) -> 0.5 | IV2: =IF(SUM(IO2:IU2)=$K$82,0.5,IF(SUM(IO2:IU2)>$K$82,1,0)) -> 0 | IX2: =IF(B$29=B2,0.5,IF(B$29>B2,1,0)) -> 0 | IY2: =IF(C$29=C2,0.5,IF(C$29>C2,1,0)) -> 0 | IZ2: =IF(D$29=D2,0.5,IF(D$29>D2,1,0)) -> 0 | JA2: =IF(E$29=E2,0.5,IF(E$29>E2,1,0)) -> 0 | JB2: =IF(F$29=F2,0.5,IF(F$29>F2,1,0)) -> 0.5 | JC2: =IF(G$29=G2,0.5,IF(G$29>G2,1,0)) -> 0.5 | JD2: =IF(H$29=H2,0.5,IF(H$29>H2,1,0)) -> 0.5 | JE2: =IF(SUM(IX2:JD2)=$K$82,0.5,IF(SUM(IX2:JD2)>$K$82,1,0)) -> 0 | JG2: =IF(B$30=B2,0.5,IF(B$30>B2,1,0)) -> 0 | JH2: =IF(C$30=C2,0.5,IF(C$30>C2,1,0)) -> 0 | JI2: =IF(D$30=D2,0.5,IF(D$30>D2,1,0)) -> 0 | JJ2: =IF(E$30=E2,0.5,IF(E$30>E2,1,0)) -> 0 | JK2: =IF(F$30=F2,0.5,IF(F$30>F2,1,0)) -> 0.5 | JL2: =IF(G$30=G2,0.5,IF(G$30>G2,1,0)) -> 0.5 | JM2: =IF(H$30=H2,0.5,IF(H$30>H2,1,0)) -> 0.5 | JN2: =IF(SUM(JG2:JM2)=$K$82,0.5,IF(SUM(JG2:JM2)>$K$82,1,0)) -> 0 | JP2: =IF(B$31=B2,0.5,IF(B$31>B2,1,0)) -> 0 | JQ2: =IF(C$31=C2,0.5,IF(C$31>C2,1,0)) -> 0 | JR2: =IF(D$31=D2,0.5,IF(D$31>D2,1,0)) -> 0 | JS2: =IF(E$31=E2,0.5,IF(E$31>E2,1,0)) -> 0 | JT2: =IF(F$31=F2,0.5,IF(F$31>F2,1,0)) -> 0.5 | JU2: =IF(G$31=G2,0.5,IF(G$31>G2,1,0)) -> 0.5 | JV2: =IF(H$31=H2,0.5,IF(H$31>H2,1,0)) -> 0.5 | JW2: =IF(SUM(JP2:JV2)=$K$82,0.5,IF(SUM(JP2:JV2)>$K$82,1,0)) -> 0 | JY2: =IF(B$32=B2,0.5,IF(B$32>B2,1,0)) -> 0 | JZ2: =IF(C$32=C2,0.5,IF(C$32>C2,1,0)) -> 0 | KA2: =IF(D$32=D2,0.5,IF(D$32>D2,1,0)) -> 0 | KB2: =IF(E$32=E2,0.5,IF(E$32>E2,1,0)) -> 0 | KC2: =IF(F$32=F2,0.5,IF(F$32>F2,1,0)) -> 0.5 | KD2: =IF(G$32=G2,0.5,IF(G$32>G2,1,0)) -> 0.5 | KE2: =IF(H$32=H2,0.5,IF(H$32>H2,1,0)) -> 0.5 | KF2: =IF(SUM(JY2:KE2)=$K$82,0.5,IF(SUM(JY2:KE2)>$K$82,1,0)) -> 0 | KH2: =IF(B$33=B2,0.5,IF(B$33>B2,1,0)) -> 0 | KI2: =IF(C$33=C2,0.5,IF(C$33>C2,1,0)) -> 0 | KJ2: =IF(D$33=D2,0.5,IF(D$33>D2,1,0)) -> 0 | KK2: =IF(E$33=E2,0.5,IF(E$33>E2,1,0)) -> 0 | KL2: =IF(F$33=F2,0.5,IF(F$33>F2,1,0)) -> 0.5 | KM2: =IF(G$33=G2,0.5,IF(G$33>G2,1,0)) -> 0.5 | KN2: =IF(H$33=H2,0.5,IF(H$33>H2,1,0)) -> 0.5 | KO2: =IF(SUM(KH2:KN2)=$K$82,0.5,IF(SUM(KH2:KN2)>$K$82,1,0)) -> 0 | KQ2: =IF(B$34=B2,0.5,IF(B$34>B2,1,0)) -> 0 | KR2: =IF(C$34=C2,0.5,IF(C$34>C2,1,0)) -> 0 | KS2: =IF(D$34=D2,0.5,IF(D$34>D2,1,0)) -> 0 | KT2: =IF(E$34=E2,0.5,IF(E$34>E2,1,0)) -> 0 | KU2: =IF(F$34=F2,0.5,IF(F$34>F2,1,0)) -> 0.5 | KV2: =IF(G$34=G2,0.5,IF(G$34>G2,1,0)) -> 0.5 | KW2: =IF(H$34=H2,0.5,IF(H$34>H2,1,0)) -> 0.5 | KX2: =IF(SUM(KQ2:KW2)=$K$82,0.5,IF(SUM(KQ2:KW2)>$K$82,1,0)) -> 0 | KZ2: =IF(B$35=B2,0.5,IF(B$35>B2,1,0)) -> 0 | LA2: =IF(C$35=C2,0.5,IF(C$35>C2,1,0)) -> 0 | LB2: =IF(D$35=D2,0.5,IF(D$35>D2,1,0)) -> 0 | LC2: =IF(E$35=E2,0.5,IF(E$35>E2,1,0)) -> 0 | LD2: =IF(F$35=F2,0.5,IF(F$35>F2,1,0)) -> 0.5 | LE2: =IF(G$35=G2,0.5,IF(G$35>G2,1,0)) -> 0.5 | LF2: =IF(H$35=H2,0.5,IF(H$35>H2,1,0)) -> 0.5 | LG2: =IF(SUM(KZ2:LF2)=$K$82,0.5,IF(SUM(KZ2:LF2)>$K$82,1,0)) -> 0 | LI2: =IF(B$36=B2,0.5,IF(B$36>B2,1,0)) -> 0 | LJ2: =IF(C$36=C2,0.5,IF(C$36>C2,1,0)) -> 0 | LK2: =IF(D$36=D2,0.5,IF(D$36>D2,1,0)) -> 0 | LL2: =IF(E$36=E2,0.5,IF(E$36>E2,1,0)) -> 0 | LM2: =IF(F$36=F2,0.5,IF(F$36>F2,1,0)) -> 0.5 | LN2: =IF(G$36=G2,0.5,IF(G$36>G2,1,0)) -> 0.5 | LO2: =IF(H$36=H2,0.5,IF(H$36>H2,1,0)) -> 0.5 | LP2: =IF(SUM(LI2:LO2)=$K$82,0.5,IF(SUM(LI2:LO2)>$K$82,1,0)) -> 0 | LR2: =IF(B$37=B2,0.5,IF(B$37>B2,1,0)) -> 0 | LS2: =IF(C$37=C2,0.5,IF(C$37>C2,1,0)) -> 0 | LT2: =IF(D$37=D2,0.5,IF(D$37>D2,1,0)) -> 0 | LU2: =IF(E$37=E2,0.5,IF(E$37>E2,1,0)) -> 0 | LV2: =IF(F$37=F2,0.5,IF(F$37>F2,1,0)) -> 0.5 | LW2: =IF(G$37=G2,0.5,IF(G$37>G2,1,0)) -> 0.5 | LX2: =IF(H$37=H2,0.5,IF(H$37>H2,1,0)) -> 0.5 | LY2: =IF(SUM(LR2:LX2)=$K$82,0.5,IF(SUM(LR2:LX2)>$K$82,1,0)) -> 0 | MA2: =IF(B$38=B2,0.5,IF(B$38>B2,1,0)) -> 0 | MB2: =IF(C$38=C2,0.5,IF(C$38>C2,1,0)) -> 0 | MC2: =IF(D$38=D2,0.5,IF(D$38>D2,1,0)) -> 0 | MD2: =IF(E$38=E2,0.5,IF(E$38>E2,1,0)) -> 0 | ME2: =IF(F$38=F2,0.5,IF(F$38>F2,1,0)) -> 0.5 | MF2: =IF(G$38=G2,0.5,IF(G$38>G2,1,0)) -> 0.5 | MG2: =IF(H$38=H2,0.5,IF(H$38>H2,1,0)) -> 0.5 | MH2: =IF(SUM(MA2:MG2)=$K$82,0.5,IF(SUM(MA2:MG2)>$K$82,1,0)) -> 0 | MJ2: =IF(B$39=B2,0.5,IF(B$39>B2,1,0)) -> 0 | MK2: =IF(C$39=C2,0.5,IF(C$39>C2,1,0)) -> 0 | ML2: =IF(D$39=D2,0.5,IF(D$39>D2,1,0)) -> 0 | MM2: =IF(E$39=E2,0.5,IF(E$39>E2,1,0)) -> 0 | MN2: =IF(F$39=F2,0.5,IF(F$39>F2,1,0)) -> 0.5 | MO2: =IF(G$39=G2,0.5,IF(G$39>G2,1,0)) -> 0.5 | MP2: =IF(H$39=H2,0.5,IF(H$39>H2,1,0)) -> 0.5 | MQ2: =IF(SUM(MJ2:MP2)=$K$82,0.5,IF(SUM(MJ2:MP2)>$K$82,1,0)) -> 0 | MS2: =IF(B$40=B2,0.5,IF(B$40>B2,1,0)) -> 0 | MT2: =IF(C$40=C2,0.5,IF(C$40>C2,1,0)) -> 0 | MU2: =IF(D$40=D2,0.5,IF(D$40>D2,1,0)) -> 0 | MV2: =IF(E$40=E2,0.5,IF(E$40>E2,1,0)) -> 0 | MW2: =IF(F$40=F2,0.5,IF(F$40>F2,1,0)) -> 0.5 | MX2: =IF(G$40=G2,0.5,IF(G$40>G2,1,0)) -> 0.5 | MY2: =IF(H$40=H2,0.5,IF(H$40>H2,1,0)) -> 0.5 | MZ2: =IF(SUM(MS2:MY2)=$K$82,0.5,IF(SUM(MS2:MY2)>$K$82,1,0)) -> 0 | NB2: =IF(B$41=B2,0.5,IF(B$41>B2,1,0)) -> 0 | NC2: =IF(C$41=C2,0.5,IF(C$41>C2,1,0)) -> 0 | ND2: =IF(D$41=D2,0.5,IF(D$41>D2,1,0)) -> 0 | NE2: =IF(E$41=E2,0.5,IF(E$41>E2,1,0)) -> 0 | NF2: =IF(F$41=F2,0.5,IF(F$41>F2,1,0)) -> 0.5 | NG2: =IF(G$41=G2,0.5,IF(G$41>G2,1,0)) -> 0.5 | NH2: =IF(H$41=H2,0.5,IF(H$41>H2,1,0)) -> 0.5 | NI2: =IF(SUM(NB2:NH2)=$K$82,0.5,IF(SUM(NB2:NH2)>$K$82,1,0)) -> 0 | NK2: =IF(B$42=B2,0.5,IF(B$42>B2,1,0)) -> 0 | NL2: =IF(C$42=C2,0.5,IF(C$42>C2,1,0)) -> 0 | NM2: =IF(D$42=D2,0.5,IF(D$42>D2,1,0)) -> 0 | NN2: =IF(E$42=E2,0.5,IF(E$42>E2,1,0)) -> 0 | NO2: =IF(F$42=F2,0.5,IF(F$42>F2,1,0)) -> 0.5 | NP2: =IF(G$42=G2,0.5,IF(G$42>G2,1,0)) -> 0.5 | NQ2: =IF(H$42=H2,0.5,IF(H$42>H2,1,0)) -> 0.5 | NR2: =IF(SUM(NK2:NQ2)=$K$82,0.5,IF(SUM(NK2:NQ2)>$K$82,1,0)) -> 0 | NT2: =IF(B$43=B2,0.5,IF(B$43>B2,1,0)) -> 0 | NU2: =IF(C$43=C2,0.5,IF(C$43>C2,1,0)) -> 0 | NV2: =IF(D$43=D2,0.5,IF(D$43>D2,1,0)) -> 0 | NW2: =IF(E$43=E2,0.5,IF(E$43>E2,1,0)) -> 0 | NX2: =IF(F$43=F2,0.5,IF(F$43>F2,1,0)) -> 0.5 | NY2: =IF(G$43=G2,0.5,IF(G$43>G2,1,0)) -> 0.5 | NZ2: =IF(H$43=H2,0.5,IF(H$43>H2,1,0)) -> 0.5 | OA2: =IF(SUM(NT2:NZ2)=$K$82,0.5,IF(SUM(NT2:NZ2)>$K$82,1,0)) -> 0 | OC2: =IF(B$44=B2,0.5,IF(B$44>B2,1,0)) -> 0 | OD2: =IF(C$44=C2,0.5,IF(C$44>C2,1,0)) -> 0 | OE2: =IF(D$44=D2,0.5,IF(D$44>D2,1,0)) -> 0 | OF2: =IF(E$44=E2,0.5,IF(E$44>E2,1,0)) -> 0 | OG2: =IF(F$44=F2,0.5,IF(F$44>F2,1,0)) -> 0.5 | OH2: =IF(G$44=G2,0.5,IF(G$44>G2,1,0)) -> 0.5 | OI2: =IF(H$44=H2,0.5,IF(H$44>H2,1,0)) -> 0.5 | OJ2: =IF(SUM(OC2:OI2)=$K$82,0.5,IF(SUM(OC2:OI2)>$K$82,1,0)) -> 0 | OL2: =IF(B$45=B2,0.5,IF(B$45>B2,1,0)) -> 0 | OM2: =IF(C$45=C2,0.5,IF(C$45>C2,1,0)) -> 0 | ON2: =IF(D$45=D2,0.5,IF(D$45>D2,1,0)) -> 0 | OO2: =IF(E$45=E2,0.5,IF(E$45>E2,1,0)) -> 0 | OP2: =IF(F$45=F2,0.5,IF(F$45>F2,1,0)) -> 0.5 | OQ2: =IF(G$45=G2,0.5,IF(G$45>G2,1,0)) -> 0.5 | OR2: =IF(H$45=H2,0.5,IF(H$45>H2,1,0)) -> 0.5 | OS2: =IF(SUM(OL2:OR2)=$K$82,0.5,IF(SUM(OL2:OR2)>$K$82,1,0)) -> 0 | OU2: =IF(B$46=B2,0.5,IF(B$46>B2,1,0)) -> 0 | OV2: =IF(C$46=C2,0.5,IF(C$46>C2,1,0)) -> 0 | OW2: =IF(D$46=D2,0.5,IF(D$46>D2,1,0)) -> 0 | OX2: =IF(E$46=E2,0.5,IF(E$46>E2,1,0)) -> 0 | OY2: =IF(F$46=F2,0.5,IF(F$46>F2,1,0)) -> 0.5 | OZ2: =IF(G$46=G2,0.5,IF(G$46>G2,1,0)) -> 0.5 | PA2: =IF(H$46=H2,0.5,IF(H$46>H2,1,0)) -> 0.5 | PB2: =IF(SUM(OU2:PA2)=$K$82,0.5,IF(SUM(OU2:PA2)>$K$82,1,0)) -> 0 | PD2: =IF(B$47=B2,0.5,IF(B$47>B2,1,0)) -> 0 | PE2: =IF(C$47=C2,0.5,IF(C$47>C2,1,0)) -> 0 | PF2: =IF(D$47=D2,0.5,IF(D$47>D2,1,0)) -> 0 | PG2: =IF(E$47=E2,0.5,IF(E$47>E2,1,0)) -> 0 | PH2: =IF(F$47=F2,0.5,IF(F$47>F2,1,0)) -> 0.5 | PI2: =IF(G$47=G2,0.5,IF(G$47>G2,1,0)) -> 0.5 | PJ2: =IF(H$47=H2,0.5,IF(H$47>H2,1,0)) -> 0.5 | PK2: =IF(SUM(PD2:PJ2)=$K$82,0.5,IF(SUM(PD2:PJ2)>$K$82,1,0)) -> 0 | PM2: =IF(B$48=B2,0.5,IF(B$48>B2,1,0)) -> 0 | PN2: =IF(C$48=C2,0.5,IF(C$48>C2,1,0)) -> 0 | PO2: =IF(D$48=D2,0.5,IF(D$48>D2,1,0)) -> 0 | PP2: =IF(E$48=E2,0.5,IF(E$48>E2,1,0)) -> 0 | PQ2: =IF(F$48=F2,0.5,IF(F$48>F2,1,0)) -> 0.5 | PR2: =IF(G$48=G2,0.5,IF(G$48>G2,1,0)) -> 0.5 | PS2: =IF(H$48=H2,0.5,IF(H$48>H2,1,0)) -> 0.5 | PT2: =IF(SUM(PM2:PS2)=$K$82,0.5,IF(SUM(PM2:PS2)>$K$82,1,0)) -> 0 | PV2: =IF(B$49=B2,0.5,IF(B$49>B2,1,0)) -> 0 | PW2: =IF(C$49=C2,0.5,IF(C$49>C2,1,0)) -> 0 | PX2: =IF(D$49=D2,0.5,IF(D$49>D2,1,0)) -> 0 | PY2: =IF(E$49=E2,0.5,IF(E$49>E2,1,0)) -> 0 | PZ2: =IF(F$49=F2,0.5,IF(F$49>F2,1,0)) -> 0.5 | QA2: =IF(G$49=G2,0.5,IF(G$49>G2,1,0)) -> 0.5 | QB2: =IF(H$49=H2,0.5,IF(H$49>H2,1,0)) -> 0.5 | QC2: =IF(SUM(PV2:QB2)=$K$82,0.5,IF(SUM(PV2:QB2)>$K$82,1,0)) -> 0 | QE2: =IF(B$50=B2,0.5,IF(B$50>B2,1,0)) -> 0 | QF2: =IF(C$50=C2,0.5,IF(C$50>C2,1,0)) -> 0 | QG2: =IF(D$50=D2,0.5,IF(D$50>D2,1,0)) -> 0 | QH2: =IF(E$50=E2,0.5,IF(E$50>E2,1,0)) -> 0 | QI2: =IF(F$50=F2,0.5,IF(F$50>F2,1,0)) -> 0.5 | QJ2: =IF(G$50=G2,0.5,IF(G$50>G2,1,0)) -> 0.5 | QK2: =IF(H$50=H2,0.5,IF(H$50>H2,1,0)) -> 0.5 | QL2: =IF(SUM(QE2:QK2)=$K$82,0.5,IF(SUM(QE2:QK2)>$K$82,1,0)) -> 0 | QN2: =IF(B$51=B2,0.5,IF(B$51>B2,1,0)) -> 0 | QO2: =IF(C$51=C2,0.5,IF(C$51>C2,1,0)) -> 0 | QP2: =IF(D$51=D2,0.5,IF(D$51>D2,1,0)) -> 0 | QQ2: =IF(E$51=E2,0.5,IF(E$51>E2,1,0)) -> 0 | QR2: =IF(F$51=F2,0.5,IF(F$51>F2,1,0)) -> 0.5 | QS2: =IF(G$51=G2,0.5,IF(G$51>G2,1,0)) -> 0.5 | QT2: =IF(H$51=H2,0.5,IF(H$51>H2,1,0)) -> 0.5 | QU2: =IF(SUM(QN2:QT2)=$K$82,0.5,IF(SUM(QN2:QT2)>$K$82,1,0)) -> 0 | QW2: =IF(B$52=B2,0.5,IF(B$52>B2,1,0)) -> 0 | QX2: =IF(C$52=C2,0.5,IF(C$52>C2,1,0)) -> 0 | QY2: =IF(D$52=D2,0.5,IF(D$52>D2,1,0)) -> 0 | QZ2: =IF(E$52=E2,0.5,IF(E$52>E2,1,0)) -> 0 | RA2: =IF(F$52=F2,0.5,IF(F$52>F2,1,0)) -> 0.5 | RB2: =IF(G$52=G2,0.5,IF(G$52>G2,1,0)) -> 0.5 | RC2: =IF(H$52=H2,0.5,IF(H$52>H2,1,0)) -> 0.5 | RD2: =IF(SUM(QW2:RC2)=$K$82,0.5,IF(SUM(QW2:RC2)>$K$82,1,0)) -> 0 | RF2: =IF(B$53=B2,0.5,IF(B$53>B2,1,0)) -> 0 | RG2: =IF(C$53=C2,0.5,IF(C$53>C2,1,0)) -> 0 | RH2: =IF(D$53=D2,0.5,IF(D$53>D2,1,0)) -> 0 | RI2: =IF(E$53=E2,0.5,IF(E$53>E2,1,0)) -> 0 | RJ2: =IF(F$53=F2,0.5,IF(F$53>F2,1,0)) -> 0.5 | RK2: =IF(G$53=G2,0.5,IF(G$53>G2,1,0)) -> 0.5 | RL2: =IF(H$53=H2,0.5,IF(H$53>H2,1,0)) -> 0.5 | RM2: =IF(SUM(RF2:RL2)=$K$82,0.5,IF(SUM(RF2:RL2)>$K$82,1,0)) -> 0 | RO2: =IF(B$54=B2,0.5,IF(B$54>B2,1,0)) -> 0 | RP2: =IF(C$54=C2,0.5,IF(C$54>C2,1,0)) -> 0 | RQ2: =IF(D$54=D2,0.5,IF(D$54>D2,1,0)) -> 0 | RR2: =IF(E$54=E2,0.5,IF(E$54>E2,1,0)) -> 0 | RS2: =IF(F$54=F2,0.5,IF(F$54>F2,1,0)) -> 0.5 | RT2: =IF(G$54=G2,0.5,IF(G$54>G2,1,0)) -> 0.5 | RU2: =IF(H$54=H2,0.5,IF(H$54>H2,1,0)) -> 0.5 | RV2: =IF(SUM(RO2:RU2)=$K$82,0.5,IF(SUM(RO2:RU2)>$K$82,1,0)) -> 0 | RX2: =IF(B$55=B2,0.5,IF(B$55>B2,1,0)) -> 0 | RY2: =IF(C$55=C2,0.5,IF(C$55>C2,1,0)) -> 0 | RZ2: =IF(D$55=D2,0.5,IF(D$55>D2,1,0)) -> 0 | SA2: =IF(E$55=E2,0.5,IF(E$55>E2,1,0)) -> 0 | SB2: =IF(F$55=F2,0.5,IF(F$55>F2,1,0)) -> 0.5 | SC2: =IF(G$55=G2,0.5,IF(G$55>G2,1,0)) -> 0.5 | SD2: =IF(H$55=H2,0.5,IF(H$55>H2,1,0)) -> 0.5 | SE2: =IF(SUM(RX2:SD2)=$K$82,0.5,IF(SUM(RX2:SD2)>$K$82,1,0)) -> 0 | SG2: =IF(B$56=B2,0.5,IF(B$56>B2,1,0)) -> 0 | SH2: =IF(C$56=C2,0.5,IF(C$56>C2,1,0)) -> 0 | SI2: =IF(D$56=D2,0.5,IF(D$56>D2,1,0)) -> 0 | SJ2: =IF(E$56=E2,0.5,IF(E$56>E2,1,0)) -> 0 | SK2: =IF(F$56=F2,0.5,IF(F$56>F2,1,0)) -> 0.5 | SL2: =IF(G$56=G2,0.5,IF(G$56>G2,1,0)) -> 0.5 | SM2: =IF(H$56=H2,0.5,IF(H$56>H2,1,0)) -> 0.5 | SN2: =IF(SUM(SG2:SM2)=$K$82,0.5,IF(SUM(SG2:SM2)>$K$82,1,0)) -> 0 | SP2: =IF(B$57=B2,0.5,IF(B$57>B2,1,0)) -> 0 | SQ2: =IF(C$57=C2,0.5,IF(C$57>C2,1,0)) -> 0 | SR2: =IF(D$57=D2,0.5,IF(D$57>D2,1,0)) -> 0 | SS2: =IF(E$57=E2,0.5,IF(E$57>E2,1,0)) -> 0 | ST2: =IF(F$57=F2,0.5,IF(F$57>F2,1,0)) -> 0.5 | SU2: =IF(G$57=G2,0.5,IF(G$57>G2,1,0)) -> 0.5 | SV2: =IF(H$57=H2,0.5,IF(H$57>H2,1,0)) -> 0.5 | SW2: =IF(SUM(SP2:SV2)=$K$82,0.5,IF(SUM(SP2:SV2)>$K$82,1,0)) -> 0 | SY2: =IF(B$58=B2,0.5,IF(B$58>B2,1,0)) -> 0 | SZ2: =IF(C$58=C2,0.5,IF(C$58>C2,1,0)) -> 0 | TA2: =IF(D$58=D2,0.5,IF(D$58>D2,1,0)) -> 0 | TB2: =IF(E$58=E2,0.5,IF(E$58>E2,1,0)) -> 0 | TC2: =IF(F$58=F2,0.5,IF(F$58>F2,1,0)) -> 0.5 | TD2: =IF(G$58=G2,0.5,IF(G$58>G2,1,0)) -> 0.5 | TE2: =IF(H$58=H2,0.5,IF(H$58>H2,1,0)) -> 0.5 | TF2: =IF(SUM(SY2:TE2)=$K$82,0.5,IF(SUM(SY2:TE2)>$K$82,1,0)) -> 0 | TH2: =IF(B$59=B2,0.5,IF(B$59>B2,1,0)) -> 0 | TI2: =IF(C$59=C2,0.5,IF(C$59>C2,1,0)) -> 0 | TJ2: =IF(D$59=D2,0.5,IF(D$59>D2,1,0)) -> 0 | TK2: =IF(E$59=E2,0.5,IF(E$59>E2,1,0)) -> 0 | TL2: =IF(F$59=F2,0.5,IF(F$59>F2,1,0)) -> 0.5 | TM2: =IF(G$59=G2,0.5,IF(G$59>G2,1,0)) -> 0.5 | TN2: =IF(H$59=H2,0.5,IF(H$59>H2,1,0)) -> 0.5 | TO2: =IF(SUM(TH2:TN2)=$K$82,0.5,IF(SUM(TH2:TN2)>$K$82,1,0)) -> 0 | TQ2: =IF(B$60=B2,0.5,IF(B$60>B2,1,0)) -> 0 | TR2: =IF(C$60=C2,0.5,IF(C$60>C2,1,0)) -> 0 | TS2: =IF(D$60=D2,0.5,IF(D$60>D2,1,0)) -> 0 | TT2: =IF(E$60=E2,0.5,IF(E$60>E2,1,0)) -> 0 | TU2: =IF(F$60=F2,0.5,IF(F$60>F2,1,0)) -> 0.5 | TV2: =IF(G$60=G2,0.5,IF(G$60>G2,1,0)) -> 0.5 | TW2: =IF(H$60=H2,0.5,IF(H$60>H2,1,0)) -> 0.5 | TX2: =IF(SUM(TQ2:TW2)=$K$82,0.5,IF(SUM(TQ2:TW2)>$K$82,1,0)) -> 0 | TZ2: =IF(B$61=B2,0.5,IF(B$61>B2,1,0)) -> 0 | UA2: =IF(C$61=C2,0.5,IF(C$61>C2,1,0)) -> 0 | UB2: =IF(D$61=D2,0.5,IF(D$61>D2,1,0)) -> 0 | UC2: =IF(E$61=E2,0.5,IF(E$61>E2,1,0)) -> 0 | UD2: =IF(F$61=F2,0.5,IF(F$61>F2,1,0)) -> 0.5 | UE2: =IF(G$61=G2,0.5,IF(G$61>G2,1,0)) -> 0.5 | UF2: =IF(H$61=H2,0.5,IF(H$61>H2,1,0)) -> 0.5 | UG2: =IF(SUM(TZ2:UF2)=$K$82,0.5,IF(SUM(TZ2:UF2)>$K$82,1,0)) -> 0 | UI2: =IF(B$62=B2,0.5,IF(B$62>B2,1,0)) -> 0 | UJ2: =IF(C$62=C2,0.5,IF(C$62>C2,1,0)) -> 0 | UK2: =IF(D$62=D2,0.5,IF(D$62>D2,1,0)) -> 0 | UL2: =IF(E$62=E2,0.5,IF(E$62>E2,1,0)) -> 0 | UM2: =IF(F$62=F2,0.5,IF(F$62>F2,1,0)) -> 0.5 | UN2: =IF(G$62=G2,0.5,IF(G$62>G2,1,0)) -> 0.5 | UO2: =IF(H$62=H2,0.5,IF(H$62>H2,1,0)) -> 0.5 | UP2: =IF(SUM(UI2:UO2)=$K$82,0.5,IF(SUM(UI2:UO2)>$K$82,1,0)) -> 0 | UR2: =IF(B$63=B2,0.5,IF(B$63>B2,1,0)) -> 0 | US2: =IF(C$63=C2,0.5,IF(C$63>C2,1,0)) -> 0 | UT2: =IF(D$63=D2,0.5,IF(D$63>D2,1,0)) -> 0 | UU2: =IF(E$63=E2,0.5,IF(E$63>E2,1,0)) -> 0 | UV2: =IF(F$63=F2,0.5,IF(F$63>F2,1,0)) -> 0.5 | UW2: =IF(G$63=G2,0.5,IF(G$63>G2,1,0)) -> 0.5 | UX2: =IF(H$63=H2,0.5,IF(H$63>H2,1,0)) -> 0.5 | UY2: =IF(SUM(UR2:UX2)=$K$82,0.5,IF(SUM(UR2:UX2)>$K$82,1,0)) -> 0 | VA2: =IF(B$64=B2,0.5,IF(B$64>B2,1,0)) -> 0 | VB2: =IF(C$64=C2,0.5,IF(C$64>C2,1,0)) -> 0 | VC2: =IF(D$64=D2,0.5,IF(D$64>D2,1,0)) -> 0 | VD2: =IF(E$64=E2,0.5,IF(E$64>E2,1,0)) -> 0 | VE2: =IF(F$64=F2,0.5,IF(F$64>F2,1,0)) -> 0.5 | VF2: =IF(G$64=G2,0.5,IF(G$64>G2,1,0)) -> 0.5 | VG2: =IF(H$64=H2,0.5,IF(H$64>H2,1,0)) -> 0.5 | VH2: =IF(SUM(VA2:VG2)=$K$82,0.5,IF(SUM(VA2:VG2)>$K$82,1,0)) -> 0 | VJ2: =IF(B$65=B2,0.5,IF(B$65>B2,1,0)) -> 0 | VK2: =IF(C$65=C2,0.5,IF(C$65>C2,1,0)) -> 0 | VL2: =IF(D$65=D2,0.5,IF(D$65>D2,1,0)) -> 0 | VM2: =IF(E$65=E2,0.5,IF(E$65>E2,1,0)) -> 0 | VN2: =IF(F$65=F2,0.5,IF(F$65>F2,1,0)) -> 0.5 | VO2: =IF(G$65=G2,0.5,IF(G$65>G2,1,0)) -> 0.5 | VP2: =IF(H$65=H2,0.5,IF(H$65>H2,1,0)) -> 0.5 | VQ2: =IF(SUM(VJ2:VP2)=$K$82,0.5,IF(SUM(VJ2:VP2)>$K$82,1,0)) -> 0 | VS2: =IF(B$66=B2,0.5,IF(B$66>B2,1,0)) -> 0 | VT2: =IF(C$66=C2,0.5,IF(C$66>C2,1,0)) -> 0 | VU2: =IF(D$66=D2,0.5,IF(D$66>D2,1,0)) -> 0 | VV2: =IF(E$66=E2,0.5,IF(E$66>E2,1,0)) -> 0 | VW2: =IF(F$66=F2,0.5,IF(F$66>F2,1,0)) -> 0.5 | VX2: =IF(G$66=G2,0.5,IF(G$66>G2,1,0)) -> 0.5 | VY2: =IF(H$66=H2,0.5,IF(H$66>H2,1,0)) -> 0.5 | VZ2: =IF(SUM(VS2:VY2)=$K$82,0.5,IF(SUM(VS2:VY2)>$K$82,1,0)) -> 0 | WB2: =IF(B$67=B2,0.5,IF(B$67>B2,1,0)) -> 0 | WC2: =IF(C$67=C2,0.5,IF(C$67>C2,1,0)) -> 0 | WD2: =IF(D$67=D2,0.5,IF(D$67>D2,1,0)) -> 0 | WE2: =IF(E$67=E2,0.5,IF(E$67>E2,1,0)) -> 0 | WF2: =IF(F$67=F2,0.5,IF(F$67>F2,1,0)) -> 0.5 | WG2: =IF(G$67=G2,0.5,IF(G$67>G2,1,0)) -> 0.5 | WH2: =IF(H$67=H2,0.5,IF(H$67>H2,1,0)) -> 0.5 | WI2: =IF(SUM(WB2:WH2)=$K$82,0.5,IF(SUM(WB2:WH2)>$K$82,1,0)) -> 0 | WK2: =IF(B$68=B2,0.5,IF(B$68>B2,1,0)) -> 0 | WL2: =IF(C$68=C2,0.5,IF(C$68>C2,1,0)) -> 0 | WM2: =IF(D$68=D2,0.5,IF(D$68>D2,1,0)) -> 0 | WN2: =IF(E$68=E2,0.5,IF(E$68>E2,1,0)) -> 0 | WO2: =IF(F$68=F2,0.5,IF(F$68>F2,1,0)) -> 0.5 | WP2: =IF(G$68=G2,0.5,IF(G$68>G2,1,0)) -> 0.5 | WQ2: =IF(H$68=H2,0.5,IF(H$68>H2,1,0)) -> 0.5 | WR2: =IF(SUM(WK2:WQ2)=$K$82,0.5,IF(SUM(WK2:WQ2)>$K$82,1,0)) -> 0 | WT2: =IF(B$69=B2,0.5,IF(B$69>B2,1,0)) -> 0 | WU2: =IF(C$69=C2,0.5,IF(C$69>C2,1,0)) -> 0 | WV2: =IF(D$69=D2,0.5,IF(D$69>D2,1,0)) -> 0 | WW2: =IF(E$69=E2,0.5,IF(E$69>E2,1,0)) -> 0 | WX2: =IF(F$69=F2,0.5,IF(F$69>F2,1,0)) -> 0.5 | WY2: =IF(G$69=G2,0.5,IF(G$69>G2,1,0)) -> 0.5 | WZ2: =IF(H$69=H2,0.5,IF(H$69>H2,1,0)) -> 0.5 | XA2: =IF(SUM(WT2:WZ2)=$K$82,0.5,IF(SUM(WT2:WZ2)>$K$82,1,0)) -> 0 | XC2: =IF(B$70=B2,0.5,IF(B$70>B2,1,0)) -> 0 | XD2: =IF(C$70=C2,0.5,IF(C$70>C2,1,0)) -> 0 | XE2: =IF(D$70=D2,0.5,IF(D$70>D2,1,0)) -> 0 | XF2: =IF(E$70=E2,0.5,IF(E$70>E2,1,0)) -> 0 | XG2: =IF(F$70=F2,0.5,IF(F$70>F2,1,0)) -> 0.5 | XH2: =IF(G$70=G2,0.5,IF(G$70>G2,1,0)) -> 0.5 | XI2: =IF(H$70=H2,0.5,IF(H$70>H2,1,0)) -> 0.5 | XJ2: =IF(SUM(XC2:XI2)=$K$82,0.5,IF(SUM(XC2:XI2)>$K$82,1,0)) -> 0 | XL2: =IF(B$71=B2,0.5,IF(B$71>B2,1,0)) -> 0 | XM2: =IF(C$71=C2,0.5,IF(C$71>C2,1,0)) -> 0 | XN2: =IF(D$71=D2,0.5,IF(D$71>D2,1,0)) -> 0 | XO2: =IF(E$71=E2,0.5,IF(E$71>E2,1,0)) -> 0 | XP2: =IF(F$71=F2,0.5,IF(F$71>F2,1,0)) -> 0.5 | XQ2: =IF(G$71=G2,0.5,IF(G$71>G2,1,0)) -> 0.5 | XR2: =IF(H$71=H2,0.5,IF(H$71>H2,1,0)) -> 0.5 | XS2: =IF(SUM(XL2:XR2)=$K$82,0.5,IF(SUM(XL2:XR2)>$K$82,1,0)) -> 0 | XU2: =IF(B$72=B2,0.5,IF(B$72>B2,1,0)) -> 0 | XV2: =IF(C$72=C2,0.5,IF(C$72>C2,1,0)) -> 0 | XW2: =IF(D$72=D2,0.5,IF(D$72>D2,1,0)) -> 0 | XX2: =IF(E$72=E2,0.5,IF(E$72>E2,1,0)) -> 0 | XY2: =IF(F$72=F2,0.5,IF(F$72>F2,1,0)) -> 0.5 | XZ2: =IF(G$72=G2,0.5,IF(G$72>G2,1,0)) -> 0.5 | YA2: =IF(H$72=H2,0.5,IF(H$72>H2,1,0)) -> 0.5 | YB2: =IF(SUM(XU2:YA2)=$K$82,0.5,IF(SUM(XU2:YA2)>$K$82,1,0)) -> 0 | YD2: =IF(B$73=B2,0.5,IF(B$73>B2,1,0)) -> 0 | YE2: =IF(C$73=C2,0.5,IF(C$73>C2,1,0)) -> 0 | YF2: =IF(D$73=D2,0.5,IF(D$73>D2,1,0)) -> 0 | YG2: =IF(E$73=E2,0.5,IF(E$73>E2,1,0)) -> 0 | YH2: =IF(F$73=F2,0.5,IF(F$73>F2,1,0)) -> 0.5 | YI2: =IF(G$73=G2,0.5,IF(G$73>G2,1,0)) -> 0.5 | YJ2: =IF(H$73=H2,0.5,IF(H$73>H2,1,0)) -> 0.5 | YK2: =IF(SUM(YD2:YJ2)=$K$82,0.5,IF(SUM(YD2:YJ2)>$K$82,1,0)) -> 0 | YM2: =IF(B$74=B2,0.5,IF(B$74>B2,1,0)) -> 0 | YN2: =IF(C$74=C2,0.5,IF(C$74>C2,1,0)) -> 0 | YO2: =IF(D$74=D2,0.5,IF(D$74>D2,1,0)) -> 0 | YP2: =IF(E$74=E2,0.5,IF(E$74>E2,1,0)) -> 0 | YQ2: =IF(F$74=F2,0.5,IF(F$74>F2,1,0)) -> 0.5 | YR2: =IF(G$74=G2,0.5,IF(G$74>G2,1,0)) -> 0.5 | YS2: =IF(H$74=H2,0.5,IF(H$74>H2,1,0)) -> 0.5 | YT2: =IF(SUM(YM2:YS2)=$K$82,0.5,IF(SUM(YM2:YS2)>$K$82,1,0)) -> 0 | YV2: =IF(B$75=B2,0.5,IF(B$75>B2,1,0)) -> 0 | YW2: =IF(C$75=C2,0.5,IF(C$75>C2,1,0)) -> 0 | YX2: =IF(D$75=D2,0.5,IF(D$75>D2,1,0)) -> 0 | YY2: =IF(E$75=E2,0.5,IF(E$75>E2,1,0)) -> 0 | YZ2: =IF(F$75=F2,0.5,IF(F$75>F2,1,0)) -> 0.5 | ZA2: =IF(G$75=G2,0.5,IF(G$75>G2,1,0)) -> 0.5 | ZB2: =IF(H$75=H2,0.5,IF(H$75>H2,1,0)) -> 0.5 | ZC2: =IF(SUM(YV2:ZB2)=$K$82,0.5,IF(SUM(YV2:ZB2)>$K$82,1,0)) -> 0 | ZE2: =IF(B$76=B2,0.5,IF(B$76>B2,1,0)) -> 0 | ZF2: =IF(C$76=C2,0.5,IF(C$76>C2,1,0)) -> 0 | ZG2: =IF(D$76=D2,0.5,IF(D$76>D2,1,0)) -> 0 | ZH2: =IF(E$76=E2,0.5,IF(E$76>E2,1,0)) -> 0 | ZI2: =IF(F$76=F2,0.5,IF(F$76>F2,1,0)) -> 0.5 | ZJ2: =IF(G$76=G2,0.5,IF(G$76>G2,1,0)) -> 0.5 | ZK2: =IF(H$76=H2,0.5,IF(H$76>H2,1,0)) -> 0.5 | ZL2: =IF(SUM(ZE2:ZK2)=$K$82,0.5,IF(SUM(ZE2:ZK2)>$K$82,1,0)) -> 0 | ZN2: =IF(B$77=B2,0.5,IF(B$77>B2,1,0)) -> 0 | ZO2: =IF(C$77=C2,0.5,IF(C$77>C2,1,0)) -> 0 | ZP2: =IF(D$77=D2,0.5,IF(D$77>D2,1,0)) -> 0 | ZQ2: =IF(E$77=E2,0.5,IF(E$77>E2,1,0)) -> 0 | ZR2: =IF(F$77=F2,0.5,IF(F$77>F2,1,0)) -> 0.5 | ZS2: =IF(G$77=G2,0.5,IF(G$77>G2,1,0)) -> 0.5 | ZT2: =IF(H$77=H2,0.5,IF(H$77>H2,1,0)) -> 0.5 | ZU2: =IF(SUM(ZN2:ZT2)=$K$82,0.5,IF(SUM(ZN2:ZT2)>$K$82,1,0)) -> 0 | ZW2: =IF(B$78=B2,0.5,IF(B$78>B2,1,0)) -> 0 | ZX2: =IF(C$78=C2,0.5,IF(C$78>C2,1,0)) -> 0 | ZY2: =IF(D$78=D2,0.5,IF(D$78>D2,1,0)) -> 0 | ZZ2: =IF(E$78=E2,0.5,IF(E$78>E2,1,0)) -> 0 | AAA2: =IF(F$78=F2,0.5,IF(F$78>F2,1,0)) -> 0.5 | AAB2: =IF(G$78=G2,0.5,IF(G$78>G2,1,0)) -> 0.5 | AAC2: =IF(H$78=H2,0.5,IF(H$78>H2,1,0)) -> 0.5 | AAD2: =IF(SUM(ZW2:AAC2)=$K$82,0.5,IF(SUM(ZW2:AAC2)>$K$82,1,0)) -> 0 | AAF2: =IF(B$79=B2,0.5,IF(B$79>B2,1,0)) -> 0 | AAG2: =IF(C$79=C2,0.5,IF(C$79>C2,1,0)) -> 0 | AAH2: =IF(D$79=D2,0.5,IF(D$79>D2,1,0)) -> 0 | AAI2: =IF(E$79=E2,0.5,IF(E$79>E2,1,0)) -> 0 | AAJ2: =IF(F$79=F2,0.5,IF(F$79>F2,1,0)) -> 0.5 | AAK2: =IF(G$79=G2,0.5,IF(G$79>G2,1,0)) -> 0.5 | AAL2: =IF(H$79=H2,0.5,IF(H$79>H2,1,0)) -> 0.5 | AAM2: =IF(SUM(AAF2:AAL2)=$K$82,0.5,IF(SUM(AAF2:AAL2)>$K$82,1,0)) -> 0 | AAO2: =IF(B$80=B2,0.5,IF(B$80>B2,1,0)) -> 0 | AAP2: =IF(C$80=C2,0.5,IF(C$80>C2,1,0)) -> 0 | AAQ2: =IF(D$80=D2,0.5,IF(D$80>D2,1,0)) -> 0 | AAR2: =IF(E$80=E2,0.5,IF(E$80>E2,1,0)) -> 0 | AAS2: =IF(F$80=F2,0.5,IF(F$80>F2,1,0)) -> 0.5 | AAT2: =IF(G$80=G2,0.5,IF(G$80>G2,1,0)) -> 0.5 | AAU2: =IF(H$80=H2,0.5,IF(H$80>H2,1,0)) -> 0.5 | AAV2: =IF(SUM(AAO2:AAU2)=$K$82,0.5,IF(SUM(AAO2:AAU2)>$K$82,1,0)) -> 0 | AAX2: =IF(B$81=B2,0.5,IF(B$81>B2,1,0)) -> 0 | AAY2: =IF(C$81=C2,0.5,IF(C$81>C2,1,0)) -> 0 | AAZ2: =IF(D$81=D2,0.5,IF(D$81>D2,1,0)) -> 0 | ABA2: =IF(E$81=E2,0.5,IF(E$81>E2,1,0)) -> 0 | ABB2: =IF(F$81=F2,0.5,IF(F$81>F2,1,0)) -> 0.5 | ABC2: =IF(G$81=G2,0.5,IF(G$81>G2,1,0)) -> 0.5 | ABD2: =IF(H$81=H2,0.5,IF(H$81>H2,1,0)) -> 0.5 | ABE2: =IF(SUM(AAX2:ABD2)=$K$82,0.5,IF(SUM(AAX2:ABD2)>$K$82,1,0)) -> 0 | ABH2: =IF(B2>0,RANK(B2,$B$2:$B$81),"-") -> 1 | ABI2: =IF(C2>0,RANK(C2,$C$2:$C$81),"-") -> 1 | ABJ2: =IF(D2>0,RANK(D2,$D$2:$D$81),"-") -> 1 | ABK2: =IF(E2>0,RANK(E2,$E$2:$E$81),"-") -> 4 | ABL2: =IF(F2>0,RANK(F2,$F$2:$F$81),"-") -> - | ABM2: =IF(G2>0,RANK(G2,$G$2:$G$81),"-") -> - | ABN2: =IF(H2>0,RANK(H2,$H$2:$H$81),"-") -> - | ABP2: =ABH2 -> 1 | ABQ2: =ABI2 -> 1 | ABR2: =ABJ2 -> 1 | ABS2: =ABK2 -> 4 | ABT2: =ABL2 -> - | ABU2: =ABM2 -> - | ABV2: =ABN2 -> - | ABW2: =IF(I2=((79-$L$82)/2),"-",J2) -> 4 | ABX2: =IF(K2<($L$82+1),K2,"-") -> 1 | ABY2: =IF(B2=0,"-",B2) -> 88 | ABZ2: =IF(C2=0,"-",C2) -> 85 | ACA2: =IF(D2=0,"-",D2) -> 90 | ACB2: =IF(E2=0,"-",E2) -> 81 | ACC2: =IF(F2=0,"-",F2) -> - | ACD2: =IF(G2=0,"-",G2) -> - | ACE2: =IF(H2=0,"-",H2) -> - | ACF2: =IF(M2=0,"-",M2) -> 86 | ACG2: =RANK(M2,$M$2:$M$81) -> 3
A3: 2 | B3: ='(1) 成績輸入'!D11 -> 86 | C3: ='(1) 成績輸入'!E11 -> 84 | D3: ='(1) 成績輸入'!F11 -> 90 | E3: ='(1) 成績輸入'!G11 -> 99 | F3: ='(1) 成績輸入'!H11 -> 0 | G3: ='(1) 成績輸入'!I11 -> 0 | H3: ='(1) 成績輸入'!J11 -> 0 | I3: =AE82 -> 78 | J3: =I3-$L$83 -> 3 | K3: =RANK(I3,$I$2:$I$81) -> 2 | L3: =IF(SUM(B3:H3)>0,1,0) -> 1 | M3: =SUM(B3:H3)/$B$83 -> 89.75 | O3: =IF(B$2=B3,0.5,IF(B$2>B3,1,0)) -> 1 | P3: =IF(C$2=C3,0.5,IF(C$2>C3,1,0)) -> 1 | Q3: =IF(D$2=D3,0.5,IF(D$2>D3,1,0)) -> 0.5 | R3: =IF(E$2=E3,0.5,IF(E$2>E3,1,0)) -> 0 | S3: =IF(F$2=F3,0.5,IF(F$2>F3,1,0)) -> 0.5 | T3: =IF(G$2=G3,0.5,IF(G$2>G3,1,0)) -> 0.5 | U3: =IF(H$2=H3,0.5,IF(H$2>H3,1,0)) -> 0.5 | V3: =IF(SUM(O3:U3)=$K$82,0.5,IF(SUM(O3:U3)>$K$82,1,0)) -> 1 | X3: =IF(B$3=B3,0.5,IF(B$3>B3,1,0)) -> 0.5 | Y3: =IF(C$3=C3,0.5,IF(C$3>C3,1,0)) -> 0.5 | Z3: =IF(D$3=D3,0.5,IF(D$3>D3,1,0)) -> 0.5 | AA3: =IF(E$3=E3,0.5,IF(E$3>E3,1,0)) -> 0.5 | AB3: =IF(F$3=F3,0.5,IF(F$3>F3,1,0)) -> 0.5 | AC3: =IF(G$3=G3,0.5,IF(G$3>G3,1,0)) -> 0.5 | AD3: =IF(H$3=H3,0.5,IF(H$3>H3,1,0)) -> 0.5 | AE3: =IF(SUM(X3:AD3)=$K$82,0.5,IF(SUM(X3:AD3)>$K$82,1,0)) -> 0.5 | AG3: =IF(B$4=B3,0.5,IF(B$4>B3,1,0)) -> 0 | AH3: =IF(C$4=C3,0.5,IF(C$4>C3,1,0)) -> 0 | AI3: =IF(D$4=D3,0.5,IF(D$4>D3,1,0)) -> 0 | AJ3: =IF(E$4=E3,0.5,IF(E$4>E3,1,0)) -> 0 | AK3: =IF(F$4=F3,0.5,IF(F$4>F3,1,0)) -> 0.5 | AL3: =IF(G$4=G3,0.5,IF(G$4>G3,1,0)) -> 0.5 | AM3: =IF(H$4=H3,0.5,IF(H$4>H3,1,0)) -> 0.5 | AN3: =IF(SUM(AG3:AM3)=$K$82,0.5,IF(SUM(AG3:AM3)>$K$82,1,0)) -> 0 | AP3: =IF(B$5=B3,0.5,IF(B$5>B3,1,0)) -> 0 | AQ3: =IF(C$5=C3,0.5,IF(C$5>C3,1,0)) -> 0 | AR3: =IF(D$5=D3,0.5,IF(D$5>D3,1,0)) -> 0 | AS3: =IF(E$5=E3,0.5,IF(E$5>E3,1,0)) -> 0 | AT3: =IF(F$5=F3,0.5,IF(F$5>F3,1,0)) -> 0.5 | AU3: =IF(G$5=G3,0.5,IF(G$5>G3,1,0)) -> 0.5 | AV3: =IF(H$5=H3,0.5,IF(H$5>H3,1,0)) -> 0.5 | AW3: =IF(SUM(AP3:AV3)=$K$82,0.5,IF(SUM(AP3:AV3)>$K$82,1,0)) -> 0 | AY3: =IF(B$6=B3,0.5,IF(B$6>B3,1,0)) -> 0 | AZ3: =IF(C$6=C3,0.5,IF(C$6>C3,1,0)) -> 0 | BA3: =IF(D$6=D3,0.5,IF(D$6>D3,1,0)) -> 0 | BB3: =IF(E$6=E3,0.5,IF(E$6>E3,1,0)) -> 0 | BC3: =IF(F$6=F3,0.5,IF(F$6>F3,1,0)) -> 0.5 | BD3: =IF(G$6=G3,0.5,IF(G$6>G3,1,0)) -> 0.5 | BE3: =IF(H$6=H3,0.5,IF(H$6>H3,1,0)) -> 0.5 | BF3: =IF(SUM(AY3:BE3)=$K$82,0.5,IF(SUM(AY3:BE3)>$K$82,1,0)) -> 0 | BH3: =IF(B$7=B3,0.5,IF(B$7>B3,1,0)) -> 0 | BI3: =IF(C$7=C3,0.5,IF(C$7>C3,1,0)) -> 0 | BJ3: =IF(D$7=D3,0.5,IF(D$7>D3,1,0)) -> 0 | BK3: =IF(E$7=E3,0.5,IF(E$7>E3,1,0)) -> 0 | BL3: =IF(F$7=F3,0.5,IF(F$7>F3,1,0)) -> 0.5 | BM3: =IF(G$7=G3,0.5,IF(G$7>G3,1,0)) -> 0.5 | BN3: =IF(H$7=H3,0.5,IF(H$7>H3,1,0)) -> 0.5 | BO3: =IF(SUM(BH3:BN3)=$K$82,0.5,IF(SUM(BH3:BN3)>$K$82,1,0)) -> 0 | BQ3: =IF(B$8=B3,0.5,IF(B$8>B3,1,0)) -> 0 | BR3: =IF(C$8=C3,0.5,IF(C$8>C3,1,0)) -> 0 | BS3: =IF(D$8=D3,0.5,IF(D$8>D3,1,0)) -> 0 | BT3: =IF(E$8=E3,0.5,IF(E$8>E3,1,0)) -> 0 | BU3: =IF(F$8=F3,0.5,IF(F$8>F3,1,0)) -> 0.5 | BV3: =IF(G$8=G3,0.5,IF(G$8>G3,1,0)) -> 0.5 | BW3: =IF(H$8=H3,0.5,IF(H$8>H3,1,0)) -> 0.5 | BX3: =IF(SUM(BQ3:BW3)=$K$82,0.5,IF(SUM(BQ3:BW3)>$K$82,1,0)) -> 0 | BZ3: =IF(B$9=B3,0.5,IF(B$9>B3,1,0)) -> 0 | CA3: =IF(C$9=C3,0.5,IF(C$9>C3,1,0)) -> 0 | CB3: =IF(D$9=D3,0.5,IF(D$9>D3,1,0)) -> 0 | CC3: =IF(E$9=E3,0.5,IF(E$9>E3,1,0)) -> 0 | CD3: =IF(F$9=F3,0.5,IF(F$9>F3,1,0)) -> 0.5 | CE3: =IF(G$9=G3,0.5,IF(G$9>G3,1,0)) -> 0.5 | CF3: =IF(H$9=H3,0.5,IF(H$9>H3,1,0)) -> 0.5 | CG3: =IF(SUM(BZ3:CF3)=$K$82,0.5,IF(SUM(BZ3:CF3)>$K$82,1,0)) -> 0 | CI3: =IF(B$10=B3,0.5,IF(B$10>B3,1,0)) -> 0 | CJ3: =IF(C$10=C3,0.5,IF(C$10>C3,1,0)) -> 0 | CK3: =IF(D$10=D3,0.5,IF(D$10>D3,1,0)) -> 0 | CL3: =IF(E$10=E3,0.5,IF(E$10>E3,1,0)) -> 0 | CM3: =IF(F$10=F3,0.5,IF(F$10>F3,1,0)) -> 0.5 | CN3: =IF(G$10=G3,0.5,IF(G$10>G3,1,0)) -> 0.5 | CO3: =IF(H$10=H3,0.5,IF(H$10>H3,1,0)) -> 0.5 | CP3: =IF(SUM(CI3:CO3)=$K$82,0.5,IF(SUM(CI3:CO3)>$K$82,1,0)) -> 0 | CR3: =IF(B$11=B3,0.5,IF(B$11>B3,1,0)) -> 0 | CS3: =IF(C$11=C3,0.5,IF(C$11>C3,1,0)) -> 0 | CT3: =IF(D$11=D3,0.5,IF(D$11>D3,1,0)) -> 0 | CU3: =IF(E$11=E3,0.5,IF(E$11>E3,1,0)) -> 0 | CV3: =IF(F$11=F3,0.5,IF(F$11>F3,1,0)) -> 0.5 | CW3: =IF(G$11=G3,0.5,IF(G$11>G3,1,0)) -> 0.5 | CX3: =IF(H$11=H3,0.5,IF(H$11>H3,1,0)) -> 0.5 | CY3: =IF(SUM(CR3:CX3)=$K$82,0.5,IF(SUM(CR3:CX3)>$K$82,1,0)) -> 0 | DA3: =IF(B$12=B3,0.5,IF(B$12>B3,1,0)) -> 0 | DB3: =IF(C$12=C3,0.5,IF(C$12>C3,1,0)) -> 0 | DC3: =IF(D$12=D3,0.5,IF(D$12>D3,1,0)) -> 0 | DD3: =IF(E$12=E3,0.5,IF(E$12>E3,1,0)) -> 0 | DE3: =IF(F$12=F3,0.5,IF(F$12>F3,1,0)) -> 0.5 | DF3: =IF(G$12=G3,0.5,IF(G$12>G3,1,0)) -> 0.5 | DG3: =IF(H$12=H3,0.5,IF(H$12>H3,1,0)) -> 0.5 | DH3: =IF(SUM(DA3:DG3)=$K$82,0.5,IF(SUM(DA3:DG3)>$K$82,1,0)) -> 0 | DJ3: =IF(B$13=B3,0.5,IF(B$13>B3,1,0)) -> 0 | DK3: =IF(C$13=C3,0.5,IF(C$13>C3,1,0)) -> 0 | DL3: =IF(D$13=D3,0.5,IF(D$13>D3,1,0)) -> 0 | DM3: =IF(E$13=E3,0.5,IF(E$13>E3,1,0)) -> 0 | DN3: =IF(F$13=F3,0.5,IF(F$13>F3,1,0)) -> 0.5 | DO3: =IF(G$13=G3,0.5,IF(G$13>G3,1,0)) -> 0.5 | DP3: =IF(H$13=H3,0.5,IF(H$13>H3,1,0)) -> 0.5 | DQ3: =IF(SUM(DJ3:DP3)=$K$82,0.5,IF(SUM(DJ3:DP3)>$K$82,1,0)) -> 0 | DS3: =IF(B$14=B3,0.5,IF(B$14>B3,1,0)) -> 0 | DT3: =IF(C$14=C3,0.5,IF(C$14>C3,1,0)) -> 0 | DU3: =IF(D$14=D3,0.5,IF(D$14>D3,1,0)) -> 0 | DV3: =IF(E$14=E3,0.5,IF(E$14>E3,1,0)) -> 0 | DW3: =IF(F$14=F3,0.5,IF(F$14>F3,1,0)) -> 0.5 | DX3: =IF(G$14=G3,0.5,IF(G$14>G3,1,0)) -> 0.5 | DY3: =IF(H$14=H3,0.5,IF(H$14>H3,1,0)) -> 0.5 | DZ3: =IF(SUM(DS3:DY3)=$K$82,0.5,IF(SUM(DS3:DY3)>$K$82,1,0)) -> 0 | EB3: =IF(B$15=B3,0.5,IF(B$15>B3,1,0)) -> 0 | EC3: =IF(C$15=C3,0.5,IF(C$15>C3,1,0)) -> 0 | ED3: =IF(D$15=D3,0.5,IF(D$15>D3,1,0)) -> 0 | EE3: =IF(E$15=E3,0.5,IF(E$15>E3,1,0)) -> 0 | EF3: =IF(F$15=F3,0.5,IF(F$15>F3,1,0)) -> 0.5 | EG3: =IF(G$15=G3,0.5,IF(G$15>G3,1,0)) -> 0.5 | EH3: =IF(H$15=H3,0.5,IF(H$15>H3,1,0)) -> 0.5 | EI3: =IF(SUM(EB3:EH3)=$K$82,0.5,IF(SUM(EB3:EH3)>$K$82,1,0)) -> 0 | EK3: =IF(B$16=B3,0.5,IF(B$16>B3,1,0)) -> 0 | EL3: =IF(C$16=C3,0.5,IF(C$16>C3,1,0)) -> 0 | EM3: =IF(D$16=D3,0.5,IF(D$16>D3,1,0)) -> 0 | EN3: =IF(E$16=E3,0.5,IF(E$16>E3,1,0)) -> 0 | EO3: =IF(F$16=F3,0.5,IF(F$16>F3,1,0)) -> 0.5 | EP3: =IF(G$16=G3,0.5,IF(G$16>G3,1,0)) -> 0.5 | EQ3: =IF(H$16=H3,0.5,IF(H$16>H3,1,0)) -> 0.5 | ER3: =IF(SUM(EK3:EQ3)=$K$82,0.5,IF(SUM(EK3:EQ3)>$K$82,1,0)) -> 0 | ET3: =IF(B$17=B3,0.5,IF(B$17>B3,1,0)) -> 0 | EU3: =IF(C$17=C3,0.5,IF(C$17>C3,1,0)) -> 0 | EV3: =IF(D$17=D3,0.5,IF(D$17>D3,1,0)) -> 0 | EW3: =IF(E$17=E3,0.5,IF(E$17>E3,1,0)) -> 0 | EX3: =IF(F$17=F3,0.5,IF(F$17>F3,1,0)) -> 0.5 | EY3: =IF(G$17=G3,0.5,IF(G$17>G3,1,0)) -> 0.5 | EZ3: =IF(H$17=H3,0.5,IF(H$17>H3,1,0)) -> 0.5 | FA3: =IF(SUM(ET3:EZ3)=$K$82,0.5,IF(SUM(ET3:EZ3)>$K$82,1,0)) -> 0 | FC3: =IF(B$18=B3,0.5,IF(B$18>B3,1,0)) -> 0 | FD3: =IF(C$18=C3,0.5,IF(C$18>C3,1,0)) -> 0 | FE3: =IF(D$18=D3,0.5,IF(D$18>D3,1,0)) -> 0 | FF3: =IF(E$18=E3,0.5,IF(E$18>E3,1,0)) -> 0 | FG3: =IF(F$18=F3,0.5,IF(F$18>F3,1,0)) -> 0.5 | FH3: =IF(G$18=G3,0.5,IF(G$18>G3,1,0)) -> 0.5 | FI3: =IF(H$18=H3,0.5,IF(H$18>H3,1,0)) -> 0.5 | FJ3: =IF(SUM(FC3:FI3)=$K$82,0.5,IF(SUM(FC3:FI3)>$K$82,1,0)) -> 0 | FL3: =IF(B$19=B3,0.5,IF(B$19>B3,1,0)) -> 0 | FM3: =IF(C$19=C3,0.5,IF(C$19>C3,1,0)) -> 0 | FN3: =IF(D$19=D3,0.5,IF(D$19>D3,1,0)) -> 0 | FO3: =IF(E$19=E3,0.5,IF(E$19>E3,1,0)) -> 0 | FP3: =IF(F$19=F3,0.5,IF(F$19>F3,1,0)) -> 0.5 | FQ3: =IF(G$19=G3,0.5,IF(G$19>G3,1,0)) -> 0.5 | FR3: =IF(H$19=H3,0.5,IF(H$19>H3,1,0)) -> 0.5 | FS3: =IF(SUM(FL3:FR3)=$K$82,0.5,IF(SUM(FL3:FR3)>$K$82,1,0)) -> 0 | FU3: =IF(B$20=B3,0.5,IF(B$20>B3,1,0)) -> 0 | FV3: =IF(C$20=C3,0.5,IF(C$20>C3,1,0)) -> 0 | FW3: =IF(D$20=D3,0.5,IF(D$20>D3,1,0)) -> 0 | FX3: =IF(E$20=E3,0.5,IF(E$20>E3,1,0)) -> 0 | FY3: =IF(F$20=F3,0.5,IF(F$20>F3,1,0)) -> 0.5 | FZ3: =IF(G$20=G3,0.5,IF(G$20>G3,1,0)) -> 0.5 | GA3: =IF(H$20=H3,0.5,IF(H$20>H3,1,0)) -> 0.5 | GB3: =IF(SUM(FU3:GA3)=$K$82,0.5,IF(SUM(FU3:GA3)>$K$82,1,0)) -> 0 | GD3: =IF(B$21=B3,0.5,IF(B$21>B3,1,0)) -> 0 | GE3: =IF(C$21=C3,0.5,IF(C$21>C3,1,0)) -> 0 | GF3: =IF(D$21=D3,0.5,IF(D$21>D3,1,0)) -> 0 | GG3: =IF(E$21=E3,0.5,IF(E$21>E3,1,0)) -> 0 | GH3: =IF(F$21=F3,0.5,IF(F$21>F3,1,0)) -> 0.5 | GI3: =IF(G$21=G3,0.5,IF(G$21>G3,1,0)) -> 0.5 | GJ3: =IF(H$21=H3,0.5,IF(H$21>H3,1,0)) -> 0.5 | GK3: =IF(SUM(GD3:GJ3)=$K$82,0.5,IF(SUM(GD3:GJ3)>$K$82,1,0)) -> 0 | GM3: =IF(B$22=B3,0.5,IF(B$22>B3,1,0)) -> 0 | GN3: =IF(C$22=C3,0.5,IF(C$22>C3,1,0)) -> 0 | GO3: =IF(D$22=D3,0.5,IF(D$22>D3,1,0)) -> 0 | GP3: =IF(E$22=E3,0.5,IF(E$22>E3,1,0)) -> 0 | GQ3: =IF(F$22=F3,0.5,IF(F$22>F3,1,0)) -> 0.5 | GR3: =IF(G$22=G3,0.5,IF(G$22>G3,1,0)) -> 0.5 | GS3: =IF(H$22=H3,0.5,IF(H$22>H3,1,0)) -> 0.5 | GT3: =IF(SUM(GM3:GS3)=$K$82,0.5,IF(SUM(GM3:GS3)>$K$82,1,0)) -> 0 | GV3: =IF(B$23=B3,0.5,IF(B$23>B3,1,0)) -> 0 | GW3: =IF(C$23=C3,0.5,IF(C$23>C3,1,0)) -> 0 | GX3: =IF(D$23=D3,0.5,IF(D$23>D3,1,0)) -> 0 | GY3: =IF(E$23=E3,0.5,IF(E$23>E3,1,0)) -> 0 | GZ3: =IF(F$23=F3,0.5,IF(F$23>F3,1,0)) -> 0.5 | HA3: =IF(G$23=G3,0.5,IF(G$23>G3,1,0)) -> 0.5 | HB3: =IF(H$23=H3,0.5,IF(H$23>H3,1,0)) -> 0.5 | HC3: =IF(SUM(GV3:HB3)=$K$82,0.5,IF(SUM(GV3:HB3)>$K$82,1,0)) -> 0 | HE3: =IF(B$24=B3,0.5,IF(B$24>B3,1,0)) -> 0 | HF3: =IF(C$24=C3,0.5,IF(C$24>C3,1,0)) -> 0 | HG3: =IF(D$24=D3,0.5,IF(D$24>D3,1,0)) -> 0 | HH3: =IF(E$24=E3,0.5,IF(E$24>E3,1,0)) -> 0 | HI3: =IF(F$24=F3,0.5,IF(F$24>F3,1,0)) -> 0.5 | HJ3: =IF(G$24=G3,0.5,IF(G$24>G3,1,0)) -> 0.5 | HK3: =IF(H$24=H3,0.5,IF(H$24>H3,1,0)) -> 0.5 | HL3: =IF(SUM(HE3:HK3)=$K$82,0.5,IF(SUM(HE3:HK3)>$K$82,1,0)) -> 0 | HN3: =IF(B$25=B3,0.5,IF(B$25>B3,1,0)) -> 0 | HO3: =IF(C$25=C3,0.5,IF(C$25>C3,1,0)) -> 0 | HP3: =IF(D$25=D3,0.5,IF(D$25>D3,1,0)) -> 0 | HQ3: =IF(E$25=E3,0.5,IF(E$25>E3,1,0)) -> 0 | HR3: =IF(F$25=F3,0.5,IF(F$25>F3,1,0)) -> 0.5 | HS3: =IF(G$25=G3,0.5,IF(G$25>G3,1,0)) -> 0.5 | HT3: =IF(H$25=H3,0.5,IF(H$25>H3,1,0)) -> 0.5 | HU3: =IF(SUM(HN3:HT3)=$K$82,0.5,IF(SUM(HN3:HT3)>$K$82,1,0)) -> 0 | HW3: =IF(B$26=B3,0.5,IF(B$26>B3,1,0)) -> 0 | HX3: =IF(C$26=C3,0.5,IF(C$26>C3,1,0)) -> 0 | HY3: =IF(D$26=D3,0.5,IF(D$26>D3,1,0)) -> 0 | HZ3: =IF(E$26=E3,0.5,IF(E$26>E3,1,0)) -> 0 | IA3: =IF(F$26=F3,0.5,IF(F$26>F3,1,0)) -> 0.5 | IB3: =IF(G$26=G3,0.5,IF(G$26>G3,1,0)) -> 0.5 | IC3: =IF(H$26=H3,0.5,IF(H$26>H3,1,0)) -> 0.5 | ID3: =IF(SUM(HW3:IC3)=$K$82,0.5,IF(SUM(HW3:IC3)>$K$82,1,0)) -> 0 | IF3: =IF(B$27=B3,0.5,IF(B$27>B3,1,0)) -> 0 | IG3: =IF(C$27=C3,0.5,IF(C$27>C3,1,0)) -> 0 | IH3: =IF(D$27=D3,0.5,IF(D$27>D3,1,0)) -> 0 | II3: =IF(E$27=E3,0.5,IF(E$27>E3,1,0)) -> 0 | IJ3: =IF(F$27=F3,0.5,IF(F$27>F3,1,0)) -> 0.5 | IK3: =IF(G$27=G3,0.5,IF(G$27>G3,1,0)) -> 0.5 | IL3: =IF(H$27=H3,0.5,IF(H$27>H3,1,0)) -> 0.5 | IM3: =IF(SUM(IF3:IL3)=$K$82,0.5,IF(SUM(IF3:IL3)>$K$82,1,0)) -> 0 | IO3: =IF(B$28=B3,0.5,IF(B$28>B3,1,0)) -> 0 | IP3: =IF(C$28=C3,0.5,IF(C$28>C3,1,0)) -> 0 | IQ3: =IF(D$28=D3,0.5,IF(D$28>D3,1,0)) -> 0 | IR3: =IF(E$28=E3,0.5,IF(E$28>E3,1,0)) -> 0 | IS3: =IF(F$28=F3,0.5,IF(F$28>F3,1,0)) -> 0.5 | IT3: =IF(G$28=G3,0.5,IF(G$28>G3,1,0)) -> 0.5 | IU3: =IF(H$28=H3,0.5,IF(H$28>H3,1,0)) -> 0.5 | IV3: =IF(SUM(IO3:IU3)=$K$82,0.5,IF(SUM(IO3:IU3)>$K$82,1,0)) -> 0 | IX3: =IF(B$29=B3,0.5,IF(B$29>B3,1,0)) -> 0 | IY3: =IF(C$29=C3,0.5,IF(C$29>C3,1,0)) -> 0 | IZ3: =IF(D$29=D3,0.5,IF(D$29>D3,1,0)) -> 0 | JA3: =IF(E$29=E3,0.5,IF(E$29>E3,1,0)) -> 0 | JB3: =IF(F$29=F3,0.5,IF(F$29>F3,1,0)) -> 0.5 | JC3: =IF(G$29=G3,0.5,IF(G$29>G3,1,0)) -> 0.5 | JD3: =IF(H$29=H3,0.5,IF(H$29>H3,1,0)) -> 0.5 | JE3: =IF(SUM(IX3:JD3)=$K$82,0.5,IF(SUM(IX3:JD3)>$K$82,1,0)) -> 0 | JG3: =IF(B$30=B3,0.5,IF(B$30>B3,1,0)) -> 0 | JH3: =IF(C$30=C3,0.5,IF(C$30>C3,1,0)) -> 0 | JI3: =IF(D$30=D3,0.5,IF(D$30>D3,1,0)) -> 0 | JJ3: =IF(E$30=E3,0.5,IF(E$30>E3,1,0)) -> 0 | JK3: =IF(F$30=F3,0.5,IF(F$30>F3,1,0)) -> 0.5 | JL3: =IF(G$30=G3,0.5,IF(G$30>G3,1,0)) -> 0.5 | JM3: =IF(H$30=H3,0.5,IF(H$30>H3,1,0)) -> 0.5 | JN3: =IF(SUM(JG3:JM3)=$K$82,0.5,IF(SUM(JG3:JM3)>$K$82,1,0)) -> 0 | JP3: =IF(B$31=B3,0.5,IF(B$31>B3,1,0)) -> 0 | JQ3: =IF(C$31=C3,0.5,IF(C$31>C3,1,0)) -> 0 | JR3: =IF(D$31=D3,0.5,IF(D$31>D3,1,0)) -> 0 | JS3: =IF(E$31=E3,0.5,IF(E$31>E3,1,0)) -> 0 | JT3: =IF(F$31=F3,0.5,IF(F$31>F3,1,0)) -> 0.5 | JU3: =IF(G$31=G3,0.5,IF(G$31>G3,1,0)) -> 0.5 | JV3: =IF(H$31=H3,0.5,IF(H$31>H3,1,0)) -> 0.5 | JW3: =IF(SUM(JP3:JV3)=$K$82,0.5,IF(SUM(JP3:JV3)>$K$82,1,0)) -> 0 | JY3: =IF(B$32=B3,0.5,IF(B$32>B3,1,0)) -> 0 | JZ3: =IF(C$32=C3,0.5,IF(C$32>C3,1,0)) -> 0 | KA3: =IF(D$32=D3,0.5,IF(D$32>D3,1,0)) -> 0 | KB3: =IF(E$32=E3,0.5,IF(E$32>E3,1,0)) -> 0 | KC3: =IF(F$32=F3,0.5,IF(F$32>F3,1,0)) -> 0.5 | KD3: =IF(G$32=G3,0.5,IF(G$32>G3,1,0)) -> 0.5 | KE3: =IF(H$32=H3,0.5,IF(H$32>H3,1,0)) -> 0.5 | KF3: =IF(SUM(JY3:KE3)=$K$82,0.5,IF(SUM(JY3:KE3)>$K$82,1,0)) -> 0 | KH3: =IF(B$33=B3,0.5,IF(B$33>B3,1,0)) -> 0 | KI3: =IF(C$33=C3,0.5,IF(C$33>C3,1,0)) -> 0 | KJ3: =IF(D$33=D3,0.5,IF(D$33>D3,1,0)) -> 0 | KK3: =IF(E$33=E3,0.5,IF(E$33>E3,1,0)) -> 0 | KL3: =IF(F$33=F3,0.5,IF(F$33>F3,1,0)) -> 0.5 | KM3: =IF(G$33=G3,0.5,IF(G$33>G3,1,0)) -> 0.5 | KN3: =IF(H$33=H3,0.5,IF(H$33>H3,1,0)) -> 0.5 | KO3: =IF(SUM(KH3:KN3)=$K$82,0.5,IF(SUM(KH3:KN3)>$K$82,1,0)) -> 0 | KQ3: =IF(B$34=B3,0.5,IF(B$34>B3,1,0)) -> 0 | KR3: =IF(C$34=C3,0.5,IF(C$34>C3,1,0)) -> 0 | KS3: =IF(D$34=D3,0.5,IF(D$34>D3,1,0)) -> 0 | KT3: =IF(E$34=E3,0.5,IF(E$34>E3,1,0)) -> 0 | KU3: =IF(F$34=F3,0.5,IF(F$34>F3,1,0)) -> 0.5 | KV3: =IF(G$34=G3,0.5,IF(G$34>G3,1,0)) -> 0.5 | KW3: =IF(H$34=H3,0.5,IF(H$34>H3,1,0)) -> 0.5 | KX3: =IF(SUM(KQ3:KW3)=$K$82,0.5,IF(SUM(KQ3:KW3)>$K$82,1,0)) -> 0 | KZ3: =IF(B$35=B3,0.5,IF(B$35>B3,1,0)) -> 0 | LA3: =IF(C$35=C3,0.5,IF(C$35>C3,1,0)) -> 0 | LB3: =IF(D$35=D3,0.5,IF(D$35>D3,1,0)) -> 0 | LC3: =IF(E$35=E3,0.5,IF(E$35>E3,1,0)) -> 0 | LD3: =IF(F$35=F3,0.5,IF(F$35>F3,1,0)) -> 0.5 | LE3: =IF(G$35=G3,0.5,IF(G$35>G3,1,0)) -> 0.5 | LF3: =IF(H$35=H3,0.5,IF(H$35>H3,1,0)) -> 0.5 | LG3: =IF(SUM(KZ3:LF3)=$K$82,0.5,IF(SUM(KZ3:LF3)>$K$82,1,0)) -> 0 | LI3: =IF(B$36=B3,0.5,IF(B$36>B3,1,0)) -> 0 | LJ3: =IF(C$36=C3,0.5,IF(C$36>C3,1,0)) -> 0 | LK3: =IF(D$36=D3,0.5,IF(D$36>D3,1,0)) -> 0 | LL3: =IF(E$36=E3,0.5,IF(E$36>E3,1,0)) -> 0 | LM3: =IF(F$36=F3,0.5,IF(F$36>F3,1,0)) -> 0.5 | LN3: =IF(G$36=G3,0.5,IF(G$36>G3,1,0)) -> 0.5 | LO3: =IF(H$36=H3,0.5,IF(H$36>H3,1,0)) -> 0.5 | LP3: =IF(SUM(LI3:LO3)=$K$82,0.5,IF(SUM(LI3:LO3)>$K$82,1,0)) -> 0 | LR3: =IF(B$37=B3,0.5,IF(B$37>B3,1,0)) -> 0 | LS3: =IF(C$37=C3,0.5,IF(C$37>C3,1,0)) -> 0 | LT3: =IF(D$37=D3,0.5,IF(D$37>D3,1,0)) -> 0 | LU3: =IF(E$37=E3,0.5,IF(E$37>E3,1,0)) -> 0 | LV3: =IF(F$37=F3,0.5,IF(F$37>F3,1,0)) -> 0.5 | LW3: =IF(G$37=G3,0.5,IF(G$37>G3,1,0)) -> 0.5 | LX3: =IF(H$37=H3,0.5,IF(H$37>H3,1,0)) -> 0.5 | LY3: =IF(SUM(LR3:LX3)=$K$82,0.5,IF(SUM(LR3:LX3)>$K$82,1,0)) -> 0 | MA3: =IF(B$38=B3,0.5,IF(B$38>B3,1,0)) -> 0 | MB3: =IF(C$38=C3,0.5,IF(C$38>C3,1,0)) -> 0 | MC3: =IF(D$38=D3,0.5,IF(D$38>D3,1,0)) -> 0 | MD3: =IF(E$38=E3,0.5,IF(E$38>E3,1,0)) -> 0 | ME3: =IF(F$38=F3,0.5,IF(F$38>F3,1,0)) -> 0.5 | MF3: =IF(G$38=G3,0.5,IF(G$38>G3,1,0)) -> 0.5 | MG3: =IF(H$38=H3,0.5,IF(H$38>H3,1,0)) -> 0.5 | MH3: =IF(SUM(MA3:MG3)=$K$82,0.5,IF(SUM(MA3:MG3)>$K$82,1,0)) -> 0 | MJ3: =IF(B$39=B3,0.5,IF(B$39>B3,1,0)) -> 0 | MK3: =IF(C$39=C3,0.5,IF(C$39>C3,1,0)) -> 0 | ML3: =IF(D$39=D3,0.5,IF(D$39>D3,1,0)) -> 0 | MM3: =IF(E$39=E3,0.5,IF(E$39>E3,1,0)) -> 0 | MN3: =IF(F$39=F3,0.5,IF(F$39>F3,1,0)) -> 0.5 | MO3: =IF(G$39=G3,0.5,IF(G$39>G3,1,0)) -> 0.5 | MP3: =IF(H$39=H3,0.5,IF(H$39>H3,1,0)) -> 0.5 | MQ3: =IF(SUM(MJ3:MP3)=$K$82,0.5,IF(SUM(MJ3:MP3)>$K$82,1,0)) -> 0 | MS3: =IF(B$40=B3,0.5,IF(B$40>B3,1,0)) -> 0 | MT3: =IF(C$40=C3,0.5,IF(C$40>C3,1,0)) -> 0 | MU3: =IF(D$40=D3,0.5,IF(D$40>D3,1,0)) -> 0 | MV3: =IF(E$40=E3,0.5,IF(E$40>E3,1,0)) -> 0 | MW3: =IF(F$40=F3,0.5,IF(F$40>F3,1,0)) -> 0.5 | MX3: =IF(G$40=G3,0.5,IF(G$40>G3,1,0)) -> 0.5 | MY3: =IF(H$40=H3,0.5,IF(H$40>H3,1,0)) -> 0.5 | MZ3: =IF(SUM(MS3:MY3)=$K$82,0.5,IF(SUM(MS3:MY3)>$K$82,1,0)) -> 0 | NB3: =IF(B$41=B3,0.5,IF(B$41>B3,1,0)) -> 0 | NC3: =IF(C$41=C3,0.5,IF(C$41>C3,1,0)) -> 0 | ND3: =IF(D$41=D3,0.5,IF(D$41>D3,1,0)) -> 0 | NE3: =IF(E$41=E3,0.5,IF(E$41>E3,1,0)) -> 0 | NF3: =IF(F$41=F3,0.5,IF(F$41>F3,1,0)) -> 0.5 | NG3: =IF(G$41=G3,0.5,IF(G$41>G3,1,0)) -> 0.5 | NH3: =IF(H$41=H3,0.5,IF(H$41>H3,1,0)) -> 0.5 | NI3: =IF(SUM(NB3:NH3)=$K$82,0.5,IF(SUM(NB3:NH3)>$K$82,1,0)) -> 0 | NK3: =IF(B$42=B3,0.5,IF(B$42>B3,1,0)) -> 0 | NL3: =IF(C$42=C3,0.5,IF(C$42>C3,1,0)) -> 0 | NM3: =IF(D$42=D3,0.5,IF(D$42>D3,1,0)) -> 0 | NN3: =IF(E$42=E3,0.5,IF(E$42>E3,1,0)) -> 0 | NO3: =IF(F$42=F3,0.5,IF(F$42>F3,1,0)) -> 0.5 | NP3: =IF(G$42=G3,0.5,IF(G$42>G3,1,0)) -> 0.5 | NQ3: =IF(H$42=H3,0.5,IF(H$42>H3,1,0)) -> 0.5 | NR3: =IF(SUM(NK3:NQ3)=$K$82,0.5,IF(SUM(NK3:NQ3)>$K$82,1,0)) -> 0 | NT3: =IF(B$43=B3,0.5,IF(B$43>B3,1,0)) -> 0 | NU3: =IF(C$43=C3,0.5,IF(C$43>C3,1,0)) -> 0 | NV3: =IF(D$43=D3,0.5,IF(D$43>D3,1,0)) -> 0 | NW3: =IF(E$43=E3,0.5,IF(E$43>E3,1,0)) -> 0 | NX3: =IF(F$43=F3,0.5,IF(F$43>F3,1,0)) -> 0.5 | NY3: =IF(G$43=G3,0.5,IF(G$43>G3,1,0)) -> 0.5 | NZ3: =IF(H$43=H3,0.5,IF(H$43>H3,1,0)) -> 0.5 | OA3: =IF(SUM(NT3:NZ3)=$K$82,0.5,IF(SUM(NT3:NZ3)>$K$82,1,0)) -> 0 | OC3: =IF(B$44=B3,0.5,IF(B$44>B3,1,0)) -> 0 | OD3: =IF(C$44=C3,0.5,IF(C$44>C3,1,0)) -> 0 | OE3: =IF(D$44=D3,0.5,IF(D$44>D3,1,0)) -> 0 | OF3: =IF(E$44=E3,0.5,IF(E$44>E3,1,0)) -> 0 | OG3: =IF(F$44=F3,0.5,IF(F$44>F3,1,0)) -> 0.5 | OH3: =IF(G$44=G3,0.5,IF(G$44>G3,1,0)) -> 0.5 | OI3: =IF(H$44=H3,0.5,IF(H$44>H3,1,0)) -> 0.5 | OJ3: =IF(SUM(OC3:OI3)=$K$82,0.5,IF(SUM(OC3:OI3)>$K$82,1,0)) -> 0 | OL3: =IF(B$45=B3,0.5,IF(B$45>B3,1,0)) -> 0 | OM3: =IF(C$45=C3,0.5,IF(C$45>C3,1,0)) -> 0 | ON3: =IF(D$45=D3,0.5,IF(D$45>D3,1,0)) -> 0 | OO3: =IF(E$45=E3,0.5,IF(E$45>E3,1,0)) -> 0 | OP3: =IF(F$45=F3,0.5,IF(F$45>F3,1,0)) -> 0.5 | OQ3: =IF(G$45=G3,0.5,IF(G$45>G3,1,0)) -> 0.5 | OR3: =IF(H$45=H3,0.5,IF(H$45>H3,1,0)) -> 0.5 | OS3: =IF(SUM(OL3:OR3)=$K$82,0.5,IF(SUM(OL3:OR3)>$K$82,1,0)) -> 0 | OU3: =IF(B$46=B3,0.5,IF(B$46>B3,1,0)) -> 0 | OV3: =IF(C$46=C3,0.5,IF(C$46>C3,1,0)) -> 0 | OW3: =IF(D$46=D3,0.5,IF(D$46>D3,1,0)) -> 0 | OX3: =IF(E$46=E3,0.5,IF(E$46>E3,1,0)) -> 0 | OY3: =IF(F$46=F3,0.5,IF(F$46>F3,1,0)) -> 0.5 | OZ3: =IF(G$46=G3,0.5,IF(G$46>G3,1,0)) -> 0.5 | PA3: =IF(H$46=H3,0.5,IF(H$46>H3,1,0)) -> 0.5 | PB3: =IF(SUM(OU3:PA3)=$K$82,0.5,IF(SUM(OU3:PA3)>$K$82,1,0)) -> 0 | PD3: =IF(B$47=B3,0.5,IF(B$47>B3,1,0)) -> 0 | PE3: =IF(C$47=C3,0.5,IF(C$47>C3,1,0)) -> 0 | PF3: =IF(D$47=D3,0.5,IF(D$47>D3,1,0)) -> 0 | PG3: =IF(E$47=E3,0.5,IF(E$47>E3,1,0)) -> 0 | PH3: =IF(F$47=F3,0.5,IF(F$47>F3,1,0)) -> 0.5 | PI3: =IF(G$47=G3,0.5,IF(G$47>G3,1,0)) -> 0.5 | PJ3: =IF(H$47=H3,0.5,IF(H$47>H3,1,0)) -> 0.5 | PK3: =IF(SUM(PD3:PJ3)=$K$82,0.5,IF(SUM(PD3:PJ3)>$K$82,1,0)) -> 0 | PM3: =IF(B$48=B3,0.5,IF(B$48>B3,1,0)) -> 0 | PN3: =IF(C$48=C3,0.5,IF(C$48>C3,1,0)) -> 0 | PO3: =IF(D$48=D3,0.5,IF(D$48>D3,1,0)) -> 0 | PP3: =IF(E$48=E3,0.5,IF(E$48>E3,1,0)) -> 0 | PQ3: =IF(F$48=F3,0.5,IF(F$48>F3,1,0)) -> 0.5 | PR3: =IF(G$48=G3,0.5,IF(G$48>G3,1,0)) -> 0.5 | PS3: =IF(H$48=H3,0.5,IF(H$48>H3,1,0)) -> 0.5 | PT3: =IF(SUM(PM3:PS3)=$K$82,0.5,IF(SUM(PM3:PS3)>$K$82,1,0)) -> 0 | PV3: =IF(B$49=B3,0.5,IF(B$49>B3,1,0)) -> 0 | PW3: =IF(C$49=C3,0.5,IF(C$49>C3,1,0)) -> 0 | PX3: =IF(D$49=D3,0.5,IF(D$49>D3,1,0)) -> 0 | PY3: =IF(E$49=E3,0.5,IF(E$49>E3,1,0)) -> 0 | PZ3: =IF(F$49=F3,0.5,IF(F$49>F3,1,0)) -> 0.5 | QA3: =IF(G$49=G3,0.5,IF(G$49>G3,1,0)) -> 0.5 | QB3: =IF(H$49=H3,0.5,IF(H$49>H3,1,0)) -> 0.5 | QC3: =IF(SUM(PV3:QB3)=$K$82,0.5,IF(SUM(PV3:QB3)>$K$82,1,0)) -> 0 | QE3: =IF(B$50=B3,0.5,IF(B$50>B3,1,0)) -> 0 | QF3: =IF(C$50=C3,0.5,IF(C$50>C3,1,0)) -> 0 | QG3: =IF(D$50=D3,0.5,IF(D$50>D3,1,0)) -> 0 | QH3: =IF(E$50=E3,0.5,IF(E$50>E3,1,0)) -> 0 | QI3: =IF(F$50=F3,0.5,IF(F$50>F3,1,0)) -> 0.5 | QJ3: =IF(G$50=G3,0.5,IF(G$50>G3,1,0)) -> 0.5 | QK3: =IF(H$50=H3,0.5,IF(H$50>H3,1,0)) -> 0.5 | QL3: =IF(SUM(QE3:QK3)=$K$82,0.5,IF(SUM(QE3:QK3)>$K$82,1,0)) -> 0 | QN3: =IF(B$51=B3,0.5,IF(B$51>B3,1,0)) -> 0 | QO3: =IF(C$51=C3,0.5,IF(C$51>C3,1,0)) -> 0 | QP3: =IF(D$51=D3,0.5,IF(D$51>D3,1,0)) -> 0 | QQ3: =IF(E$51=E3,0.5,IF(E$51>E3,1,0)) -> 0 | QR3: =IF(F$51=F3,0.5,IF(F$51>F3,1,0)) -> 0.5 | QS3: =IF(G$51=G3,0.5,IF(G$51>G3,1,0)) -> 0.5 | QT3: =IF(H$51=H3,0.5,IF(H$51>H3,1,0)) -> 0.5 | QU3: =IF(SUM(QN3:QT3)=$K$82,0.5,IF(SUM(QN3:QT3)>$K$82,1,0)) -> 0 | QW3: =IF(B$52=B3,0.5,IF(B$52>B3,1,0)) -> 0 | QX3: =IF(C$52=C3,0.5,IF(C$52>C3,1,0)) -> 0 | QY3: =IF(D$52=D3,0.5,IF(D$52>D3,1,0)) -> 0 | QZ3: =IF(E$52=E3,0.5,IF(E$52>E3,1,0)) -> 0 | RA3: =IF(F$52=F3,0.5,IF(F$52>F3,1,0)) -> 0.5 | RB3: =IF(G$52=G3,0.5,IF(G$52>G3,1,0)) -> 0.5 | RC3: =IF(H$52=H3,0.5,IF(H$52>H3,1,0)) -> 0.5 | RD3: =IF(SUM(QW3:RC3)=$K$82,0.5,IF(SUM(QW3:RC3)>$K$82,1,0)) -> 0 | RF3: =IF(B$53=B3,0.5,IF(B$53>B3,1,0)) -> 0 | RG3: =IF(C$53=C3,0.5,IF(C$53>C3,1,0)) -> 0 | RH3: =IF(D$53=D3,0.5,IF(D$53>D3,1,0)) -> 0 | RI3: =IF(E$53=E3,0.5,IF(E$53>E3,1,0)) -> 0 | RJ3: =IF(F$53=F3,0.5,IF(F$53>F3,1,0)) -> 0.5 | RK3: =IF(G$53=G3,0.5,IF(G$53>G3,1,0)) -> 0.5 | RL3: =IF(H$53=H3,0.5,IF(H$53>H3,1,0)) -> 0.5 | RM3: =IF(SUM(RF3:RL3)=$K$82,0.5,IF(SUM(RF3:RL3)>$K$82,1,0)) -> 0 | RO3: =IF(B$54=B3,0.5,IF(B$54>B3,1,0)) -> 0 | RP3: =IF(C$54=C3,0.5,IF(C$54>C3,1,0)) -> 0 | RQ3: =IF(D$54=D3,0.5,IF(D$54>D3,1,0)) -> 0 | RR3: =IF(E$54=E3,0.5,IF(E$54>E3,1,0)) -> 0 | RS3: =IF(F$54=F3,0.5,IF(F$54>F3,1,0)) -> 0.5 | RT3: =IF(G$54=G3,0.5,IF(G$54>G3,1,0)) -> 0.5 | RU3: =IF(H$54=H3,0.5,IF(H$54>H3,1,0)) -> 0.5 | RV3: =IF(SUM(RO3:RU3)=$K$82,0.5,IF(SUM(RO3:RU3)>$K$82,1,0)) -> 0 | RX3: =IF(B$55=B3,0.5,IF(B$55>B3,1,0)) -> 0 | RY3: =IF(C$55=C3,0.5,IF(C$55>C3,1,0)) -> 0 | RZ3: =IF(D$55=D3,0.5,IF(D$55>D3,1,0)) -> 0 | SA3: =IF(E$55=E3,0.5,IF(E$55>E3,1,0)) -> 0 | SB3: =IF(F$55=F3,0.5,IF(F$55>F3,1,0)) -> 0.5 | SC3: =IF(G$55=G3,0.5,IF(G$55>G3,1,0)) -> 0.5 | SD3: =IF(H$55=H3,0.5,IF(H$55>H3,1,0)) -> 0.5 | SE3: =IF(SUM(RX3:SD3)=$K$82,0.5,IF(SUM(RX3:SD3)>$K$82,1,0)) -> 0 | SG3: =IF(B$56=B3,0.5,IF(B$56>B3,1,0)) -> 0 | SH3: =IF(C$56=C3,0.5,IF(C$56>C3,1,0)) -> 0 | SI3: =IF(D$56=D3,0.5,IF(D$56>D3,1,0)) -> 0 | SJ3: =IF(E$56=E3,0.5,IF(E$56>E3,1,0)) -> 0 | SK3: =IF(F$56=F3,0.5,IF(F$56>F3,1,0)) -> 0.5 | SL3: =IF(G$56=G3,0.5,IF(G$56>G3,1,0)) -> 0.5 | SM3: =IF(H$56=H3,0.5,IF(H$56>H3,1,0)) -> 0.5 | SN3: =IF(SUM(SG3:SM3)=$K$82,0.5,IF(SUM(SG3:SM3)>$K$82,1,0)) -> 0 | SP3: =IF(B$57=B3,0.5,IF(B$57>B3,1,0)) -> 0 | SQ3: =IF(C$57=C3,0.5,IF(C$57>C3,1,0)) -> 0 | SR3: =IF(D$57=D3,0.5,IF(D$57>D3,1,0)) -> 0 | SS3: =IF(E$57=E3,0.5,IF(E$57>E3,1,0)) -> 0 | ST3: =IF(F$57=F3,0.5,IF(F$57>F3,1,0)) -> 0.5 | SU3: =IF(G$57=G3,0.5,IF(G$57>G3,1,0)) -> 0.5 | SV3: =IF(H$57=H3,0.5,IF(H$57>H3,1,0)) -> 0.5 | SW3: =IF(SUM(SP3:SV3)=$K$82,0.5,IF(SUM(SP3:SV3)>$K$82,1,0)) -> 0 | SY3: =IF(B$58=B3,0.5,IF(B$58>B3,1,0)) -> 0 | SZ3: =IF(C$58=C3,0.5,IF(C$58>C3,1,0)) -> 0 | TA3: =IF(D$58=D3,0.5,IF(D$58>D3,1,0)) -> 0 | TB3: =IF(E$58=E3,0.5,IF(E$58>E3,1,0)) -> 0 | TC3: =IF(F$58=F3,0.5,IF(F$58>F3,1,0)) -> 0.5 | TD3: =IF(G$58=G3,0.5,IF(G$58>G3,1,0)) -> 0.5 | TE3: =IF(H$58=H3,0.5,IF(H$58>H3,1,0)) -> 0.5 | TF3: =IF(SUM(SY3:TE3)=$K$82,0.5,IF(SUM(SY3:TE3)>$K$82,1,0)) -> 0 | TH3: =IF(B$59=B3,0.5,IF(B$59>B3,1,0)) -> 0 | TI3: =IF(C$59=C3,0.5,IF(C$59>C3,1,0)) -> 0 | TJ3: =IF(D$59=D3,0.5,IF(D$59>D3,1,0)) -> 0 | TK3: =IF(E$59=E3,0.5,IF(E$59>E3,1,0)) -> 0 | TL3: =IF(F$59=F3,0.5,IF(F$59>F3,1,0)) -> 0.5 | TM3: =IF(G$59=G3,0.5,IF(G$59>G3,1,0)) -> 0.5 | TN3: =IF(H$59=H3,0.5,IF(H$59>H3,1,0)) -> 0.5 | TO3: =IF(SUM(TH3:TN3)=$K$82,0.5,IF(SUM(TH3:TN3)>$K$82,1,0)) -> 0 | TQ3: =IF(B$60=B3,0.5,IF(B$60>B3,1,0)) -> 0 | TR3: =IF(C$60=C3,0.5,IF(C$60>C3,1,0)) -> 0 | TS3: =IF(D$60=D3,0.5,IF(D$60>D3,1,0)) -> 0 | TT3: =IF(E$60=E3,0.5,IF(E$60>E3,1,0)) -> 0 | TU3: =IF(F$60=F3,0.5,IF(F$60>F3,1,0)) -> 0.5 | TV3: =IF(G$60=G3,0.5,IF(G$60>G3,1,0)) -> 0.5 | TW3: =IF(H$60=H3,0.5,IF(H$60>H3,1,0)) -> 0.5 | TX3: =IF(SUM(TQ3:TW3)=$K$82,0.5,IF(SUM(TQ3:TW3)>$K$82,1,0)) -> 0 | TZ3: =IF(B$61=B3,0.5,IF(B$61>B3,1,0)) -> 0 | UA3: =IF(C$61=C3,0.5,IF(C$61>C3,1,0)) -> 0 | UB3: =IF(D$61=D3,0.5,IF(D$61>D3,1,0)) -> 0 | UC3: =IF(E$61=E3,0.5,IF(E$61>E3,1,0)) -> 0 | UD3: =IF(F$61=F3,0.5,IF(F$61>F3,1,0)) -> 0.5 | UE3: =IF(G$61=G3,0.5,IF(G$61>G3,1,0)) -> 0.5 | UF3: =IF(H$61=H3,0.5,IF(H$61>H3,1,0)) -> 0.5 | UG3: =IF(SUM(TZ3:UF3)=$K$82,0.5,IF(SUM(TZ3:UF3)>$K$82,1,0)) -> 0 | UI3: =IF(B$62=B3,0.5,IF(B$62>B3,1,0)) -> 0 | UJ3: =IF(C$62=C3,0.5,IF(C$62>C3,1,0)) -> 0 | UK3: =IF(D$62=D3,0.5,IF(D$62>D3,1,0)) -> 0 | UL3: =IF(E$62=E3,0.5,IF(E$62>E3,1,0)) -> 0 | UM3: =IF(F$62=F3,0.5,IF(F$62>F3,1,0)) -> 0.5 | UN3: =IF(G$62=G3,0.5,IF(G$62>G3,1,0)) -> 0.5 | UO3: =IF(H$62=H3,0.5,IF(H$62>H3,1,0)) -> 0.5 | UP3: =IF(SUM(UI3:UO3)=$K$82,0.5,IF(SUM(UI3:UO3)>$K$82,1,0)) -> 0 | UR3: =IF(B$63=B3,0.5,IF(B$63>B3,1,0)) -> 0 | US3: =IF(C$63=C3,0.5,IF(C$63>C3,1,0)) -> 0 | UT3: =IF(D$63=D3,0.5,IF(D$63>D3,1,0)) -> 0 | UU3: =IF(E$63=E3,0.5,IF(E$63>E3,1,0)) -> 0 | UV3: =IF(F$63=F3,0.5,IF(F$63>F3,1,0)) -> 0.5 | UW3: =IF(G$63=G3,0.5,IF(G$63>G3,1,0)) -> 0.5 | UX3: =IF(H$63=H3,0.5,IF(H$63>H3,1,0)) -> 0.5 | UY3: =IF(SUM(UR3:UX3)=$K$82,0.5,IF(SUM(UR3:UX3)>$K$82,1,0)) -> 0 | VA3: =IF(B$64=B3,0.5,IF(B$64>B3,1,0)) -> 0 | VB3: =IF(C$64=C3,0.5,IF(C$64>C3,1,0)) -> 0 | VC3: =IF(D$64=D3,0.5,IF(D$64>D3,1,0)) -> 0 | VD3: =IF(E$64=E3,0.5,IF(E$64>E3,1,0)) -> 0 | VE3: =IF(F$64=F3,0.5,IF(F$64>F3,1,0)) -> 0.5 | VF3: =IF(G$64=G3,0.5,IF(G$64>G3,1,0)) -> 0.5 | VG3: =IF(H$64=H3,0.5,IF(H$64>H3,1,0)) -> 0.5 | VH3: =IF(SUM(VA3:VG3)=$K$82,0.5,IF(SUM(VA3:VG3)>$K$82,1,0)) -> 0 | VJ3: =IF(B$65=B3,0.5,IF(B$65>B3,1,0)) -> 0 | VK3: =IF(C$65=C3,0.5,IF(C$65>C3,1,0)) -> 0 | VL3: =IF(D$65=D3,0.5,IF(D$65>D3,1,0)) -> 0 | VM3: =IF(E$65=E3,0.5,IF(E$65>E3,1,0)) -> 0 | VN3: =IF(F$65=F3,0.5,IF(F$65>F3,1,0)) -> 0.5 | VO3: =IF(G$65=G3,0.5,IF(G$65>G3,1,0)) -> 0.5 | VP3: =IF(H$65=H3,0.5,IF(H$65>H3,1,0)) -> 0.5 | VQ3: =IF(SUM(VJ3:VP3)=$K$82,0.5,IF(SUM(VJ3:VP3)>$K$82,1,0)) -> 0 | VS3: =IF(B$66=B3,0.5,IF(B$66>B3,1,0)) -> 0 | VT3: =IF(C$66=C3,0.5,IF(C$66>C3,1,0)) -> 0 | VU3: =IF(D$66=D3,0.5,IF(D$66>D3,1,0)) -> 0 | VV3: =IF(E$66=E3,0.5,IF(E$66>E3,1,0)) -> 0 | VW3: =IF(F$66=F3,0.5,IF(F$66>F3,1,0)) -> 0.5 | VX3: =IF(G$66=G3,0.5,IF(G$66>G3,1,0)) -> 0.5 | VY3: =IF(H$66=H3,0.5,IF(H$66>H3,1,0)) -> 0.5 | VZ3: =IF(SUM(VS3:VY3)=$K$82,0.5,IF(SUM(VS3:VY3)>$K$82,1,0)) -> 0 | WB3: =IF(B$67=B3,0.5,IF(B$67>B3,1,0)) -> 0 | WC3: =IF(C$67=C3,0.5,IF(C$67>C3,1,0)) -> 0 | WD3: =IF(D$67=D3,0.5,IF(D$67>D3,1,0)) -> 0 | WE3: =IF(E$67=E3,0.5,IF(E$67>E3,1,0)) -> 0 | WF3: =IF(F$67=F3,0.5,IF(F$67>F3,1,0)) -> 0.5 | WG3: =IF(G$67=G3,0.5,IF(G$67>G3,1,0)) -> 0.5 | WH3: =IF(H$67=H3,0.5,IF(H$67>H3,1,0)) -> 0.5 | WI3: =IF(SUM(WB3:WH3)=$K$82,0.5,IF(SUM(WB3:WH3)>$K$82,1,0)) -> 0 | WK3: =IF(B$68=B3,0.5,IF(B$68>B3,1,0)) -> 0 | WL3: =IF(C$68=C3,0.5,IF(C$68>C3,1,0)) -> 0 | WM3: =IF(D$68=D3,0.5,IF(D$68>D3,1,0)) -> 0 | WN3: =IF(E$68=E3,0.5,IF(E$68>E3,1,0)) -> 0 | WO3: =IF(F$68=F3,0.5,IF(F$68>F3,1,0)) -> 0.5 | WP3: =IF(G$68=G3,0.5,IF(G$68>G3,1,0)) -> 0.5 | WQ3: =IF(H$68=H3,0.5,IF(H$68>H3,1,0)) -> 0.5 | WR3: =IF(SUM(WK3:WQ3)=$K$82,0.5,IF(SUM(WK3:WQ3)>$K$82,1,0)) -> 0 | WT3: =IF(B$69=B3,0.5,IF(B$69>B3,1,0)) -> 0 | WU3: =IF(C$69=C3,0.5,IF(C$69>C3,1,0)) -> 0 | WV3: =IF(D$69=D3,0.5,IF(D$69>D3,1,0)) -> 0 | WW3: =IF(E$69=E3,0.5,IF(E$69>E3,1,0)) -> 0 | WX3: =IF(F$69=F3,0.5,IF(F$69>F3,1,0)) -> 0.5 | WY3: =IF(G$69=G3,0.5,IF(G$69>G3,1,0)) -> 0.5 | WZ3: =IF(H$69=H3,0.5,IF(H$69>H3,1,0)) -> 0.5 | XA3: =IF(SUM(WT3:WZ3)=$K$82,0.5,IF(SUM(WT3:WZ3)>$K$82,1,0)) -> 0 | XC3: =IF(B$70=B3,0.5,IF(B$70>B3,1,0)) -> 0 | XD3: =IF(C$70=C3,0.5,IF(C$70>C3,1,0)) -> 0 | XE3: =IF(D$70=D3,0.5,IF(D$70>D3,1,0)) -> 0 | XF3: =IF(E$70=E3,0.5,IF(E$70>E3,1,0)) -> 0 | XG3: =IF(F$70=F3,0.5,IF(F$70>F3,1,0)) -> 0.5 | XH3: =IF(G$70=G3,0.5,IF(G$70>G3,1,0)) -> 0.5 | XI3: =IF(H$70=H3,0.5,IF(H$70>H3,1,0)) -> 0.5 | XJ3: =IF(SUM(XC3:XI3)=$K$82,0.5,IF(SUM(XC3:XI3)>$K$82,1,0)) -> 0 | XL3: =IF(B$71=B3,0.5,IF(B$71>B3,1,0)) -> 0 | XM3: =IF(C$71=C3,0.5,IF(C$71>C3,1,0)) -> 0 | XN3: =IF(D$71=D3,0.5,IF(D$71>D3,1,0)) -> 0 | XO3: =IF(E$71=E3,0.5,IF(E$71>E3,1,0)) -> 0 | XP3: =IF(F$71=F3,0.5,IF(F$71>F3,1,0)) -> 0.5 | XQ3: =IF(G$71=G3,0.5,IF(G$71>G3,1,0)) -> 0.5 | XR3: =IF(H$71=H3,0.5,IF(H$71>H3,1,0)) -> 0.5 | XS3: =IF(SUM(XL3:XR3)=$K$82,0.5,IF(SUM(XL3:XR3)>$K$82,1,0)) -> 0 | XU3: =IF(B$72=B3,0.5,IF(B$72>B3,1,0)) -> 0 | XV3: =IF(C$72=C3,0.5,IF(C$72>C3,1,0)) -> 0 | XW3: =IF(D$72=D3,0.5,IF(D$72>D3,1,0)) -> 0 | XX3: =IF(E$72=E3,0.5,IF(E$72>E3,1,0)) -> 0 | XY3: =IF(F$72=F3,0.5,IF(F$72>F3,1,0)) -> 0.5 | XZ3: =IF(G$72=G3,0.5,IF(G$72>G3,1,0)) -> 0.5 | YA3: =IF(H$72=H3,0.5,IF(H$72>H3,1,0)) -> 0.5 | YB3: =IF(SUM(XU3:YA3)=$K$82,0.5,IF(SUM(XU3:YA3)>$K$82,1,0)) -> 0 | YD3: =IF(B$73=B3,0.5,IF(B$73>B3,1,0)) -> 0 | YE3: =IF(C$73=C3,0.5,IF(C$73>C3,1,0)) -> 0 | YF3: =IF(D$73=D3,0.5,IF(D$73>D3,1,0)) -> 0 | YG3: =IF(E$73=E3,0.5,IF(E$73>E3,1,0)) -> 0 | YH3: =IF(F$73=F3,0.5,IF(F$73>F3,1,0)) -> 0.5 | YI3: =IF(G$73=G3,0.5,IF(G$73>G3,1,0)) -> 0.5 | YJ3: =IF(H$73=H3,0.5,IF(H$73>H3,1,0)) -> 0.5 | YK3: =IF(SUM(YD3:YJ3)=$K$82,0.5,IF(SUM(YD3:YJ3)>$K$82,1,0)) -> 0 | YM3: =IF(B$74=B3,0.5,IF(B$74>B3,1,0)) -> 0 | YN3: =IF(C$74=C3,0.5,IF(C$74>C3,1,0)) -> 0 | YO3: =IF(D$74=D3,0.5,IF(D$74>D3,1,0)) -> 0 | YP3: =IF(E$74=E3,0.5,IF(E$74>E3,1,0)) -> 0 | YQ3: =IF(F$74=F3,0.5,IF(F$74>F3,1,0)) -> 0.5 | YR3: =IF(G$74=G3,0.5,IF(G$74>G3,1,0)) -> 0.5 | YS3: =IF(H$74=H3,0.5,IF(H$74>H3,1,0)) -> 0.5 | YT3: =IF(SUM(YM3:YS3)=$K$82,0.5,IF(SUM(YM3:YS3)>$K$82,1,0)) -> 0 | YV3: =IF(B$75=B3,0.5,IF(B$75>B3,1,0)) -> 0 | YW3: =IF(C$75=C3,0.5,IF(C$75>C3,1,0)) -> 0 | YX3: =IF(D$75=D3,0.5,IF(D$75>D3,1,0)) -> 0 | YY3: =IF(E$75=E3,0.5,IF(E$75>E3,1,0)) -> 0 | YZ3: =IF(F$75=F3,0.5,IF(F$75>F3,1,0)) -> 0.5 | ZA3: =IF(G$75=G3,0.5,IF(G$75>G3,1,0)) -> 0.5 | ZB3: =IF(H$75=H3,0.5,IF(H$75>H3,1,0)) -> 0.5 | ZC3: =IF(SUM(YV3:ZB3)=$K$82,0.5,IF(SUM(YV3:ZB3)>$K$82,1,0)) -> 0 | ZE3: =IF(B$76=B3,0.5,IF(B$76>B3,1,0)) -> 0 | ZF3: =IF(C$76=C3,0.5,IF(C$76>C3,1,0)) -> 0 | ZG3: =IF(D$76=D3,0.5,IF(D$76>D3,1,0)) -> 0 | ZH3: =IF(E$76=E3,0.5,IF(E$76>E3,1,0)) -> 0 | ZI3: =IF(F$76=F3,0.5,IF(F$76>F3,1,0)) -> 0.5 | ZJ3: =IF(G$76=G3,0.5,IF(G$76>G3,1,0)) -> 0.5 | ZK3: =IF(H$76=H3,0.5,IF(H$76>H3,1,0)) -> 0.5 | ZL3: =IF(SUM(ZE3:ZK3)=$K$82,0.5,IF(SUM(ZE3:ZK3)>$K$82,1,0)) -> 0 | ZN3: =IF(B$77=B3,0.5,IF(B$77>B3,1,0)) -> 0 | ZO3: =IF(C$77=C3,0.5,IF(C$77>C3,1,0)) -> 0 | ZP3: =IF(D$77=D3,0.5,IF(D$77>D3,1,0)) -> 0 | ZQ3: =IF(E$77=E3,0.5,IF(E$77>E3,1,0)) -> 0 | ZR3: =IF(F$77=F3,0.5,IF(F$77>F3,1,0)) -> 0.5 | ZS3: =IF(G$77=G3,0.5,IF(G$77>G3,1,0)) -> 0.5 | ZT3: =IF(H$77=H3,0.5,IF(H$77>H3,1,0)) -> 0.5 | ZU3: =IF(SUM(ZN3:ZT3)=$K$82,0.5,IF(SUM(ZN3:ZT3)>$K$82,1,0)) -> 0 | ZW3: =IF(B$78=B3,0.5,IF(B$78>B3,1,0)) -> 0 | ZX3: =IF(C$78=C3,0.5,IF(C$78>C3,1,0)) -> 0 | ZY3: =IF(D$78=D3,0.5,IF(D$78>D3,1,0)) -> 0 | ZZ3: =IF(E$78=E3,0.5,IF(E$78>E3,1,0)) -> 0 | AAA3: =IF(F$78=F3,0.5,IF(F$78>F3,1,0)) -> 0.5 | AAB3: =IF(G$78=G3,0.5,IF(G$78>G3,1,0)) -> 0.5 | AAC3: =IF(H$78=H3,0.5,IF(H$78>H3,1,0)) -> 0.5 | AAD3: =IF(SUM(ZW3:AAC3)=$K$82,0.5,IF(SUM(ZW3:AAC3)>$K$82,1,0)) -> 0 | AAF3: =IF(B$79=B3,0.5,IF(B$79>B3,1,0)) -> 0 | AAG3: =IF(C$79=C3,0.5,IF(C$79>C3,1,0)) -> 0 | AAH3: =IF(D$79=D3,0.5,IF(D$79>D3,1,0)) -> 0 | AAI3: =IF(E$79=E3,0.5,IF(E$79>E3,1,0)) -> 0 | AAJ3: =IF(F$79=F3,0.5,IF(F$79>F3,1,0)) -> 0.5 | AAK3: =IF(G$79=G3,0.5,IF(G$79>G3,1,0)) -> 0.5 | AAL3: =IF(H$79=H3,0.5,IF(H$79>H3,1,0)) -> 0.5 | AAM3: =IF(SUM(AAF3:AAL3)=$K$82,0.5,IF(SUM(AAF3:AAL3)>$K$82,1,0)) -> 0 | AAO3: =IF(B$80=B3,0.5,IF(B$80>B3,1,0)) -> 0 | AAP3: =IF(C$80=C3,0.5,IF(C$80>C3,1,0)) -> 0 | AAQ3: =IF(D$80=D3,0.5,IF(D$80>D3,1,0)) -> 0 | AAR3: =IF(E$80=E3,0.5,IF(E$80>E3,1,0)) -> 0 | AAS3: =IF(F$80=F3,0.5,IF(F$80>F3,1,0)) -> 0.5 | AAT3: =IF(G$80=G3,0.5,IF(G$80>G3,1,0)) -> 0.5 | AAU3: =IF(H$80=H3,0.5,IF(H$80>H3,1,0)) -> 0.5 | AAV3: =IF(SUM(AAO3:AAU3)=$K$82,0.5,IF(SUM(AAO3:AAU3)>$K$82,1,0)) -> 0 | AAX3: =IF(B$81=B3,0.5,IF(B$81>B3,1,0)) -> 0 | AAY3: =IF(C$81=C3,0.5,IF(C$81>C3,1,0)) -> 0 | AAZ3: =IF(D$81=D3,0.5,IF(D$81>D3,1,0)) -> 0 | ABA3: =IF(E$81=E3,0.5,IF(E$81>E3,1,0)) -> 0 | ABB3: =IF(F$81=F3,0.5,IF(F$81>F3,1,0)) -> 0.5 | ABC3: =IF(G$81=G3,0.5,IF(G$81>G3,1,0)) -> 0.5 | ABD3: =IF(H$81=H3,0.5,IF(H$81>H3,1,0)) -> 0.5 | ABE3: =IF(SUM(AAX3:ABD3)=$K$82,0.5,IF(SUM(AAX3:ABD3)>$K$82,1,0)) -> 0 | ABH3: =IF(B3>0,RANK(B3,$B$2:$B$81),"-") -> 2 | ABI3: =IF(C3>0,RANK(C3,$C$2:$C$81),"-") -> 2 | ABJ3: =IF(D3>0,RANK(D3,$D$2:$D$81),"-") -> 1 | ABK3: =IF(E3>0,RANK(E3,$E$2:$E$81),"-") -> 1 | ABL3: =IF(F3>0,RANK(F3,$F$2:$F$81),"-") -> - | ABM3: =IF(G3>0,RANK(G3,$G$2:$G$81),"-") -> - | ABN3: =IF(H3>0,RANK(H3,$H$2:$H$81),"-") -> - | ABP3: =ABH3 -> 2 | ABQ3: =ABI3 -> 2 | ABR3: =ABJ3 -> 1 | ABS3: =ABK3 -> 1 | ABT3: =ABL3 -> - | ABU3: =ABM3 -> - | ABV3: =ABN3 -> - | ABW3: =IF(I3=((79-$L$82)/2),"-",J3) -> 3 | ABX3: =IF(K3<($L$82+1),K3,"-") -> 2 | ABY3: =IF(B3=0,"-",B3) -> 86 | ABZ3: =IF(C3=0,"-",C3) -> 84 | ACA3: =IF(D3=0,"-",D3) -> 90 | ACB3: =IF(E3=0,"-",E3) -> 99 | ACC3: =IF(F3=0,"-",F3) -> - | ACD3: =IF(G3=0,"-",G3) -> - | ACE3: =IF(H3=0,"-",H3) -> - | ACF3: =IF(M3=0,"-",M3) -> 89.75 | ACG3: =RANK(M3,$M$2:$M$81) -> 1
A4: 3 | B4: ='(1) 成績輸入'!D12 -> 84 | C4: ='(1) 成績輸入'!E12 -> 83 | D4: ='(1) 成績輸入'!F12 -> 89 | E4: ='(1) 成績輸入'!G12 -> 80 | F4: ='(1) 成績輸入'!H12 -> 0 | G4: ='(1) 成績輸入'!I12 -> 0 | H4: ='(1) 成績輸入'!J12 -> 0 | I4: =AN82 -> 77 | J4: =I4-$L$83 -> 2 | K4: =RANK(I4,$I$2:$I$81) -> 3 | L4: =IF(SUM(B4:H4)>0,1,0) -> 1 | M4: =SUM(B4:H4)/$B$83 -> 84 | O4: =IF(B$2=B4,0.5,IF(B$2>B4,1,0)) -> 1 | P4: =IF(C$2=C4,0.5,IF(C$2>C4,1,0)) -> 1 | Q4: =IF(D$2=D4,0.5,IF(D$2>D4,1,0)) -> 1 | R4: =IF(E$2=E4,0.5,IF(E$2>E4,1,0)) -> 1 | S4: =IF(F$2=F4,0.5,IF(F$2>F4,1,0)) -> 0.5 | T4: =IF(G$2=G4,0.5,IF(G$2>G4,1,0)) -> 0.5 | U4: =IF(H$2=H4,0.5,IF(H$2>H4,1,0)) -> 0.5 | V4: =IF(SUM(O4:U4)=$K$82,0.5,IF(SUM(O4:U4)>$K$82,1,0)) -> 1 | X4: =IF(B$3=B4,0.5,IF(B$3>B4,1,0)) -> 1 | Y4: =IF(C$3=C4,0.5,IF(C$3>C4,1,0)) -> 1 | Z4: =IF(D$3=D4,0.5,IF(D$3>D4,1,0)) -> 1 | AA4: =IF(E$3=E4,0.5,IF(E$3>E4,1,0)) -> 1 | AB4: =IF(F$3=F4,0.5,IF(F$3>F4,1,0)) -> 0.5 | AC4: =IF(G$3=G4,0.5,IF(G$3>G4,1,0)) -> 0.5 | AD4: =IF(H$3=H4,0.5,IF(H$3>H4,1,0)) -> 0.5 | AE4: =IF(SUM(X4:AD4)=$K$82,0.5,IF(SUM(X4:AD4)>$K$82,1,0)) -> 1 | AG4: =IF(B$4=B4,0.5,IF(B$4>B4,1,0)) -> 0.5 | AH4: =IF(C$4=C4,0.5,IF(C$4>C4,1,0)) -> 0.5 | AI4: =IF(D$4=D4,0.5,IF(D$4>D4,1,0)) -> 0.5 | AJ4: =IF(E$4=E4,0.5,IF(E$4>E4,1,0)) -> 0.5 | AK4: =IF(F$4=F4,0.5,IF(F$4>F4,1,0)) -> 0.5 | AL4: =IF(G$4=G4,0.5,IF(G$4>G4,1,0)) -> 0.5 | AM4: =IF(H$4=H4,0.5,IF(H$4>H4,1,0)) -> 0.5 | AN4: =IF(SUM(AG4:AM4)=$K$82,0.5,IF(SUM(AG4:AM4)>$K$82,1,0)) -> 0.5 | AP4: =IF(B$5=B4,0.5,IF(B$5>B4,1,0)) -> 0 | AQ4: =IF(C$5=C4,0.5,IF(C$5>C4,1,0)) -> 0 | AR4: =IF(D$5=D4,0.5,IF(D$5>D4,1,0)) -> 0.5 | AS4: =IF(E$5=E4,0.5,IF(E$5>E4,1,0)) -> 1 | AT4: =IF(F$5=F4,0.5,IF(F$5>F4,1,0)) -> 0.5 | AU4: =IF(G$5=G4,0.5,IF(G$5>G4,1,0)) -> 0.5 | AV4: =IF(H$5=H4,0.5,IF(H$5>H4,1,0)) -> 0.5 | AW4: =IF(SUM(AP4:AV4)=$K$82,0.5,IF(SUM(AP4:AV4)>$K$82,1,0)) -> 0 | AY4: =IF(B$6=B4,0.5,IF(B$6>B4,1,0)) -> 0 | AZ4: =IF(C$6=C4,0.5,IF(C$6>C4,1,0)) -> 0 | BA4: =IF(D$6=D4,0.5,IF(D$6>D4,1,0)) -> 0.5 | BB4: =IF(E$6=E4,0.5,IF(E$6>E4,1,0)) -> 1 | BC4: =IF(F$6=F4,0.5,IF(F$6>F4,1,0)) -> 0.5 | BD4: =IF(G$6=G4,0.5,IF(G$6>G4,1,0)) -> 0.5 | BE4: =IF(H$6=H4,0.5,IF(H$6>H4,1,0)) -> 0.5 | BF4: =IF(SUM(AY4:BE4)=$K$82,0.5,IF(SUM(AY4:BE4)>$K$82,1,0)) -> 0 | BH4: =IF(B$7=B4,0.5,IF(B$7>B4,1,0)) -> 0 | BI4: =IF(C$7=C4,0.5,IF(C$7>C4,1,0)) -> 0 | BJ4: =IF(D$7=D4,0.5,IF(D$7>D4,1,0)) -> 0 | BK4: =IF(E$7=E4,0.5,IF(E$7>E4,1,0)) -> 0 | BL4: =IF(F$7=F4,0.5,IF(F$7>F4,1,0)) -> 0.5 | BM4: =IF(G$7=G4,0.5,IF(G$7>G4,1,0)) -> 0.5 | BN4: =IF(H$7=H4,0.5,IF(H$7>H4,1,0)) -> 0.5 | BO4: =IF(SUM(BH4:BN4)=$K$82,0.5,IF(SUM(BH4:BN4)>$K$82,1,0)) -> 0 | BQ4: =IF(B$8=B4,0.5,IF(B$8>B4,1,0)) -> 0 | BR4: =IF(C$8=C4,0.5,IF(C$8>C4,1,0)) -> 0 | BS4: =IF(D$8=D4,0.5,IF(D$8>D4,1,0)) -> 0 | BT4: =IF(E$8=E4,0.5,IF(E$8>E4,1,0)) -> 0 | BU4: =IF(F$8=F4,0.5,IF(F$8>F4,1,0)) -> 0.5 | BV4: =IF(G$8=G4,0.5,IF(G$8>G4,1,0)) -> 0.5 | BW4: =IF(H$8=H4,0.5,IF(H$8>H4,1,0)) -> 0.5 | BX4: =IF(SUM(BQ4:BW4)=$K$82,0.5,IF(SUM(BQ4:BW4)>$K$82,1,0)) -> 0 | BZ4: =IF(B$9=B4,0.5,IF(B$9>B4,1,0)) -> 0 | CA4: =IF(C$9=C4,0.5,IF(C$9>C4,1,0)) -> 0 | CB4: =IF(D$9=D4,0.5,IF(D$9>D4,1,0)) -> 0 | CC4: =IF(E$9=E4,0.5,IF(E$9>E4,1,0)) -> 0 | CD4: =IF(F$9=F4,0.5,IF(F$9>F4,1,0)) -> 0.5 | CE4: =IF(G$9=G4,0.5,IF(G$9>G4,1,0)) -> 0.5 | CF4: =IF(H$9=H4,0.5,IF(H$9>H4,1,0)) -> 0.5 | CG4: =IF(SUM(BZ4:CF4)=$K$82,0.5,IF(SUM(BZ4:CF4)>$K$82,1,0)) -> 0 | CI4: =IF(B$10=B4,0.5,IF(B$10>B4,1,0)) -> 0 | CJ4: =IF(C$10=C4,0.5,IF(C$10>C4,1,0)) -> 0 | CK4: =IF(D$10=D4,0.5,IF(D$10>D4,1,0)) -> 0 | CL4: =IF(E$10=E4,0.5,IF(E$10>E4,1,0)) -> 0 | CM4: =IF(F$10=F4,0.5,IF(F$10>F4,1,0)) -> 0.5 | CN4: =IF(G$10=G4,0.5,IF(G$10>G4,1,0)) -> 0.5 | CO4: =IF(H$10=H4,0.5,IF(H$10>H4,1,0)) -> 0.5 | CP4: =IF(SUM(CI4:CO4)=$K$82,0.5,IF(SUM(CI4:CO4)>$K$82,1,0)) -> 0 | CR4: =IF(B$11=B4,0.5,IF(B$11>B4,1,0)) -> 0 | CS4: =IF(C$11=C4,0.5,IF(C$11>C4,1,0)) -> 0 | CT4: =IF(D$11=D4,0.5,IF(D$11>D4,1,0)) -> 0 | CU4: =IF(E$11=E4,0.5,IF(E$11>E4,1,0)) -> 0 | CV4: =IF(F$11=F4,0.5,IF(F$11>F4,1,0)) -> 0.5 | CW4: =IF(G$11=G4,0.5,IF(G$11>G4,1,0)) -> 0.5 | CX4: =IF(H$11=H4,0.5,IF(H$11>H4,1,0)) -> 0.5 | CY4: =IF(SUM(CR4:CX4)=$K$82,0.5,IF(SUM(CR4:CX4)>$K$82,1,0)) -> 0 | DA4: =IF(B$12=B4,0.5,IF(B$12>B4,1,0)) -> 0 | DB4: =IF(C$12=C4,0.5,IF(C$12>C4,1,0)) -> 0 | DC4: =IF(D$12=D4,0.5,IF(D$12>D4,1,0)) -> 0 | DD4: =IF(E$12=E4,0.5,IF(E$12>E4,1,0)) -> 0 | DE4: =IF(F$12=F4,0.5,IF(F$12>F4,1,0)) -> 0.5 | DF4: =IF(G$12=G4,0.5,IF(G$12>G4,1,0)) -> 0.5 | DG4: =IF(H$12=H4,0.5,IF(H$12>H4,1,0)) -> 0.5 | DH4: =IF(SUM(DA4:DG4)=$K$82,0.5,IF(SUM(DA4:DG4)>$K$82,1,0)) -> 0 | DJ4: =IF(B$13=B4,0.5,IF(B$13>B4,1,0)) -> 0 | DK4: =IF(C$13=C4,0.5,IF(C$13>C4,1,0)) -> 0 | DL4: =IF(D$13=D4,0.5,IF(D$13>D4,1,0)) -> 0 | DM4: =IF(E$13=E4,0.5,IF(E$13>E4,1,0)) -> 0 | DN4: =IF(F$13=F4,0.5,IF(F$13>F4,1,0)) -> 0.5 | DO4: =IF(G$13=G4,0.5,IF(G$13>G4,1,0)) -> 0.5 | DP4: =IF(H$13=H4,0.5,IF(H$13>H4,1,0)) -> 0.5 | DQ4: =IF(SUM(DJ4:DP4)=$K$82,0.5,IF(SUM(DJ4:DP4)>$K$82,1,0)) -> 0 | DS4: =IF(B$14=B4,0.5,IF(B$14>B4,1,0)) -> 0 | DT4: =IF(C$14=C4,0.5,IF(C$14>C4,1,0)) -> 0 | DU4: =IF(D$14=D4,0.5,IF(D$14>D4,1,0)) -> 0 | DV4: =IF(E$14=E4,0.5,IF(E$14>E4,1,0)) -> 0 | DW4: =IF(F$14=F4,0.5,IF(F$14>F4,1,0)) -> 0.5 | DX4: =IF(G$14=G4,0.5,IF(G$14>G4,1,0)) -> 0.5 | DY4: =IF(H$14=H4,0.5,IF(H$14>H4,1,0)) -> 0.5 | DZ4: =IF(SUM(DS4:DY4)=$K$82,0.5,IF(SUM(DS4:DY4)>$K$82,1,0)) -> 0 | EB4: =IF(B$15=B4,0.5,IF(B$15>B4,1,0)) -> 0 | EC4: =IF(C$15=C4,0.5,IF(C$15>C4,1,0)) -> 0 | ED4: =IF(D$15=D4,0.5,IF(D$15>D4,1,0)) -> 0 | EE4: =IF(E$15=E4,0.5,IF(E$15>E4,1,0)) -> 0 | EF4: =IF(F$15=F4,0.5,IF(F$15>F4,1,0)) -> 0.5 | EG4: =IF(G$15=G4,0.5,IF(G$15>G4,1,0)) -> 0.5 | EH4: =IF(H$15=H4,0.5,IF(H$15>H4,1,0)) -> 0.5 | EI4: =IF(SUM(EB4:EH4)=$K$82,0.5,IF(SUM(EB4:EH4)>$K$82,1,0)) -> 0 | EK4: =IF(B$16=B4,0.5,IF(B$16>B4,1,0)) -> 0 | EL4: =IF(C$16=C4,0.5,IF(C$16>C4,1,0)) -> 0 | EM4: =IF(D$16=D4,0.5,IF(D$16>D4,1,0)) -> 0 | EN4: =IF(E$16=E4,0.5,IF(E$16>E4,1,0)) -> 0 | EO4: =IF(F$16=F4,0.5,IF(F$16>F4,1,0)) -> 0.5 | EP4: =IF(G$16=G4,0.5,IF(G$16>G4,1,0)) -> 0.5 | EQ4: =IF(H$16=H4,0.5,IF(H$16>H4,1,0)) -> 0.5 | ER4: =IF(SUM(EK4:EQ4)=$K$82,0.5,IF(SUM(EK4:EQ4)>$K$82,1,0)) -> 0 | ET4: =IF(B$17=B4,0.5,IF(B$17>B4,1,0)) -> 0 | EU4: =IF(C$17=C4,0.5,IF(C$17>C4,1,0)) -> 0 | EV4: =IF(D$17=D4,0.5,IF(D$17>D4,1,0)) -> 0 | EW4: =IF(E$17=E4,0.5,IF(E$17>E4,1,0)) -> 0 | EX4: =IF(F$17=F4,0.5,IF(F$17>F4,1,0)) -> 0.5 | EY4: =IF(G$17=G4,0.5,IF(G$17>G4,1,0)) -> 0.5 | EZ4: =IF(H$17=H4,0.5,IF(H$17>H4,1,0)) -> 0.5 | FA4: =IF(SUM(ET4:EZ4)=$K$82,0.5,IF(SUM(ET4:EZ4)>$K$82,1,0)) -> 0 | FC4: =IF(B$18=B4,0.5,IF(B$18>B4,1,0)) -> 0 | FD4: =IF(C$18=C4,0.5,IF(C$18>C4,1,0)) -> 0 | FE4: =IF(D$18=D4,0.5,IF(D$18>D4,1,0)) -> 0 | FF4: =IF(E$18=E4,0.5,IF(E$18>E4,1,0)) -> 0 | FG4: =IF(F$18=F4,0.5,IF(F$18>F4,1,0)) -> 0.5 | FH4: =IF(G$18=G4,0.5,IF(G$18>G4,1,0)) -> 0.5 | FI4: =IF(H$18=H4,0.5,IF(H$18>H4,1,0)) -> 0.5 | FJ4: =IF(SUM(FC4:FI4)=$K$82,0.5,IF(SUM(FC4:FI4)>$K$82,1,0)) -> 0 | FL4: =IF(B$19=B4,0.5,IF(B$19>B4,1,0)) -> 0 | FM4: =IF(C$19=C4,0.5,IF(C$19>C4,1,0)) -> 0 | FN4: =IF(D$19=D4,0.5,IF(D$19>D4,1,0)) -> 0 | FO4: =IF(E$19=E4,0.5,IF(E$19>E4,1,0)) -> 0 | FP4: =IF(F$19=F4,0.5,IF(F$19>F4,1,0)) -> 0.5 | FQ4: =IF(G$19=G4,0.5,IF(G$19>G4,1,0)) -> 0.5 | FR4: =IF(H$19=H4,0.5,IF(H$19>H4,1,0)) -> 0.5 | FS4: =IF(SUM(FL4:FR4)=$K$82,0.5,IF(SUM(FL4:FR4)>$K$82,1,0)) -> 0 | FU4: =IF(B$20=B4,0.5,IF(B$20>B4,1,0)) -> 0 | FV4: =IF(C$20=C4,0.5,IF(C$20>C4,1,0)) -> 0 | FW4: =IF(D$20=D4,0.5,IF(D$20>D4,1,0)) -> 0 | FX4: =IF(E$20=E4,0.5,IF(E$20>E4,1,0)) -> 0 | FY4: =IF(F$20=F4,0.5,IF(F$20>F4,1,0)) -> 0.5 | FZ4: =IF(G$20=G4,0.5,IF(G$20>G4,1,0)) -> 0.5 | GA4: =IF(H$20=H4,0.5,IF(H$20>H4,1,0)) -> 0.5 | GB4: =IF(SUM(FU4:GA4)=$K$82,0.5,IF(SUM(FU4:GA4)>$K$82,1,0)) -> 0 | GD4: =IF(B$21=B4,0.5,IF(B$21>B4,1,0)) -> 0 | GE4: =IF(C$21=C4,0.5,IF(C$21>C4,1,0)) -> 0 | GF4: =IF(D$21=D4,0.5,IF(D$21>D4,1,0)) -> 0 | GG4: =IF(E$21=E4,0.5,IF(E$21>E4,1,0)) -> 0 | GH4: =IF(F$21=F4,0.5,IF(F$21>F4,1,0)) -> 0.5 | GI4: =IF(G$21=G4,0.5,IF(G$21>G4,1,0)) -> 0.5 | GJ4: =IF(H$21=H4,0.5,IF(H$21>H4,1,0)) -> 0.5 | GK4: =IF(SUM(GD4:GJ4)=$K$82,0.5,IF(SUM(GD4:GJ4)>$K$82,1,0)) -> 0 | GM4: =IF(B$22=B4,0.5,IF(B$22>B4,1,0)) -> 0 | GN4: =IF(C$22=C4,0.5,IF(C$22>C4,1,0)) -> 0 | GO4: =IF(D$22=D4,0.5,IF(D$22>D4,1,0)) -> 0 | GP4: =IF(E$22=E4,0.5,IF(E$22>E4,1,0)) -> 0 | GQ4: =IF(F$22=F4,0.5,IF(F$22>F4,1,0)) -> 0.5 | GR4: =IF(G$22=G4,0.5,IF(G$22>G4,1,0)) -> 0.5 | GS4: =IF(H$22=H4,0.5,IF(H$22>H4,1,0)) -> 0.5 | GT4: =IF(SUM(GM4:GS4)=$K$82,0.5,IF(SUM(GM4:GS4)>$K$82,1,0)) -> 0 | GV4: =IF(B$23=B4,0.5,IF(B$23>B4,1,0)) -> 0 | GW4: =IF(C$23=C4,0.5,IF(C$23>C4,1,0)) -> 0 | GX4: =IF(D$23=D4,0.5,IF(D$23>D4,1,0)) -> 0 | GY4: =IF(E$23=E4,0.5,IF(E$23>E4,1,0)) -> 0 | GZ4: =IF(F$23=F4,0.5,IF(F$23>F4,1,0)) -> 0.5 | HA4: =IF(G$23=G4,0.5,IF(G$23>G4,1,0)) -> 0.5 | HB4: =IF(H$23=H4,0.5,IF(H$23>H4,1,0)) -> 0.5 | HC4: =IF(SUM(GV4:HB4)=$K$82,0.5,IF(SUM(GV4:HB4)>$K$82,1,0)) -> 0 | HE4: =IF(B$24=B4,0.5,IF(B$24>B4,1,0)) -> 0 | HF4: =IF(C$24=C4,0.5,IF(C$24>C4,1,0)) -> 0 | HG4: =IF(D$24=D4,0.5,IF(D$24>D4,1,0)) -> 0 | HH4: =IF(E$24=E4,0.5,IF(E$24>E4,1,0)) -> 0 | HI4: =IF(F$24=F4,0.5,IF(F$24>F4,1,0)) -> 0.5 | HJ4: =IF(G$24=G4,0.5,IF(G$24>G4,1,0)) -> 0.5 | HK4: =IF(H$24=H4,0.5,IF(H$24>H4,1,0)) -> 0.5 | HL4: =IF(SUM(HE4:HK4)=$K$82,0.5,IF(SUM(HE4:HK4)>$K$82,1,0)) -> 0 | HN4: =IF(B$25=B4,0.5,IF(B$25>B4,1,0)) -> 0 | HO4: =IF(C$25=C4,0.5,IF(C$25>C4,1,0)) -> 0 | HP4: =IF(D$25=D4,0.5,IF(D$25>D4,1,0)) -> 0 | HQ4: =IF(E$25=E4,0.5,IF(E$25>E4,1,0)) -> 0 | HR4: =IF(F$25=F4,0.5,IF(F$25>F4,1,0)) -> 0.5 | HS4: =IF(G$25=G4,0.5,IF(G$25>G4,1,0)) -> 0.5 | HT4: =IF(H$25=H4,0.5,IF(H$25>H4,1,0)) -> 0.5 | HU4: =IF(SUM(HN4:HT4)=$K$82,0.5,IF(SUM(HN4:HT4)>$K$82,1,0)) -> 0 | HW4: =IF(B$26=B4,0.5,IF(B$26>B4,1,0)) -> 0 | HX4: =IF(C$26=C4,0.5,IF(C$26>C4,1,0)) -> 0 | HY4: =IF(D$26=D4,0.5,IF(D$26>D4,1,0)) -> 0 | HZ4: =IF(E$26=E4,0.5,IF(E$26>E4,1,0)) -> 0 | IA4: =IF(F$26=F4,0.5,IF(F$26>F4,1,0)) -> 0.5 | IB4: =IF(G$26=G4,0.5,IF(G$26>G4,1,0)) -> 0.5 | IC4: =IF(H$26=H4,0.5,IF(H$26>H4,1,0)) -> 0.5 | ID4: =IF(SUM(HW4:IC4)=$K$82,0.5,IF(SUM(HW4:IC4)>$K$82,1,0)) -> 0 | IF4: =IF(B$27=B4,0.5,IF(B$27>B4,1,0)) -> 0 | IG4: =IF(C$27=C4,0.5,IF(C$27>C4,1,0)) -> 0 | IH4: =IF(D$27=D4,0.5,IF(D$27>D4,1,0)) -> 0 | II4: =IF(E$27=E4,0.5,IF(E$27>E4,1,0)) -> 0 | IJ4: =IF(F$27=F4,0.5,IF(F$27>F4,1,0)) -> 0.5 | IK4: =IF(G$27=G4,0.5,IF(G$27>G4,1,0)) -> 0.5 | IL4: =IF(H$27=H4,0.5,IF(H$27>H4,1,0)) -> 0.5 | IM4: =IF(SUM(IF4:IL4)=$K$82,0.5,IF(SUM(IF4:IL4)>$K$82,1,0)) -> 0 | IO4: =IF(B$28=B4,0.5,IF(B$28>B4,1,0)) -> 0 | IP4: =IF(C$28=C4,0.5,IF(C$28>C4,1,0)) -> 0 | IQ4: =IF(D$28=D4,0.5,IF(D$28>D4,1,0)) -> 0 | IR4: =IF(E$28=E4,0.5,IF(E$28>E4,1,0)) -> 0 | IS4: =IF(F$28=F4,0.5,IF(F$28>F4,1,0)) -> 0.5 | IT4: =IF(G$28=G4,0.5,IF(G$28>G4,1,0)) -> 0.5 | IU4: =IF(H$28=H4,0.5,IF(H$28>H4,1,0)) -> 0.5 | IV4: =IF(SUM(IO4:IU4)=$K$82,0.5,IF(SUM(IO4:IU4)>$K$82,1,0)) -> 0 | IX4: =IF(B$29=B4,0.5,IF(B$29>B4,1,0)) -> 0 | IY4: =IF(C$29=C4,0.5,IF(C$29>C4,1,0)) -> 0 | IZ4: =IF(D$29=D4,0.5,IF(D$29>D4,1,0)) -> 0 | JA4: =IF(E$29=E4,0.5,IF(E$29>E4,1,0)) -> 0 | JB4: =IF(F$29=F4,0.5,IF(F$29>F4,1,0)) -> 0.5 | JC4: =IF(G$29=G4,0.5,IF(G$29>G4,1,0)) -> 0.5 | JD4: =IF(H$29=H4,0.5,IF(H$29>H4,1,0)) -> 0.5 | JE4: =IF(SUM(IX4:JD4)=$K$82,0.5,IF(SUM(IX4:JD4)>$K$82,1,0)) -> 0 | JG4: =IF(B$30=B4,0.5,IF(B$30>B4,1,0)) -> 0 | JH4: =IF(C$30=C4,0.5,IF(C$30>C4,1,0)) -> 0 | JI4: =IF(D$30=D4,0.5,IF(D$30>D4,1,0)) -> 0 | JJ4: =IF(E$30=E4,0.5,IF(E$30>E4,1,0)) -> 0 | JK4: =IF(F$30=F4,0.5,IF(F$30>F4,1,0)) -> 0.5 | JL4: =IF(G$30=G4,0.5,IF(G$30>G4,1,0)) -> 0.5 | JM4: =IF(H$30=H4,0.5,IF(H$30>H4,1,0)) -> 0.5 | JN4: =IF(SUM(JG4:JM4)=$K$82,0.5,IF(SUM(JG4:JM4)>$K$82,1,0)) -> 0 | JP4: =IF(B$31=B4,0.5,IF(B$31>B4,1,0)) -> 0 | JQ4: =IF(C$31=C4,0.5,IF(C$31>C4,1,0)) -> 0 | JR4: =IF(D$31=D4,0.5,IF(D$31>D4,1,0)) -> 0 | JS4: =IF(E$31=E4,0.5,IF(E$31>E4,1,0)) -> 0 | JT4: =IF(F$31=F4,0.5,IF(F$31>F4,1,0)) -> 0.5 | JU4: =IF(G$31=G4,0.5,IF(G$31>G4,1,0)) -> 0.5 | JV4: =IF(H$31=H4,0.5,IF(H$31>H4,1,0)) -> 0.5 | JW4: =IF(SUM(JP4:JV4)=$K$82,0.5,IF(SUM(JP4:JV4)>$K$82,1,0)) -> 0 | JY4: =IF(B$32=B4,0.5,IF(B$32>B4,1,0)) -> 0 | JZ4: =IF(C$32=C4,0.5,IF(C$32>C4,1,0)) -> 0 | KA4: =IF(D$32=D4,0.5,IF(D$32>D4,1,0)) -> 0 | KB4: =IF(E$32=E4,0.5,IF(E$32>E4,1,0)) -> 0 | KC4: =IF(F$32=F4,0.5,IF(F$32>F4,1,0)) -> 0.5 | KD4: =IF(G$32=G4,0.5,IF(G$32>G4,1,0)) -> 0.5 | KE4: =IF(H$32=H4,0.5,IF(H$32>H4,1,0)) -> 0.5 | KF4: =IF(SUM(JY4:KE4)=$K$82,0.5,IF(SUM(JY4:KE4)>$K$82,1,0)) -> 0 | KH4: =IF(B$33=B4,0.5,IF(B$33>B4,1,0)) -> 0 | KI4: =IF(C$33=C4,0.5,IF(C$33>C4,1,0)) -> 0 | KJ4: =IF(D$33=D4,0.5,IF(D$33>D4,1,0)) -> 0 | KK4: =IF(E$33=E4,0.5,IF(E$33>E4,1,0)) -> 0 | KL4: =IF(F$33=F4,0.5,IF(F$33>F4,1,0)) -> 0.5 | KM4: =IF(G$33=G4,0.5,IF(G$33>G4,1,0)) -> 0.5 | KN4: =IF(H$33=H4,0.5,IF(H$33>H4,1,0)) -> 0.5 | KO4: =IF(SUM(KH4:KN4)=$K$82,0.5,IF(SUM(KH4:KN4)>$K$82,1,0)) -> 0 | KQ4: =IF(B$34=B4,0.5,IF(B$34>B4,1,0)) -> 0 | KR4: =IF(C$34=C4,0.5,IF(C$34>C4,1,0)) -> 0 | KS4: =IF(D$34=D4,0.5,IF(D$34>D4,1,0)) -> 0 | KT4: =IF(E$34=E4,0.5,IF(E$34>E4,1,0)) -> 0 | KU4: =IF(F$34=F4,0.5,IF(F$34>F4,1,0)) -> 0.5 | KV4: =IF(G$34=G4,0.5,IF(G$34>G4,1,0)) -> 0.5 | KW4: =IF(H$34=H4,0.5,IF(H$34>H4,1,0)) -> 0.5 | KX4: =IF(SUM(KQ4:KW4)=$K$82,0.5,IF(SUM(KQ4:KW4)>$K$82,1,0)) -> 0 | KZ4: =IF(B$35=B4,0.5,IF(B$35>B4,1,0)) -> 0 | LA4: =IF(C$35=C4,0.5,IF(C$35>C4,1,0)) -> 0 | LB4: =IF(D$35=D4,0.5,IF(D$35>D4,1,0)) -> 0 | LC4: =IF(E$35=E4,0.5,IF(E$35>E4,1,0)) -> 0 | LD4: =IF(F$35=F4,0.5,IF(F$35>F4,1,0)) -> 0.5 | LE4: =IF(G$35=G4,0.5,IF(G$35>G4,1,0)) -> 0.5 | LF4: =IF(H$35=H4,0.5,IF(H$35>H4,1,0)) -> 0.5 | LG4: =IF(SUM(KZ4:LF4)=$K$82,0.5,IF(SUM(KZ4:LF4)>$K$82,1,0)) -> 0 | LI4: =IF(B$36=B4,0.5,IF(B$36>B4,1,0)) -> 0 | LJ4: =IF(C$36=C4,0.5,IF(C$36>C4,1,0)) -> 0 | LK4: =IF(D$36=D4,0.5,IF(D$36>D4,1,0)) -> 0 | LL4: =IF(E$36=E4,0.5,IF(E$36>E4,1,0)) -> 0 | LM4: =IF(F$36=F4,0.5,IF(F$36>F4,1,0)) -> 0.5 | LN4: =IF(G$36=G4,0.5,IF(G$36>G4,1,0)) -> 0.5 | LO4: =IF(H$36=H4,0.5,IF(H$36>H4,1,0)) -> 0.5 | LP4: =IF(SUM(LI4:LO4)=$K$82,0.5,IF(SUM(LI4:LO4)>$K$82,1,0)) -> 0 | LR4: =IF(B$37=B4,0.5,IF(B$37>B4,1,0)) -> 0 | LS4: =IF(C$37=C4,0.5,IF(C$37>C4,1,0)) -> 0 | LT4: =IF(D$37=D4,0.5,IF(D$37>D4,1,0)) -> 0 | LU4: =IF(E$37=E4,0.5,IF(E$37>E4,1,0)) -> 0 | LV4: =IF(F$37=F4,0.5,IF(F$37>F4,1,0)) -> 0.5 | LW4: =IF(G$37=G4,0.5,IF(G$37>G4,1,0)) -> 0.5 | LX4: =IF(H$37=H4,0.5,IF(H$37>H4,1,0)) -> 0.5 | LY4: =IF(SUM(LR4:LX4)=$K$82,0.5,IF(SUM(LR4:LX4)>$K$82,1,0)) -> 0 | MA4: =IF(B$38=B4,0.5,IF(B$38>B4,1,0)) -> 0 | MB4: =IF(C$38=C4,0.5,IF(C$38>C4,1,0)) -> 0 | MC4: =IF(D$38=D4,0.5,IF(D$38>D4,1,0)) -> 0 | MD4: =IF(E$38=E4,0.5,IF(E$38>E4,1,0)) -> 0 | ME4: =IF(F$38=F4,0.5,IF(F$38>F4,1,0)) -> 0.5 | MF4: =IF(G$38=G4,0.5,IF(G$38>G4,1,0)) -> 0.5 | MG4: =IF(H$38=H4,0.5,IF(H$38>H4,1,0)) -> 0.5 | MH4: =IF(SUM(MA4:MG4)=$K$82,0.5,IF(SUM(MA4:MG4)>$K$82,1,0)) -> 0 | MJ4: =IF(B$39=B4,0.5,IF(B$39>B4,1,0)) -> 0 | MK4: =IF(C$39=C4,0.5,IF(C$39>C4,1,0)) -> 0 | ML4: =IF(D$39=D4,0.5,IF(D$39>D4,1,0)) -> 0 | MM4: =IF(E$39=E4,0.5,IF(E$39>E4,1,0)) -> 0 | MN4: =IF(F$39=F4,0.5,IF(F$39>F4,1,0)) -> 0.5 | MO4: =IF(G$39=G4,0.5,IF(G$39>G4,1,0)) -> 0.5 | MP4: =IF(H$39=H4,0.5,IF(H$39>H4,1,0)) -> 0.5 | MQ4: =IF(SUM(MJ4:MP4)=$K$82,0.5,IF(SUM(MJ4:MP4)>$K$82,1,0)) -> 0 | MS4: =IF(B$40=B4,0.5,IF(B$40>B4,1,0)) -> 0 | MT4: =IF(C$40=C4,0.5,IF(C$40>C4,1,0)) -> 0 | MU4: =IF(D$40=D4,0.5,IF(D$40>D4,1,0)) -> 0 | MV4: =IF(E$40=E4,0.5,IF(E$40>E4,1,0)) -> 0 | MW4: =IF(F$40=F4,0.5,IF(F$40>F4,1,0)) -> 0.5 | MX4: =IF(G$40=G4,0.5,IF(G$40>G4,1,0)) -> 0.5 | MY4: =IF(H$40=H4,0.5,IF(H$40>H4,1,0)) -> 0.5 | MZ4: =IF(SUM(MS4:MY4)=$K$82,0.5,IF(SUM(MS4:MY4)>$K$82,1,0)) -> 0 | NB4: =IF(B$41=B4,0.5,IF(B$41>B4,1,0)) -> 0 | NC4: =IF(C$41=C4,0.5,IF(C$41>C4,1,0)) -> 0 | ND4: =IF(D$41=D4,0.5,IF(D$41>D4,1,0)) -> 0 | NE4: =IF(E$41=E4,0.5,IF(E$41>E4,1,0)) -> 0 | NF4: =IF(F$41=F4,0.5,IF(F$41>F4,1,0)) -> 0.5 | NG4: =IF(G$41=G4,0.5,IF(G$41>G4,1,0)) -> 0.5 | NH4: =IF(H$41=H4,0.5,IF(H$41>H4,1,0)) -> 0.5 | NI4: =IF(SUM(NB4:NH4)=$K$82,0.5,IF(SUM(NB4:NH4)>$K$82,1,0)) -> 0 | NK4: =IF(B$42=B4,0.5,IF(B$42>B4,1,0)) -> 0 | NL4: =IF(C$42=C4,0.5,IF(C$42>C4,1,0)) -> 0 | NM4: =IF(D$42=D4,0.5,IF(D$42>D4,1,0)) -> 0 | NN4: =IF(E$42=E4,0.5,IF(E$42>E4,1,0)) -> 0 | NO4: =IF(F$42=F4,0.5,IF(F$42>F4,1,0)) -> 0.5 | NP4: =IF(G$42=G4,0.5,IF(G$42>G4,1,0)) -> 0.5 | NQ4: =IF(H$42=H4,0.5,IF(H$42>H4,1,0)) -> 0.5 | NR4: =IF(SUM(NK4:NQ4)=$K$82,0.5,IF(SUM(NK4:NQ4)>$K$82,1,0)) -> 0 | NT4: =IF(B$43=B4,0.5,IF(B$43>B4,1,0)) -> 0 | NU4: =IF(C$43=C4,0.5,IF(C$43>C4,1,0)) -> 0 | NV4: =IF(D$43=D4,0.5,IF(D$43>D4,1,0)) -> 0 | NW4: =IF(E$43=E4,0.5,IF(E$43>E4,1,0)) -> 0 | NX4: =IF(F$43=F4,0.5,IF(F$43>F4,1,0)) -> 0.5 | NY4: =IF(G$43=G4,0.5,IF(G$43>G4,1,0)) -> 0.5 | NZ4: =IF(H$43=H4,0.5,IF(H$43>H4,1,0)) -> 0.5 | OA4: =IF(SUM(NT4:NZ4)=$K$82,0.5,IF(SUM(NT4:NZ4)>$K$82,1,0)) -> 0 | OC4: =IF(B$44=B4,0.5,IF(B$44>B4,1,0)) -> 0 | OD4: =IF(C$44=C4,0.5,IF(C$44>C4,1,0)) -> 0 | OE4: =IF(D$44=D4,0.5,IF(D$44>D4,1,0)) -> 0 | OF4: =IF(E$44=E4,0.5,IF(E$44>E4,1,0)) -> 0 | OG4: =IF(F$44=F4,0.5,IF(F$44>F4,1,0)) -> 0.5 | OH4: =IF(G$44=G4,0.5,IF(G$44>G4,1,0)) -> 0.5 | OI4: =IF(H$44=H4,0.5,IF(H$44>H4,1,0)) -> 0.5 | OJ4: =IF(SUM(OC4:OI4)=$K$82,0.5,IF(SUM(OC4:OI4)>$K$82,1,0)) -> 0 | OL4: =IF(B$45=B4,0.5,IF(B$45>B4,1,0)) -> 0 | OM4: =IF(C$45=C4,0.5,IF(C$45>C4,1,0)) -> 0 | ON4: =IF(D$45=D4,0.5,IF(D$45>D4,1,0)) -> 0 | OO4: =IF(E$45=E4,0.5,IF(E$45>E4,1,0)) -> 0 | OP4: =IF(F$45=F4,0.5,IF(F$45>F4,1,0)) -> 0.5 | OQ4: =IF(G$45=G4,0.5,IF(G$45>G4,1,0)) -> 0.5 | OR4: =IF(H$45=H4,0.5,IF(H$45>H4,1,0)) -> 0.5 | OS4: =IF(SUM(OL4:OR4)=$K$82,0.5,IF(SUM(OL4:OR4)>$K$82,1,0)) -> 0 | OU4: =IF(B$46=B4,0.5,IF(B$46>B4,1,0)) -> 0 | OV4: =IF(C$46=C4,0.5,IF(C$46>C4,1,0)) -> 0 | OW4: =IF(D$46=D4,0.5,IF(D$46>D4,1,0)) -> 0 | OX4: =IF(E$46=E4,0.5,IF(E$46>E4,1,0)) -> 0 | OY4: =IF(F$46=F4,0.5,IF(F$46>F4,1,0)) -> 0.5 | OZ4: =IF(G$46=G4,0.5,IF(G$46>G4,1,0)) -> 0.5 | PA4: =IF(H$46=H4,0.5,IF(H$46>H4,1,0)) -> 0.5 | PB4: =IF(SUM(OU4:PA4)=$K$82,0.5,IF(SUM(OU4:PA4)>$K$82,1,0)) -> 0 | PD4: =IF(B$47=B4,0.5,IF(B$47>B4,1,0)) -> 0 | PE4: =IF(C$47=C4,0.5,IF(C$47>C4,1,0)) -> 0 | PF4: =IF(D$47=D4,0.5,IF(D$47>D4,1,0)) -> 0 | PG4: =IF(E$47=E4,0.5,IF(E$47>E4,1,0)) -> 0 | PH4: =IF(F$47=F4,0.5,IF(F$47>F4,1,0)) -> 0.5 | PI4: =IF(G$47=G4,0.5,IF(G$47>G4,1,0)) -> 0.5 | PJ4: =IF(H$47=H4,0.5,IF(H$47>H4,1,0)) -> 0.5 | PK4: =IF(SUM(PD4:PJ4)=$K$82,0.5,IF(SUM(PD4:PJ4)>$K$82,1,0)) -> 0 | PM4: =IF(B$48=B4,0.5,IF(B$48>B4,1,0)) -> 0 | PN4: =IF(C$48=C4,0.5,IF(C$48>C4,1,0)) -> 0 | PO4: =IF(D$48=D4,0.5,IF(D$48>D4,1,0)) -> 0 | PP4: =IF(E$48=E4,0.5,IF(E$48>E4,1,0)) -> 0 | PQ4: =IF(F$48=F4,0.5,IF(F$48>F4,1,0)) -> 0.5 | PR4: =IF(G$48=G4,0.5,IF(G$48>G4,1,0)) -> 0.5 | PS4: =IF(H$48=H4,0.5,IF(H$48>H4,1,0)) -> 0.5 | PT4: =IF(SUM(PM4:PS4)=$K$82,0.5,IF(SUM(PM4:PS4)>$K$82,1,0)) -> 0 | PV4: =IF(B$49=B4,0.5,IF(B$49>B4,1,0)) -> 0 | PW4: =IF(C$49=C4,0.5,IF(C$49>C4,1,0)) -> 0 | PX4: =IF(D$49=D4,0.5,IF(D$49>D4,1,0)) -> 0 | PY4: =IF(E$49=E4,0.5,IF(E$49>E4,1,0)) -> 0 | PZ4: =IF(F$49=F4,0.5,IF(F$49>F4,1,0)) -> 0.5 | QA4: =IF(G$49=G4,0.5,IF(G$49>G4,1,0)) -> 0.5 | QB4: =IF(H$49=H4,0.5,IF(H$49>H4,1,0)) -> 0.5 | QC4: =IF(SUM(PV4:QB4)=$K$82,0.5,IF(SUM(PV4:QB4)>$K$82,1,0)) -> 0 | QE4: =IF(B$50=B4,0.5,IF(B$50>B4,1,0)) -> 0 | QF4: =IF(C$50=C4,0.5,IF(C$50>C4,1,0)) -> 0 | QG4: =IF(D$50=D4,0.5,IF(D$50>D4,1,0)) -> 0 | QH4: =IF(E$50=E4,0.5,IF(E$50>E4,1,0)) -> 0 | QI4: =IF(F$50=F4,0.5,IF(F$50>F4,1,0)) -> 0.5 | QJ4: =IF(G$50=G4,0.5,IF(G$50>G4,1,0)) -> 0.5 | QK4: =IF(H$50=H4,0.5,IF(H$50>H4,1,0)) -> 0.5 | QL4: =IF(SUM(QE4:QK4)=$K$82,0.5,IF(SUM(QE4:QK4)>$K$82,1,0)) -> 0 | QN4: =IF(B$51=B4,0.5,IF(B$51>B4,1,0)) -> 0 | QO4: =IF(C$51=C4,0.5,IF(C$51>C4,1,0)) -> 0 | QP4: =IF(D$51=D4,0.5,IF(D$51>D4,1,0)) -> 0 | QQ4: =IF(E$51=E4,0.5,IF(E$51>E4,1,0)) -> 0 | QR4: =IF(F$51=F4,0.5,IF(F$51>F4,1,0)) -> 0.5 | QS4: =IF(G$51=G4,0.5,IF(G$51>G4,1,0)) -> 0.5 | QT4: =IF(H$51=H4,0.5,IF(H$51>H4,1,0)) -> 0.5 | QU4: =IF(SUM(QN4:QT4)=$K$82,0.5,IF(SUM(QN4:QT4)>$K$82,1,0)) -> 0 | QW4: =IF(B$52=B4,0.5,IF(B$52>B4,1,0)) -> 0 | QX4: =IF(C$52=C4,0.5,IF(C$52>C4,1,0)) -> 0 | QY4: =IF(D$52=D4,0.5,IF(D$52>D4,1,0)) -> 0 | QZ4: =IF(E$52=E4,0.5,IF(E$52>E4,1,0)) -> 0 | RA4: =IF(F$52=F4,0.5,IF(F$52>F4,1,0)) -> 0.5 | RB4: =IF(G$52=G4,0.5,IF(G$52>G4,1,0)) -> 0.5 | RC4: =IF(H$52=H4,0.5,IF(H$52>H4,1,0)) -> 0.5 | RD4: =IF(SUM(QW4:RC4)=$K$82,0.5,IF(SUM(QW4:RC4)>$K$82,1,0)) -> 0 | RF4: =IF(B$53=B4,0.5,IF(B$53>B4,1,0)) -> 0 | RG4: =IF(C$53=C4,0.5,IF(C$53>C4,1,0)) -> 0 | RH4: =IF(D$53=D4,0.5,IF(D$53>D4,1,0)) -> 0 | RI4: =IF(E$53=E4,0.5,IF(E$53>E4,1,0)) -> 0 | RJ4: =IF(F$53=F4,0.5,IF(F$53>F4,1,0)) -> 0.5 | RK4: =IF(G$53=G4,0.5,IF(G$53>G4,1,0)) -> 0.5 | RL4: =IF(H$53=H4,0.5,IF(H$53>H4,1,0)) -> 0.5 | RM4: =IF(SUM(RF4:RL4)=$K$82,0.5,IF(SUM(RF4:RL4)>$K$82,1,0)) -> 0 | RO4: =IF(B$54=B4,0.5,IF(B$54>B4,1,0)) -> 0 | RP4: =IF(C$54=C4,0.5,IF(C$54>C4,1,0)) -> 0 | RQ4: =IF(D$54=D4,0.5,IF(D$54>D4,1,0)) -> 0 | RR4: =IF(E$54=E4,0.5,IF(E$54>E4,1,0)) -> 0 | RS4: =IF(F$54=F4,0.5,IF(F$54>F4,1,0)) -> 0.5 | RT4: =IF(G$54=G4,0.5,IF(G$54>G4,1,0)) -> 0.5 | RU4: =IF(H$54=H4,0.5,IF(H$54>H4,1,0)) -> 0.5 | RV4: =IF(SUM(RO4:RU4)=$K$82,0.5,IF(SUM(RO4:RU4)>$K$82,1,0)) -> 0 | RX4: =IF(B$55=B4,0.5,IF(B$55>B4,1,0)) -> 0 | RY4: =IF(C$55=C4,0.5,IF(C$55>C4,1,0)) -> 0 | RZ4: =IF(D$55=D4,0.5,IF(D$55>D4,1,0)) -> 0 | SA4: =IF(E$55=E4,0.5,IF(E$55>E4,1,0)) -> 0 | SB4: =IF(F$55=F4,0.5,IF(F$55>F4,1,0)) -> 0.5 | SC4: =IF(G$55=G4,0.5,IF(G$55>G4,1,0)) -> 0.5 | SD4: =IF(H$55=H4,0.5,IF(H$55>H4,1,0)) -> 0.5 | SE4: =IF(SUM(RX4:SD4)=$K$82,0.5,IF(SUM(RX4:SD4)>$K$82,1,0)) -> 0 | SG4: =IF(B$56=B4,0.5,IF(B$56>B4,1,0)) -> 0 | SH4: =IF(C$56=C4,0.5,IF(C$56>C4,1,0)) -> 0 | SI4: =IF(D$56=D4,0.5,IF(D$56>D4,1,0)) -> 0 | SJ4: =IF(E$56=E4,0.5,IF(E$56>E4,1,0)) -> 0 | SK4: =IF(F$56=F4,0.5,IF(F$56>F4,1,0)) -> 0.5 | SL4: =IF(G$56=G4,0.5,IF(G$56>G4,1,0)) -> 0.5 | SM4: =IF(H$56=H4,0.5,IF(H$56>H4,1,0)) -> 0.5 | SN4: =IF(SUM(SG4:SM4)=$K$82,0.5,IF(SUM(SG4:SM4)>$K$82,1,0)) -> 0 | SP4: =IF(B$57=B4,0.5,IF(B$57>B4,1,0)) -> 0 | SQ4: =IF(C$57=C4,0.5,IF(C$57>C4,1,0)) -> 0 | SR4: =IF(D$57=D4,0.5,IF(D$57>D4,1,0)) -> 0 | SS4: =IF(E$57=E4,0.5,IF(E$57>E4,1,0)) -> 0 | ST4: =IF(F$57=F4,0.5,IF(F$57>F4,1,0)) -> 0.5 | SU4: =IF(G$57=G4,0.5,IF(G$57>G4,1,0)) -> 0.5 | SV4: =IF(H$57=H4,0.5,IF(H$57>H4,1,0)) -> 0.5 | SW4: =IF(SUM(SP4:SV4)=$K$82,0.5,IF(SUM(SP4:SV4)>$K$82,1,0)) -> 0 | SY4: =IF(B$58=B4,0.5,IF(B$58>B4,1,0)) -> 0 | SZ4: =IF(C$58=C4,0.5,IF(C$58>C4,1,0)) -> 0 | TA4: =IF(D$58=D4,0.5,IF(D$58>D4,1,0)) -> 0 | TB4: =IF(E$58=E4,0.5,IF(E$58>E4,1,0)) -> 0 | TC4: =IF(F$58=F4,0.5,IF(F$58>F4,1,0)) -> 0.5 | TD4: =IF(G$58=G4,0.5,IF(G$58>G4,1,0)) -> 0.5 | TE4: =IF(H$58=H4,0.5,IF(H$58>H4,1,0)) -> 0.5 | TF4: =IF(SUM(SY4:TE4)=$K$82,0.5,IF(SUM(SY4:TE4)>$K$82,1,0)) -> 0 | TH4: =IF(B$59=B4,0.5,IF(B$59>B4,1,0)) -> 0 | TI4: =IF(C$59=C4,0.5,IF(C$59>C4,1,0)) -> 0 | TJ4: =IF(D$59=D4,0.5,IF(D$59>D4,1,0)) -> 0 | TK4: =IF(E$59=E4,0.5,IF(E$59>E4,1,0)) -> 0 | TL4: =IF(F$59=F4,0.5,IF(F$59>F4,1,0)) -> 0.5 | TM4: =IF(G$59=G4,0.5,IF(G$59>G4,1,0)) -> 0.5 | TN4: =IF(H$59=H4,0.5,IF(H$59>H4,1,0)) -> 0.5 | TO4: =IF(SUM(TH4:TN4)=$K$82,0.5,IF(SUM(TH4:TN4)>$K$82,1,0)) -> 0 | TQ4: =IF(B$60=B4,0.5,IF(B$60>B4,1,0)) -> 0 | TR4: =IF(C$60=C4,0.5,IF(C$60>C4,1,0)) -> 0 | TS4: =IF(D$60=D4,0.5,IF(D$60>D4,1,0)) -> 0 | TT4: =IF(E$60=E4,0.5,IF(E$60>E4,1,0)) -> 0 | TU4: =IF(F$60=F4,0.5,IF(F$60>F4,1,0)) -> 0.5 | TV4: =IF(G$60=G4,0.5,IF(G$60>G4,1,0)) -> 0.5 | TW4: =IF(H$60=H4,0.5,IF(H$60>H4,1,0)) -> 0.5 | TX4: =IF(SUM(TQ4:TW4)=$K$82,0.5,IF(SUM(TQ4:TW4)>$K$82,1,0)) -> 0 | TZ4: =IF(B$61=B4,0.5,IF(B$61>B4,1,0)) -> 0 | UA4: =IF(C$61=C4,0.5,IF(C$61>C4,1,0)) -> 0 | UB4: =IF(D$61=D4,0.5,IF(D$61>D4,1,0)) -> 0 | UC4: =IF(E$61=E4,0.5,IF(E$61>E4,1,0)) -> 0 | UD4: =IF(F$61=F4,0.5,IF(F$61>F4,1,0)) -> 0.5 | UE4: =IF(G$61=G4,0.5,IF(G$61>G4,1,0)) -> 0.5 | UF4: =IF(H$61=H4,0.5,IF(H$61>H4,1,0)) -> 0.5 | UG4: =IF(SUM(TZ4:UF4)=$K$82,0.5,IF(SUM(TZ4:UF4)>$K$82,1,0)) -> 0 | UI4: =IF(B$62=B4,0.5,IF(B$62>B4,1,0)) -> 0 | UJ4: =IF(C$62=C4,0.5,IF(C$62>C4,1,0)) -> 0 | UK4: =IF(D$62=D4,0.5,IF(D$62>D4,1,0)) -> 0 | UL4: =IF(E$62=E4,0.5,IF(E$62>E4,1,0)) -> 0 | UM4: =IF(F$62=F4,0.5,IF(F$62>F4,1,0)) -> 0.5 | UN4: =IF(G$62=G4,0.5,IF(G$62>G4,1,0)) -> 0.5 | UO4: =IF(H$62=H4,0.5,IF(H$62>H4,1,0)) -> 0.5 | UP4: =IF(SUM(UI4:UO4)=$K$82,0.5,IF(SUM(UI4:UO4)>$K$82,1,0)) -> 0 | UR4: =IF(B$63=B4,0.5,IF(B$63>B4,1,0)) -> 0 | US4: =IF(C$63=C4,0.5,IF(C$63>C4,1,0)) -> 0 | UT4: =IF(D$63=D4,0.5,IF(D$63>D4,1,0)) -> 0 | UU4: =IF(E$63=E4,0.5,IF(E$63>E4,1,0)) -> 0 | UV4: =IF(F$63=F4,0.5,IF(F$63>F4,1,0)) -> 0.5 | UW4: =IF(G$63=G4,0.5,IF(G$63>G4,1,0)) -> 0.5 | UX4: =IF(H$63=H4,0.5,IF(H$63>H4,1,0)) -> 0.5 | UY4: =IF(SUM(UR4:UX4)=$K$82,0.5,IF(SUM(UR4:UX4)>$K$82,1,0)) -> 0 | VA4: =IF(B$64=B4,0.5,IF(B$64>B4,1,0)) -> 0 | VB4: =IF(C$64=C4,0.5,IF(C$64>C4,1,0)) -> 0 | VC4: =IF(D$64=D4,0.5,IF(D$64>D4,1,0)) -> 0 | VD4: =IF(E$64=E4,0.5,IF(E$64>E4,1,0)) -> 0 | VE4: =IF(F$64=F4,0.5,IF(F$64>F4,1,0)) -> 0.5 | VF4: =IF(G$64=G4,0.5,IF(G$64>G4,1,0)) -> 0.5 | VG4: =IF(H$64=H4,0.5,IF(H$64>H4,1,0)) -> 0.5 | VH4: =IF(SUM(VA4:VG4)=$K$82,0.5,IF(SUM(VA4:VG4)>$K$82,1,0)) -> 0 | VJ4: =IF(B$65=B4,0.5,IF(B$65>B4,1,0)) -> 0 | VK4: =IF(C$65=C4,0.5,IF(C$65>C4,1,0)) -> 0 | VL4: =IF(D$65=D4,0.5,IF(D$65>D4,1,0)) -> 0 | VM4: =IF(E$65=E4,0.5,IF(E$65>E4,1,0)) -> 0 | VN4: =IF(F$65=F4,0.5,IF(F$65>F4,1,0)) -> 0.5 | VO4: =IF(G$65=G4,0.5,IF(G$65>G4,1,0)) -> 0.5 | VP4: =IF(H$65=H4,0.5,IF(H$65>H4,1,0)) -> 0.5 | VQ4: =IF(SUM(VJ4:VP4)=$K$82,0.5,IF(SUM(VJ4:VP4)>$K$82,1,0)) -> 0 | VS4: =IF(B$66=B4,0.5,IF(B$66>B4,1,0)) -> 0 | VT4: =IF(C$66=C4,0.5,IF(C$66>C4,1,0)) -> 0 | VU4: =IF(D$66=D4,0.5,IF(D$66>D4,1,0)) -> 0 | VV4: =IF(E$66=E4,0.5,IF(E$66>E4,1,0)) -> 0 | VW4: =IF(F$66=F4,0.5,IF(F$66>F4,1,0)) -> 0.5 | VX4: =IF(G$66=G4,0.5,IF(G$66>G4,1,0)) -> 0.5 | VY4: =IF(H$66=H4,0.5,IF(H$66>H4,1,0)) -> 0.5 | VZ4: =IF(SUM(VS4:VY4)=$K$82,0.5,IF(SUM(VS4:VY4)>$K$82,1,0)) -> 0 | WB4: =IF(B$67=B4,0.5,IF(B$67>B4,1,0)) -> 0 | WC4: =IF(C$67=C4,0.5,IF(C$67>C4,1,0)) -> 0 | WD4: =IF(D$67=D4,0.5,IF(D$67>D4,1,0)) -> 0 | WE4: =IF(E$67=E4,0.5,IF(E$67>E4,1,0)) -> 0 | WF4: =IF(F$67=F4,0.5,IF(F$67>F4,1,0)) -> 0.5 | WG4: =IF(G$67=G4,0.5,IF(G$67>G4,1,0)) -> 0.5 | WH4: =IF(H$67=H4,0.5,IF(H$67>H4,1,0)) -> 0.5 | WI4: =IF(SUM(WB4:WH4)=$K$82,0.5,IF(SUM(WB4:WH4)>$K$82,1,0)) -> 0 | WK4: =IF(B$68=B4,0.5,IF(B$68>B4,1,0)) -> 0 | WL4: =IF(C$68=C4,0.5,IF(C$68>C4,1,0)) -> 0 | WM4: =IF(D$68=D4,0.5,IF(D$68>D4,1,0)) -> 0 | WN4: =IF(E$68=E4,0.5,IF(E$68>E4,1,0)) -> 0 | WO4: =IF(F$68=F4,0.5,IF(F$68>F4,1,0)) -> 0.5 | WP4: =IF(G$68=G4,0.5,IF(G$68>G4,1,0)) -> 0.5 | WQ4: =IF(H$68=H4,0.5,IF(H$68>H4,1,0)) -> 0.5 | WR4: =IF(SUM(WK4:WQ4)=$K$82,0.5,IF(SUM(WK4:WQ4)>$K$82,1,0)) -> 0 | WT4: =IF(B$69=B4,0.5,IF(B$69>B4,1,0)) -> 0 | WU4: =IF(C$69=C4,0.5,IF(C$69>C4,1,0)) -> 0 | WV4: =IF(D$69=D4,0.5,IF(D$69>D4,1,0)) -> 0 | WW4: =IF(E$69=E4,0.5,IF(E$69>E4,1,0)) -> 0 | WX4: =IF(F$69=F4,0.5,IF(F$69>F4,1,0)) -> 0.5 | WY4: =IF(G$69=G4,0.5,IF(G$69>G4,1,0)) -> 0.5 | WZ4: =IF(H$69=H4,0.5,IF(H$69>H4,1,0)) -> 0.5 | XA4: =IF(SUM(WT4:WZ4)=$K$82,0.5,IF(SUM(WT4:WZ4)>$K$82,1,0)) -> 0 | XC4: =IF(B$70=B4,0.5,IF(B$70>B4,1,0)) -> 0 | XD4: =IF(C$70=C4,0.5,IF(C$70>C4,1,0)) -> 0 | XE4: =IF(D$70=D4,0.5,IF(D$70>D4,1,0)) -> 0 | XF4: =IF(E$70=E4,0.5,IF(E$70>E4,1,0)) -> 0 | XG4: =IF(F$70=F4,0.5,IF(F$70>F4,1,0)) -> 0.5 | XH4: =IF(G$70=G4,0.5,IF(G$70>G4,1,0)) -> 0.5 | XI4: =IF(H$70=H4,0.5,IF(H$70>H4,1,0)) -> 0.5 | XJ4: =IF(SUM(XC4:XI4)=$K$82,0.5,IF(SUM(XC4:XI4)>$K$82,1,0)) -> 0 | XL4: =IF(B$71=B4,0.5,IF(B$71>B4,1,0)) -> 0 | XM4: =IF(C$71=C4,0.5,IF(C$71>C4,1,0)) -> 0 | XN4: =IF(D$71=D4,0.5,IF(D$71>D4,1,0)) -> 0 | XO4: =IF(E$71=E4,0.5,IF(E$71>E4,1,0)) -> 0 | XP4: =IF(F$71=F4,0.5,IF(F$71>F4,1,0)) -> 0.5 | XQ4: =IF(G$71=G4,0.5,IF(G$71>G4,1,0)) -> 0.5 | XR4: =IF(H$71=H4,0.5,IF(H$71>H4,1,0)) -> 0.5 | XS4: =IF(SUM(XL4:XR4)=$K$82,0.5,IF(SUM(XL4:XR4)>$K$82,1,0)) -> 0 | XU4: =IF(B$72=B4,0.5,IF(B$72>B4,1,0)) -> 0 | XV4: =IF(C$72=C4,0.5,IF(C$72>C4,1,0)) -> 0 | XW4: =IF(D$72=D4,0.5,IF(D$72>D4,1,0)) -> 0 | XX4: =IF(E$72=E4,0.5,IF(E$72>E4,1,0)) -> 0 | XY4: =IF(F$72=F4,0.5,IF(F$72>F4,1,0)) -> 0.5 | XZ4: =IF(G$72=G4,0.5,IF(G$72>G4,1,0)) -> 0.5 | YA4: =IF(H$72=H4,0.5,IF(H$72>H4,1,0)) -> 0.5 | YB4: =IF(SUM(XU4:YA4)=$K$82,0.5,IF(SUM(XU4:YA4)>$K$82,1,0)) -> 0 | YD4: =IF(B$73=B4,0.5,IF(B$73>B4,1,0)) -> 0 | YE4: =IF(C$73=C4,0.5,IF(C$73>C4,1,0)) -> 0 | YF4: =IF(D$73=D4,0.5,IF(D$73>D4,1,0)) -> 0 | YG4: =IF(E$73=E4,0.5,IF(E$73>E4,1,0)) -> 0 | YH4: =IF(F$73=F4,0.5,IF(F$73>F4,1,0)) -> 0.5 | YI4: =IF(G$73=G4,0.5,IF(G$73>G4,1,0)) -> 0.5 | YJ4: =IF(H$73=H4,0.5,IF(H$73>H4,1,0)) -> 0.5 | YK4: =IF(SUM(YD4:YJ4)=$K$82,0.5,IF(SUM(YD4:YJ4)>$K$82,1,0)) -> 0 | YM4: =IF(B$74=B4,0.5,IF(B$74>B4,1,0)) -> 0 | YN4: =IF(C$74=C4,0.5,IF(C$74>C4,1,0)) -> 0 | YO4: =IF(D$74=D4,0.5,IF(D$74>D4,1,0)) -> 0 | YP4: =IF(E$74=E4,0.5,IF(E$74>E4,1,0)) -> 0 | YQ4: =IF(F$74=F4,0.5,IF(F$74>F4,1,0)) -> 0.5 | YR4: =IF(G$74=G4,0.5,IF(G$74>G4,1,0)) -> 0.5 | YS4: =IF(H$74=H4,0.5,IF(H$74>H4,1,0)) -> 0.5 | YT4: =IF(SUM(YM4:YS4)=$K$82,0.5,IF(SUM(YM4:YS4)>$K$82,1,0)) -> 0 | YV4: =IF(B$75=B4,0.5,IF(B$75>B4,1,0)) -> 0 | YW4: =IF(C$75=C4,0.5,IF(C$75>C4,1,0)) -> 0 | YX4: =IF(D$75=D4,0.5,IF(D$75>D4,1,0)) -> 0 | YY4: =IF(E$75=E4,0.5,IF(E$75>E4,1,0)) -> 0 | YZ4: =IF(F$75=F4,0.5,IF(F$75>F4,1,0)) -> 0.5 | ZA4: =IF(G$75=G4,0.5,IF(G$75>G4,1,0)) -> 0.5 | ZB4: =IF(H$75=H4,0.5,IF(H$75>H4,1,0)) -> 0.5 | ZC4: =IF(SUM(YV4:ZB4)=$K$82,0.5,IF(SUM(YV4:ZB4)>$K$82,1,0)) -> 0 | ZE4: =IF(B$76=B4,0.5,IF(B$76>B4,1,0)) -> 0 | ZF4: =IF(C$76=C4,0.5,IF(C$76>C4,1,0)) -> 0 | ZG4: =IF(D$76=D4,0.5,IF(D$76>D4,1,0)) -> 0 | ZH4: =IF(E$76=E4,0.5,IF(E$76>E4,1,0)) -> 0 | ZI4: =IF(F$76=F4,0.5,IF(F$76>F4,1,0)) -> 0.5 | ZJ4: =IF(G$76=G4,0.5,IF(G$76>G4,1,0)) -> 0.5 | ZK4: =IF(H$76=H4,0.5,IF(H$76>H4,1,0)) -> 0.5 | ZL4: =IF(SUM(ZE4:ZK4)=$K$82,0.5,IF(SUM(ZE4:ZK4)>$K$82,1,0)) -> 0 | ZN4: =IF(B$77=B4,0.5,IF(B$77>B4,1,0)) -> 0 | ZO4: =IF(C$77=C4,0.5,IF(C$77>C4,1,0)) -> 0 | ZP4: =IF(D$77=D4,0.5,IF(D$77>D4,1,0)) -> 0 | ZQ4: =IF(E$77=E4,0.5,IF(E$77>E4,1,0)) -> 0 | ZR4: =IF(F$77=F4,0.5,IF(F$77>F4,1,0)) -> 0.5 | ZS4: =IF(G$77=G4,0.5,IF(G$77>G4,1,0)) -> 0.5 | ZT4: =IF(H$77=H4,0.5,IF(H$77>H4,1,0)) -> 0.5 | ZU4: =IF(SUM(ZN4:ZT4)=$K$82,0.5,IF(SUM(ZN4:ZT4)>$K$82,1,0)) -> 0 | ZW4: =IF(B$78=B4,0.5,IF(B$78>B4,1,0)) -> 0 | ZX4: =IF(C$78=C4,0.5,IF(C$78>C4,1,0)) -> 0 | ZY4: =IF(D$78=D4,0.5,IF(D$78>D4,1,0)) -> 0 | ZZ4: =IF(E$78=E4,0.5,IF(E$78>E4,1,0)) -> 0 | AAA4: =IF(F$78=F4,0.5,IF(F$78>F4,1,0)) -> 0.5 | AAB4: =IF(G$78=G4,0.5,IF(G$78>G4,1,0)) -> 0.5 | AAC4: =IF(H$78=H4,0.5,IF(H$78>H4,1,0)) -> 0.5 | AAD4: =IF(SUM(ZW4:AAC4)=$K$82,0.5,IF(SUM(ZW4:AAC4)>$K$82,1,0)) -> 0 | AAF4: =IF(B$79=B4,0.5,IF(B$79>B4,1,0)) -> 0 | AAG4: =IF(C$79=C4,0.5,IF(C$79>C4,1,0)) -> 0 | AAH4: =IF(D$79=D4,0.5,IF(D$79>D4,1,0)) -> 0 | AAI4: =IF(E$79=E4,0.5,IF(E$79>E4,1,0)) -> 0 | AAJ4: =IF(F$79=F4,0.5,IF(F$79>F4,1,0)) -> 0.5 | AAK4: =IF(G$79=G4,0.5,IF(G$79>G4,1,0)) -> 0.5 | AAL4: =IF(H$79=H4,0.5,IF(H$79>H4,1,0)) -> 0.5 | AAM4: =IF(SUM(AAF4:AAL4)=$K$82,0.5,IF(SUM(AAF4:AAL4)>$K$82,1,0)) -> 0 | AAO4: =IF(B$80=B4,0.5,IF(B$80>B4,1,0)) -> 0 | AAP4: =IF(C$80=C4,0.5,IF(C$80>C4,1,0)) -> 0 | AAQ4: =IF(D$80=D4,0.5,IF(D$80>D4,1,0)) -> 0 | AAR4: =IF(E$80=E4,0.5,IF(E$80>E4,1,0)) -> 0 | AAS4: =IF(F$80=F4,0.5,IF(F$80>F4,1,0)) -> 0.5 | AAT4: =IF(G$80=G4,0.5,IF(G$80>G4,1,0)) -> 0.5 | AAU4: =IF(H$80=H4,0.5,IF(H$80>H4,1,0)) -> 0.5 | AAV4: =IF(SUM(AAO4:AAU4)=$K$82,0.5,IF(SUM(AAO4:AAU4)>$K$82,1,0)) -> 0 | AAX4: =IF(B$81=B4,0.5,IF(B$81>B4,1,0)) -> 0 | AAY4: =IF(C$81=C4,0.5,IF(C$81>C4,1,0)) -> 0 | AAZ4: =IF(D$81=D4,0.5,IF(D$81>D4,1,0)) -> 0 | ABA4: =IF(E$81=E4,0.5,IF(E$81>E4,1,0)) -> 0 | ABB4: =IF(F$81=F4,0.5,IF(F$81>F4,1,0)) -> 0.5 | ABC4: =IF(G$81=G4,0.5,IF(G$81>G4,1,0)) -> 0.5 | ABD4: =IF(H$81=H4,0.5,IF(H$81>H4,1,0)) -> 0.5 | ABE4: =IF(SUM(AAX4:ABD4)=$K$82,0.5,IF(SUM(AAX4:ABD4)>$K$82,1,0)) -> 0 | ABH4: =IF(B4>0,RANK(B4,$B$2:$B$81),"-") -> 3 | ABI4: =IF(C4>0,RANK(C4,$C$2:$C$81),"-") -> 3 | ABJ4: =IF(D4>0,RANK(D4,$D$2:$D$81),"-") -> 3 | ABK4: =IF(E4>0,RANK(E4,$E$2:$E$81),"-") -> 5 | ABL4: =IF(F4>0,RANK(F4,$F$2:$F$81),"-") -> - | ABM4: =IF(G4>0,RANK(G4,$G$2:$G$81),"-") -> - | ABN4: =IF(H4>0,RANK(H4,$H$2:$H$81),"-") -> - | ABP4: =ABH4 -> 3 | ABQ4: =ABI4 -> 3 | ABR4: =ABJ4 -> 3 | ABS4: =ABK4 -> 5 | ABT4: =ABL4 -> - | ABU4: =ABM4 -> - | ABV4: =ABN4 -> - | ABW4: =IF(I4=((79-$L$82)/2),"-",J4) -> 2 | ABX4: =IF(K4<($L$82+1),K4,"-") -> 3 | ABY4: =IF(B4=0,"-",B4) -> 84 | ABZ4: =IF(C4=0,"-",C4) -> 83 | ACA4: =IF(D4=0,"-",D4) -> 89 | ACB4: =IF(E4=0,"-",E4) -> 80 | ACC4: =IF(F4=0,"-",F4) -> - | ACD4: =IF(G4=0,"-",G4) -> - | ACE4: =IF(H4=0,"-",H4) -> - | ACF4: =IF(M4=0,"-",M4) -> 84 | ACG4: =RANK(M4,$M$2:$M$81) -> 5
A5: 4 | B5: ='(1) 成績輸入'!D13 -> 82 | C5: ='(1) 成績輸入'!E13 -> 82 | D5: ='(1) 成績輸入'!F13 -> 89 | E5: ='(1) 成績輸入'!G13 -> 92 | F5: ='(1) 成績輸入'!H13 -> 0 | G5: ='(1) 成績輸入'!I13 -> 0 | H5: ='(1) 成績輸入'!J13 -> 0 | I5: =AW82 -> 76 | J5: =I5-$L$83 -> 1 | K5: =RANK(I5,$I$2:$I$81) -> 4 | L5: =IF(SUM(B5:H5)>0,1,0) -> 1 | M5: =SUM(B5:H5)/$B$83 -> 86.25 | O5: =IF(B$2=B5,0.5,IF(B$2>B5,1,0)) -> 1 | P5: =IF(C$2=C5,0.5,IF(C$2>C5,1,0)) -> 1 | Q5: =IF(D$2=D5,0.5,IF(D$2>D5,1,0)) -> 1 | R5: =IF(E$2=E5,0.5,IF(E$2>E5,1,0)) -> 0 | S5: =IF(F$2=F5,0.5,IF(F$2>F5,1,0)) -> 0.5 | T5: =IF(G$2=G5,0.5,IF(G$2>G5,1,0)) -> 0.5 | U5: =IF(H$2=H5,0.5,IF(H$2>H5,1,0)) -> 0.5 | V5: =IF(SUM(O5:U5)=$K$82,0.5,IF(SUM(O5:U5)>$K$82,1,0)) -> 1 | X5: =IF(B$3=B5,0.5,IF(B$3>B5,1,0)) -> 1 | Y5: =IF(C$3=C5,0.5,IF(C$3>C5,1,0)) -> 1 | Z5: =IF(D$3=D5,0.5,IF(D$3>D5,1,0)) -> 1 | AA5: =IF(E$3=E5,0.5,IF(E$3>E5,1,0)) -> 1 | AB5: =IF(F$3=F5,0.5,IF(F$3>F5,1,0)) -> 0.5 | AC5: =IF(G$3=G5,0.5,IF(G$3>G5,1,0)) -> 0.5 | AD5: =IF(H$3=H5,0.5,IF(H$3>H5,1,0)) -> 0.5 | AE5: =IF(SUM(X5:AD5)=$K$82,0.5,IF(SUM(X5:AD5)>$K$82,1,0)) -> 1 | AG5: =IF(B$4=B5,0.5,IF(B$4>B5,1,0)) -> 1 | AH5: =IF(C$4=C5,0.5,IF(C$4>C5,1,0)) -> 1 | AI5: =IF(D$4=D5,0.5,IF(D$4>D5,1,0)) -> 0.5 | AJ5: =IF(E$4=E5,0.5,IF(E$4>E5,1,0)) -> 0 | AK5: =IF(F$4=F5,0.5,IF(F$4>F5,1,0)) -> 0.5 | AL5: =IF(G$4=G5,0.5,IF(G$4>G5,1,0)) -> 0.5 | AM5: =IF(H$4=H5,0.5,IF(H$4>H5,1,0)) -> 0.5 | AN5: =IF(SUM(AG5:AM5)=$K$82,0.5,IF(SUM(AG5:AM5)>$K$82,1,0)) -> 1 | AP5: =IF(B$5=B5,0.5,IF(B$5>B5,1,0)) -> 0.5 | AQ5: =IF(C$5=C5,0.5,IF(C$5>C5,1,0)) -> 0.5 | AR5: =IF(D$5=D5,0.5,IF(D$5>D5,1,0)) -> 0.5 | AS5: =IF(E$5=E5,0.5,IF(E$5>E5,1,0)) -> 0.5 | AT5: =IF(F$5=F5,0.5,IF(F$5>F5,1,0)) -> 0.5 | AU5: =IF(G$5=G5,0.5,IF(G$5>G5,1,0)) -> 0.5 | AV5: =IF(H$5=H5,0.5,IF(H$5>H5,1,0)) -> 0.5 | AW5: =IF(SUM(AP5:AV5)=$K$82,0.5,IF(SUM(AP5:AV5)>$K$82,1,0)) -> 0.5 | AY5: =IF(B$6=B5,0.5,IF(B$6>B5,1,0)) -> 0 | AZ5: =IF(C$6=C5,0.5,IF(C$6>C5,1,0)) -> 0 | BA5: =IF(D$6=D5,0.5,IF(D$6>D5,1,0)) -> 0.5 | BB5: =IF(E$6=E5,0.5,IF(E$6>E5,1,0)) -> 0 | BC5: =IF(F$6=F5,0.5,IF(F$6>F5,1,0)) -> 0.5 | BD5: =IF(G$6=G5,0.5,IF(G$6>G5,1,0)) -> 0.5 | BE5: =IF(H$6=H5,0.5,IF(H$6>H5,1,0)) -> 0.5 | BF5: =IF(SUM(AY5:BE5)=$K$82,0.5,IF(SUM(AY5:BE5)>$K$82,1,0)) -> 0 | BH5: =IF(B$7=B5,0.5,IF(B$7>B5,1,0)) -> 0 | BI5: =IF(C$7=C5,0.5,IF(C$7>C5,1,0)) -> 0 | BJ5: =IF(D$7=D5,0.5,IF(D$7>D5,1,0)) -> 0 | BK5: =IF(E$7=E5,0.5,IF(E$7>E5,1,0)) -> 0 | BL5: =IF(F$7=F5,0.5,IF(F$7>F5,1,0)) -> 0.5 | BM5: =IF(G$7=G5,0.5,IF(G$7>G5,1,0)) -> 0.5 | BN5: =IF(H$7=H5,0.5,IF(H$7>H5,1,0)) -> 0.5 | BO5: =IF(SUM(BH5:BN5)=$K$82,0.5,IF(SUM(BH5:BN5)>$K$82,1,0)) -> 0 | BQ5: =IF(B$8=B5,0.5,IF(B$8>B5,1,0)) -> 0 | BR5: =IF(C$8=C5,0.5,IF(C$8>C5,1,0)) -> 0 | BS5: =IF(D$8=D5,0.5,IF(D$8>D5,1,0)) -> 0 | BT5: =IF(E$8=E5,0.5,IF(E$8>E5,1,0)) -> 0 | BU5: =IF(F$8=F5,0.5,IF(F$8>F5,1,0)) -> 0.5 | BV5: =IF(G$8=G5,0.5,IF(G$8>G5,1,0)) -> 0.5 | BW5: =IF(H$8=H5,0.5,IF(H$8>H5,1,0)) -> 0.5 | BX5: =IF(SUM(BQ5:BW5)=$K$82,0.5,IF(SUM(BQ5:BW5)>$K$82,1,0)) -> 0 | BZ5: =IF(B$9=B5,0.5,IF(B$9>B5,1,0)) -> 0 | CA5: =IF(C$9=C5,0.5,IF(C$9>C5,1,0)) -> 0 | CB5: =IF(D$9=D5,0.5,IF(D$9>D5,1,0)) -> 0 | CC5: =IF(E$9=E5,0.5,IF(E$9>E5,1,0)) -> 0 | CD5: =IF(F$9=F5,0.5,IF(F$9>F5,1,0)) -> 0.5 | CE5: =IF(G$9=G5,0.5,IF(G$9>G5,1,0)) -> 0.5 | CF5: =IF(H$9=H5,0.5,IF(H$9>H5,1,0)) -> 0.5 | CG5: =IF(SUM(BZ5:CF5)=$K$82,0.5,IF(SUM(BZ5:CF5)>$K$82,1,0)) -> 0 | CI5: =IF(B$10=B5,0.5,IF(B$10>B5,1,0)) -> 0 | CJ5: =IF(C$10=C5,0.5,IF(C$10>C5,1,0)) -> 0 | CK5: =IF(D$10=D5,0.5,IF(D$10>D5,1,0)) -> 0 | CL5: =IF(E$10=E5,0.5,IF(E$10>E5,1,0)) -> 0 | CM5: =IF(F$10=F5,0.5,IF(F$10>F5,1,0)) -> 0.5 | CN5: =IF(G$10=G5,0.5,IF(G$10>G5,1,0)) -> 0.5 | CO5: =IF(H$10=H5,0.5,IF(H$10>H5,1,0)) -> 0.5 | CP5: =IF(SUM(CI5:CO5)=$K$82,0.5,IF(SUM(CI5:CO5)>$K$82,1,0)) -> 0 | CR5: =IF(B$11=B5,0.5,IF(B$11>B5,1,0)) -> 0 | CS5: =IF(C$11=C5,0.5,IF(C$11>C5,1,0)) -> 0 | CT5: =IF(D$11=D5,0.5,IF(D$11>D5,1,0)) -> 0 | CU5: =IF(E$11=E5,0.5,IF(E$11>E5,1,0)) -> 0 | CV5: =IF(F$11=F5,0.5,IF(F$11>F5,1,0)) -> 0.5 | CW5: =IF(G$11=G5,0.5,IF(G$11>G5,1,0)) -> 0.5 | CX5: =IF(H$11=H5,0.5,IF(H$11>H5,1,0)) -> 0.5 | CY5: =IF(SUM(CR5:CX5)=$K$82,0.5,IF(SUM(CR5:CX5)>$K$82,1,0)) -> 0 | DA5: =IF(B$12=B5,0.5,IF(B$12>B5,1,0)) -> 0 | DB5: =IF(C$12=C5,0.5,IF(C$12>C5,1,0)) -> 0 | DC5: =IF(D$12=D5,0.5,IF(D$12>D5,1,0)) -> 0 | DD5: =IF(E$12=E5,0.5,IF(E$12>E5,1,0)) -> 0 | DE5: =IF(F$12=F5,0.5,IF(F$12>F5,1,0)) -> 0.5 | DF5: =IF(G$12=G5,0.5,IF(G$12>G5,1,0)) -> 0.5 | DG5: =IF(H$12=H5,0.5,IF(H$12>H5,1,0)) -> 0.5 | DH5: =IF(SUM(DA5:DG5)=$K$82,0.5,IF(SUM(DA5:DG5)>$K$82,1,0)) -> 0 | DJ5: =IF(B$13=B5,0.5,IF(B$13>B5,1,0)) -> 0 | DK5: =IF(C$13=C5,0.5,IF(C$13>C5,1,0)) -> 0 | DL5: =IF(D$13=D5,0.5,IF(D$13>D5,1,0)) -> 0 | DM5: =IF(E$13=E5,0.5,IF(E$13>E5,1,0)) -> 0 | DN5: =IF(F$13=F5,0.5,IF(F$13>F5,1,0)) -> 0.5 | DO5: =IF(G$13=G5,0.5,IF(G$13>G5,1,0)) -> 0.5 | DP5: =IF(H$13=H5,0.5,IF(H$13>H5,1,0)) -> 0.5 | DQ5: =IF(SUM(DJ5:DP5)=$K$82,0.5,IF(SUM(DJ5:DP5)>$K$82,1,0)) -> 0 | DS5: =IF(B$14=B5,0.5,IF(B$14>B5,1,0)) -> 0 | DT5: =IF(C$14=C5,0.5,IF(C$14>C5,1,0)) -> 0 | DU5: =IF(D$14=D5,0.5,IF(D$14>D5,1,0)) -> 0 | DV5: =IF(E$14=E5,0.5,IF(E$14>E5,1,0)) -> 0 | DW5: =IF(F$14=F5,0.5,IF(F$14>F5,1,0)) -> 0.5 | DX5: =IF(G$14=G5,0.5,IF(G$14>G5,1,0)) -> 0.5 | DY5: =IF(H$14=H5,0.5,IF(H$14>H5,1,0)) -> 0.5 | DZ5: =IF(SUM(DS5:DY5)=$K$82,0.5,IF(SUM(DS5:DY5)>$K$82,1,0)) -> 0 | EB5: =IF(B$15=B5,0.5,IF(B$15>B5,1,0)) -> 0 | EC5: =IF(C$15=C5,0.5,IF(C$15>C5,1,0)) -> 0 | ED5: =IF(D$15=D5,0.5,IF(D$15>D5,1,0)) -> 0 | EE5: =IF(E$15=E5,0.5,IF(E$15>E5,1,0)) -> 0 | EF5: =IF(F$15=F5,0.5,IF(F$15>F5,1,0)) -> 0.5 | EG5: =IF(G$15=G5,0.5,IF(G$15>G5,1,0)) -> 0.5 | EH5: =IF(H$15=H5,0.5,IF(H$15>H5,1,0)) -> 0.5 | EI5: =IF(SUM(EB5:EH5)=$K$82,0.5,IF(SUM(EB5:EH5)>$K$82,1,0)) -> 0 | EK5: =IF(B$16=B5,0.5,IF(B$16>B5,1,0)) -> 0 | EL5: =IF(C$16=C5,0.5,IF(C$16>C5,1,0)) -> 0 | EM5: =IF(D$16=D5,0.5,IF(D$16>D5,1,0)) -> 0 | EN5: =IF(E$16=E5,0.5,IF(E$16>E5,1,0)) -> 0 | EO5: =IF(F$16=F5,0.5,IF(F$16>F5,1,0)) -> 0.5 | EP5: =IF(G$16=G5,0.5,IF(G$16>G5,1,0)) -> 0.5 | EQ5: =IF(H$16=H5,0.5,IF(H$16>H5,1,0)) -> 0.5 | ER5: =IF(SUM(EK5:EQ5)=$K$82,0.5,IF(SUM(EK5:EQ5)>$K$82,1,0)) -> 0 | ET5: =IF(B$17=B5,0.5,IF(B$17>B5,1,0)) -> 0 | EU5: =IF(C$17=C5,0.5,IF(C$17>C5,1,0)) -> 0 | EV5: =IF(D$17=D5,0.5,IF(D$17>D5,1,0)) -> 0 | EW5: =IF(E$17=E5,0.5,IF(E$17>E5,1,0)) -> 0 | EX5: =IF(F$17=F5,0.5,IF(F$17>F5,1,0)) -> 0.5 | EY5: =IF(G$17=G5,0.5,IF(G$17>G5,1,0)) -> 0.5 | EZ5: =IF(H$17=H5,0.5,IF(H$17>H5,1,0)) -> 0.5 | FA5: =IF(SUM(ET5:EZ5)=$K$82,0.5,IF(SUM(ET5:EZ5)>$K$82,1,0)) -> 0 | FC5: =IF(B$18=B5,0.5,IF(B$18>B5,1,0)) -> 0 | FD5: =IF(C$18=C5,0.5,IF(C$18>C5,1,0)) -> 0 | FE5: =IF(D$18=D5,0.5,IF(D$18>D5,1,0)) -> 0 | FF5: =IF(E$18=E5,0.5,IF(E$18>E5,1,0)) -> 0 | FG5: =IF(F$18=F5,0.5,IF(F$18>F5,1,0)) -> 0.5 | FH5: =IF(G$18=G5,0.5,IF(G$18>G5,1,0)) -> 0.5 | FI5: =IF(H$18=H5,0.5,IF(H$18>H5,1,0)) -> 0.5 | FJ5: =IF(SUM(FC5:FI5)=$K$82,0.5,IF(SUM(FC5:FI5)>$K$82,1,0)) -> 0 | FL5: =IF(B$19=B5,0.5,IF(B$19>B5,1,0)) -> 0 | FM5: =IF(C$19=C5,0.5,IF(C$19>C5,1,0)) -> 0 | FN5: =IF(D$19=D5,0.5,IF(D$19>D5,1,0)) -> 0 | FO5: =IF(E$19=E5,0.5,IF(E$19>E5,1,0)) -> 0 | FP5: =IF(F$19=F5,0.5,IF(F$19>F5,1,0)) -> 0.5 | FQ5: =IF(G$19=G5,0.5,IF(G$19>G5,1,0)) -> 0.5 | FR5: =IF(H$19=H5,0.5,IF(H$19>H5,1,0)) -> 0.5 | FS5: =IF(SUM(FL5:FR5)=$K$82,0.5,IF(SUM(FL5:FR5)>$K$82,1,0)) -> 0 | FU5: =IF(B$20=B5,0.5,IF(B$20>B5,1,0)) -> 0 | FV5: =IF(C$20=C5,0.5,IF(C$20>C5,1,0)) -> 0 | FW5: =IF(D$20=D5,0.5,IF(D$20>D5,1,0)) -> 0 | FX5: =IF(E$20=E5,0.5,IF(E$20>E5,1,0)) -> 0 | FY5: =IF(F$20=F5,0.5,IF(F$20>F5,1,0)) -> 0.5 | FZ5: =IF(G$20=G5,0.5,IF(G$20>G5,1,0)) -> 0.5 | GA5: =IF(H$20=H5,0.5,IF(H$20>H5,1,0)) -> 0.5 | GB5: =IF(SUM(FU5:GA5)=$K$82,0.5,IF(SUM(FU5:GA5)>$K$82,1,0)) -> 0 | GD5: =IF(B$21=B5,0.5,IF(B$21>B5,1,0)) -> 0 | GE5: =IF(C$21=C5,0.5,IF(C$21>C5,1,0)) -> 0 | GF5: =IF(D$21=D5,0.5,IF(D$21>D5,1,0)) -> 0 | GG5: =IF(E$21=E5,0.5,IF(E$21>E5,1,0)) -> 0 | GH5: =IF(F$21=F5,0.5,IF(F$21>F5,1,0)) -> 0.5 | GI5: =IF(G$21=G5,0.5,IF(G$21>G5,1,0)) -> 0.5 | GJ5: =IF(H$21=H5,0.5,IF(H$21>H5,1,0)) -> 0.5 | GK5: =IF(SUM(GD5:GJ5)=$K$82,0.5,IF(SUM(GD5:GJ5)>$K$82,1,0)) -> 0 | GM5: =IF(B$22=B5,0.5,IF(B$22>B5,1,0)) -> 0 | GN5: =IF(C$22=C5,0.5,IF(C$22>C5,1,0)) -> 0 | GO5: =IF(D$22=D5,0.5,IF(D$22>D5,1,0)) -> 0 | GP5: =IF(E$22=E5,0.5,IF(E$22>E5,1,0)) -> 0 | GQ5: =IF(F$22=F5,0.5,IF(F$22>F5,1,0)) -> 0.5 | GR5: =IF(G$22=G5,0.5,IF(G$22>G5,1,0)) -> 0.5 | GS5: =IF(H$22=H5,0.5,IF(H$22>H5,1,0)) -> 0.5 | GT5: =IF(SUM(GM5:GS5)=$K$82,0.5,IF(SUM(GM5:GS5)>$K$82,1,0)) -> 0 | GV5: =IF(B$23=B5,0.5,IF(B$23>B5,1,0)) -> 0 | GW5: =IF(C$23=C5,0.5,IF(C$23>C5,1,0)) -> 0 | GX5: =IF(D$23=D5,0.5,IF(D$23>D5,1,0)) -> 0 | GY5: =IF(E$23=E5,0.5,IF(E$23>E5,1,0)) -> 0 | GZ5: =IF(F$23=F5,0.5,IF(F$23>F5,1,0)) -> 0.5 | HA5: =IF(G$23=G5,0.5,IF(G$23>G5,1,0)) -> 0.5 | HB5: =IF(H$23=H5,0.5,IF(H$23>H5,1,0)) -> 0.5 | HC5: =IF(SUM(GV5:HB5)=$K$82,0.5,IF(SUM(GV5:HB5)>$K$82,1,0)) -> 0 | HE5: =IF(B$24=B5,0.5,IF(B$24>B5,1,0)) -> 0 | HF5: =IF(C$24=C5,0.5,IF(C$24>C5,1,0)) -> 0 | HG5: =IF(D$24=D5,0.5,IF(D$24>D5,1,0)) -> 0 | HH5: =IF(E$24=E5,0.5,IF(E$24>E5,1,0)) -> 0 | HI5: =IF(F$24=F5,0.5,IF(F$24>F5,1,0)) -> 0.5 | HJ5: =IF(G$24=G5,0.5,IF(G$24>G5,1,0)) -> 0.5 | HK5: =IF(H$24=H5,0.5,IF(H$24>H5,1,0)) -> 0.5 | HL5: =IF(SUM(HE5:HK5)=$K$82,0.5,IF(SUM(HE5:HK5)>$K$82,1,0)) -> 0 | HN5: =IF(B$25=B5,0.5,IF(B$25>B5,1,0)) -> 0 | HO5: =IF(C$25=C5,0.5,IF(C$25>C5,1,0)) -> 0 | HP5: =IF(D$25=D5,0.5,IF(D$25>D5,1,0)) -> 0 | HQ5: =IF(E$25=E5,0.5,IF(E$25>E5,1,0)) -> 0 | HR5: =IF(F$25=F5,0.5,IF(F$25>F5,1,0)) -> 0.5 | HS5: =IF(G$25=G5,0.5,IF(G$25>G5,1,0)) -> 0.5 | HT5: =IF(H$25=H5,0.5,IF(H$25>H5,1,0)) -> 0.5 | HU5: =IF(SUM(HN5:HT5)=$K$82,0.5,IF(SUM(HN5:HT5)>$K$82,1,0)) -> 0 | HW5: =IF(B$26=B5,0.5,IF(B$26>B5,1,0)) -> 0 | HX5: =IF(C$26=C5,0.5,IF(C$26>C5,1,0)) -> 0 | HY5: =IF(D$26=D5,0.5,IF(D$26>D5,1,0)) -> 0 | HZ5: =IF(E$26=E5,0.5,IF(E$26>E5,1,0)) -> 0 | IA5: =IF(F$26=F5,0.5,IF(F$26>F5,1,0)) -> 0.5 | IB5: =IF(G$26=G5,0.5,IF(G$26>G5,1,0)) -> 0.5 | IC5: =IF(H$26=H5,0.5,IF(H$26>H5,1,0)) -> 0.5 | ID5: =IF(SUM(HW5:IC5)=$K$82,0.5,IF(SUM(HW5:IC5)>$K$82,1,0)) -> 0 | IF5: =IF(B$27=B5,0.5,IF(B$27>B5,1,0)) -> 0 | IG5: =IF(C$27=C5,0.5,IF(C$27>C5,1,0)) -> 0 | IH5: =IF(D$27=D5,0.5,IF(D$27>D5,1,0)) -> 0 | II5: =IF(E$27=E5,0.5,IF(E$27>E5,1,0)) -> 0 | IJ5: =IF(F$27=F5,0.5,IF(F$27>F5,1,0)) -> 0.5 | IK5: =IF(G$27=G5,0.5,IF(G$27>G5,1,0)) -> 0.5 | IL5: =IF(H$27=H5,0.5,IF(H$27>H5,1,0)) -> 0.5 | IM5: =IF(SUM(IF5:IL5)=$K$82,0.5,IF(SUM(IF5:IL5)>$K$82,1,0)) -> 0 | IO5: =IF(B$28=B5,0.5,IF(B$28>B5,1,0)) -> 0 | IP5: =IF(C$28=C5,0.5,IF(C$28>C5,1,0)) -> 0 | IQ5: =IF(D$28=D5,0.5,IF(D$28>D5,1,0)) -> 0 | IR5: =IF(E$28=E5,0.5,IF(E$28>E5,1,0)) -> 0 | IS5: =IF(F$28=F5,0.5,IF(F$28>F5,1,0)) -> 0.5 | IT5: =IF(G$28=G5,0.5,IF(G$28>G5,1,0)) -> 0.5 | IU5: =IF(H$28=H5,0.5,IF(H$28>H5,1,0)) -> 0.5 | IV5: =IF(SUM(IO5:IU5)=$K$82,0.5,IF(SUM(IO5:IU5)>$K$82,1,0)) -> 0 | IX5: =IF(B$29=B5,0.5,IF(B$29>B5,1,0)) -> 0 | IY5: =IF(C$29=C5,0.5,IF(C$29>C5,1,0)) -> 0 | IZ5: =IF(D$29=D5,0.5,IF(D$29>D5,1,0)) -> 0 | JA5: =IF(E$29=E5,0.5,IF(E$29>E5,1,0)) -> 0 | JB5: =IF(F$29=F5,0.5,IF(F$29>F5,1,0)) -> 0.5 | JC5: =IF(G$29=G5,0.5,IF(G$29>G5,1,0)) -> 0.5 | JD5: =IF(H$29=H5,0.5,IF(H$29>H5,1,0)) -> 0.5 | JE5: =IF(SUM(IX5:JD5)=$K$82,0.5,IF(SUM(IX5:JD5)>$K$82,1,0)) -> 0 | JG5: =IF(B$30=B5,0.5,IF(B$30>B5,1,0)) -> 0 | JH5: =IF(C$30=C5,0.5,IF(C$30>C5,1,0)) -> 0 | JI5: =IF(D$30=D5,0.5,IF(D$30>D5,1,0)) -> 0 | JJ5: =IF(E$30=E5,0.5,IF(E$30>E5,1,0)) -> 0 | JK5: =IF(F$30=F5,0.5,IF(F$30>F5,1,0)) -> 0.5 | JL5: =IF(G$30=G5,0.5,IF(G$30>G5,1,0)) -> 0.5 | JM5: =IF(H$30=H5,0.5,IF(H$30>H5,1,0)) -> 0.5 | JN5: =IF(SUM(JG5:JM5)=$K$82,0.5,IF(SUM(JG5:JM5)>$K$82,1,0)) -> 0 | JP5: =IF(B$31=B5,0.5,IF(B$31>B5,1,0)) -> 0 | JQ5: =IF(C$31=C5,0.5,IF(C$31>C5,1,0)) -> 0 | JR5: =IF(D$31=D5,0.5,IF(D$31>D5,1,0)) -> 0 | JS5: =IF(E$31=E5,0.5,IF(E$31>E5,1,0)) -> 0 | JT5: =IF(F$31=F5,0.5,IF(F$31>F5,1,0)) -> 0.5 | JU5: =IF(G$31=G5,0.5,IF(G$31>G5,1,0)) -> 0.5 | JV5: =IF(H$31=H5,0.5,IF(H$31>H5,1,0)) -> 0.5 | JW5: =IF(SUM(JP5:JV5)=$K$82,0.5,IF(SUM(JP5:JV5)>$K$82,1,0)) -> 0 | JY5: =IF(B$32=B5,0.5,IF(B$32>B5,1,0)) -> 0 | JZ5: =IF(C$32=C5,0.5,IF(C$32>C5,1,0)) -> 0 | KA5: =IF(D$32=D5,0.5,IF(D$32>D5,1,0)) -> 0 | KB5: =IF(E$32=E5,0.5,IF(E$32>E5,1,0)) -> 0 | KC5: =IF(F$32=F5,0.5,IF(F$32>F5,1,0)) -> 0.5 | KD5: =IF(G$32=G5,0.5,IF(G$32>G5,1,0)) -> 0.5 | KE5: =IF(H$32=H5,0.5,IF(H$32>H5,1,0)) -> 0.5 | KF5: =IF(SUM(JY5:KE5)=$K$82,0.5,IF(SUM(JY5:KE5)>$K$82,1,0)) -> 0 | KH5: =IF(B$33=B5,0.5,IF(B$33>B5,1,0)) -> 0 | KI5: =IF(C$33=C5,0.5,IF(C$33>C5,1,0)) -> 0 | KJ5: =IF(D$33=D5,0.5,IF(D$33>D5,1,0)) -> 0 | KK5: =IF(E$33=E5,0.5,IF(E$33>E5,1,0)) -> 0 | KL5: =IF(F$33=F5,0.5,IF(F$33>F5,1,0)) -> 0.5 | KM5: =IF(G$33=G5,0.5,IF(G$33>G5,1,0)) -> 0.5 | KN5: =IF(H$33=H5,0.5,IF(H$33>H5,1,0)) -> 0.5 | KO5: =IF(SUM(KH5:KN5)=$K$82,0.5,IF(SUM(KH5:KN5)>$K$82,1,0)) -> 0 | KQ5: =IF(B$34=B5,0.5,IF(B$34>B5,1,0)) -> 0 | KR5: =IF(C$34=C5,0.5,IF(C$34>C5,1,0)) -> 0 | KS5: =IF(D$34=D5,0.5,IF(D$34>D5,1,0)) -> 0 | KT5: =IF(E$34=E5,0.5,IF(E$34>E5,1,0)) -> 0 | KU5: =IF(F$34=F5,0.5,IF(F$34>F5,1,0)) -> 0.5 | KV5: =IF(G$34=G5,0.5,IF(G$34>G5,1,0)) -> 0.5 | KW5: =IF(H$34=H5,0.5,IF(H$34>H5,1,0)) -> 0.5 | KX5: =IF(SUM(KQ5:KW5)=$K$82,0.5,IF(SUM(KQ5:KW5)>$K$82,1,0)) -> 0 | KZ5: =IF(B$35=B5,0.5,IF(B$35>B5,1,0)) -> 0 | LA5: =IF(C$35=C5,0.5,IF(C$35>C5,1,0)) -> 0 | LB5: =IF(D$35=D5,0.5,IF(D$35>D5,1,0)) -> 0 | LC5: =IF(E$35=E5,0.5,IF(E$35>E5,1,0)) -> 0 | LD5: =IF(F$35=F5,0.5,IF(F$35>F5,1,0)) -> 0.5 | LE5: =IF(G$35=G5,0.5,IF(G$35>G5,1,0)) -> 0.5 | LF5: =IF(H$35=H5,0.5,IF(H$35>H5,1,0)) -> 0.5 | LG5: =IF(SUM(KZ5:LF5)=$K$82,0.5,IF(SUM(KZ5:LF5)>$K$82,1,0)) -> 0 | LI5: =IF(B$36=B5,0.5,IF(B$36>B5,1,0)) -> 0 | LJ5: =IF(C$36=C5,0.5,IF(C$36>C5,1,0)) -> 0 | LK5: =IF(D$36=D5,0.5,IF(D$36>D5,1,0)) -> 0 | LL5: =IF(E$36=E5,0.5,IF(E$36>E5,1,0)) -> 0 | LM5: =IF(F$36=F5,0.5,IF(F$36>F5,1,0)) -> 0.5 | LN5: =IF(G$36=G5,0.5,IF(G$36>G5,1,0)) -> 0.5 | LO5: =IF(H$36=H5,0.5,IF(H$36>H5,1,0)) -> 0.5 | LP5: =IF(SUM(LI5:LO5)=$K$82,0.5,IF(SUM(LI5:LO5)>$K$82,1,0)) -> 0 | LR5: =IF(B$37=B5,0.5,IF(B$37>B5,1,0)) -> 0 | LS5: =IF(C$37=C5,0.5,IF(C$37>C5,1,0)) -> 0 | LT5: =IF(D$37=D5,0.5,IF(D$37>D5,1,0)) -> 0 | LU5: =IF(E$37=E5,0.5,IF(E$37>E5,1,0)) -> 0 | LV5: =IF(F$37=F5,0.5,IF(F$37>F5,1,0)) -> 0.5 | LW5: =IF(G$37=G5,0.5,IF(G$37>G5,1,0)) -> 0.5 | LX5: =IF(H$37=H5,0.5,IF(H$37>H5,1,0)) -> 0.5 | LY5: =IF(SUM(LR5:LX5)=$K$82,0.5,IF(SUM(LR5:LX5)>$K$82,1,0)) -> 0 | MA5: =IF(B$38=B5,0.5,IF(B$38>B5,1,0)) -> 0 | MB5: =IF(C$38=C5,0.5,IF(C$38>C5,1,0)) -> 0 | MC5: =IF(D$38=D5,0.5,IF(D$38>D5,1,0)) -> 0 | MD5: =IF(E$38=E5,0.5,IF(E$38>E5,1,0)) -> 0 | ME5: =IF(F$38=F5,0.5,IF(F$38>F5,1,0)) -> 0.5 | MF5: =IF(G$38=G5,0.5,IF(G$38>G5,1,0)) -> 0.5 | MG5: =IF(H$38=H5,0.5,IF(H$38>H5,1,0)) -> 0.5 | MH5: =IF(SUM(MA5:MG5)=$K$82,0.5,IF(SUM(MA5:MG5)>$K$82,1,0)) -> 0 | MJ5: =IF(B$39=B5,0.5,IF(B$39>B5,1,0)) -> 0 | MK5: =IF(C$39=C5,0.5,IF(C$39>C5,1,0)) -> 0 | ML5: =IF(D$39=D5,0.5,IF(D$39>D5,1,0)) -> 0 | MM5: =IF(E$39=E5,0.5,IF(E$39>E5,1,0)) -> 0 | MN5: =IF(F$39=F5,0.5,IF(F$39>F5,1,0)) -> 0.5 | MO5: =IF(G$39=G5,0.5,IF(G$39>G5,1,0)) -> 0.5 | MP5: =IF(H$39=H5,0.5,IF(H$39>H5,1,0)) -> 0.5 | MQ5: =IF(SUM(MJ5:MP5)=$K$82,0.5,IF(SUM(MJ5:MP5)>$K$82,1,0)) -> 0 | MS5: =IF(B$40=B5,0.5,IF(B$40>B5,1,0)) -> 0 | MT5: =IF(C$40=C5,0.5,IF(C$40>C5,1,0)) -> 0 | MU5: =IF(D$40=D5,0.5,IF(D$40>D5,1,0)) -> 0 | MV5: =IF(E$40=E5,0.5,IF(E$40>E5,1,0)) -> 0 | MW5: =IF(F$40=F5,0.5,IF(F$40>F5,1,0)) -> 0.5 | MX5: =IF(G$40=G5,0.5,IF(G$40>G5,1,0)) -> 0.5 | MY5: =IF(H$40=H5,0.5,IF(H$40>H5,1,0)) -> 0.5 | MZ5: =IF(SUM(MS5:MY5)=$K$82,0.5,IF(SUM(MS5:MY5)>$K$82,1,0)) -> 0 | NB5: =IF(B$41=B5,0.5,IF(B$41>B5,1,0)) -> 0 | NC5: =IF(C$41=C5,0.5,IF(C$41>C5,1,0)) -> 0 | ND5: =IF(D$41=D5,0.5,IF(D$41>D5,1,0)) -> 0 | NE5: =IF(E$41=E5,0.5,IF(E$41>E5,1,0)) -> 0 | NF5: =IF(F$41=F5,0.5,IF(F$41>F5,1,0)) -> 0.5 | NG5: =IF(G$41=G5,0.5,IF(G$41>G5,1,0)) -> 0.5 | NH5: =IF(H$41=H5,0.5,IF(H$41>H5,1,0)) -> 0.5 | NI5: =IF(SUM(NB5:NH5)=$K$82,0.5,IF(SUM(NB5:NH5)>$K$82,1,0)) -> 0 | NK5: =IF(B$42=B5,0.5,IF(B$42>B5,1,0)) -> 0 | NL5: =IF(C$42=C5,0.5,IF(C$42>C5,1,0)) -> 0 | NM5: =IF(D$42=D5,0.5,IF(D$42>D5,1,0)) -> 0 | NN5: =IF(E$42=E5,0.5,IF(E$42>E5,1,0)) -> 0 | NO5: =IF(F$42=F5,0.5,IF(F$42>F5,1,0)) -> 0.5 | NP5: =IF(G$42=G5,0.5,IF(G$42>G5,1,0)) -> 0.5 | NQ5: =IF(H$42=H5,0.5,IF(H$42>H5,1,0)) -> 0.5 | NR5: =IF(SUM(NK5:NQ5)=$K$82,0.5,IF(SUM(NK5:NQ5)>$K$82,1,0)) -> 0 | NT5: =IF(B$43=B5,0.5,IF(B$43>B5,1,0)) -> 0 | NU5: =IF(C$43=C5,0.5,IF(C$43>C5,1,0)) -> 0 | NV5: =IF(D$43=D5,0.5,IF(D$43>D5,1,0)) -> 0 | NW5: =IF(E$43=E5,0.5,IF(E$43>E5,1,0)) -> 0 | NX5: =IF(F$43=F5,0.5,IF(F$43>F5,1,0)) -> 0.5 | NY5: =IF(G$43=G5,0.5,IF(G$43>G5,1,0)) -> 0.5 | NZ5: =IF(H$43=H5,0.5,IF(H$43>H5,1,0)) -> 0.5 | OA5: =IF(SUM(NT5:NZ5)=$K$82,0.5,IF(SUM(NT5:NZ5)>$K$82,1,0)) -> 0 | OC5: =IF(B$44=B5,0.5,IF(B$44>B5,1,0)) -> 0 | OD5: =IF(C$44=C5,0.5,IF(C$44>C5,1,0)) -> 0 | OE5: =IF(D$44=D5,0.5,IF(D$44>D5,1,0)) -> 0 | OF5: =IF(E$44=E5,0.5,IF(E$44>E5,1,0)) -> 0 | OG5: =IF(F$44=F5,0.5,IF(F$44>F5,1,0)) -> 0.5 | OH5: =IF(G$44=G5,0.5,IF(G$44>G5,1,0)) -> 0.5 | OI5: =IF(H$44=H5,0.5,IF(H$44>H5,1,0)) -> 0.5 | OJ5: =IF(SUM(OC5:OI5)=$K$82,0.5,IF(SUM(OC5:OI5)>$K$82,1,0)) -> 0 | OL5: =IF(B$45=B5,0.5,IF(B$45>B5,1,0)) -> 0 | OM5: =IF(C$45=C5,0.5,IF(C$45>C5,1,0)) -> 0 | ON5: =IF(D$45=D5,0.5,IF(D$45>D5,1,0)) -> 0 | OO5: =IF(E$45=E5,0.5,IF(E$45>E5,1,0)) -> 0 | OP5: =IF(F$45=F5,0.5,IF(F$45>F5,1,0)) -> 0.5 | OQ5: =IF(G$45=G5,0.5,IF(G$45>G5,1,0)) -> 0.5 | OR5: =IF(H$45=H5,0.5,IF(H$45>H5,1,0)) -> 0.5 | OS5: =IF(SUM(OL5:OR5)=$K$82,0.5,IF(SUM(OL5:OR5)>$K$82,1,0)) -> 0 | OU5: =IF(B$46=B5,0.5,IF(B$46>B5,1,0)) -> 0 | OV5: =IF(C$46=C5,0.5,IF(C$46>C5,1,0)) -> 0 | OW5: =IF(D$46=D5,0.5,IF(D$46>D5,1,0)) -> 0 | OX5: =IF(E$46=E5,0.5,IF(E$46>E5,1,0)) -> 0 | OY5: =IF(F$46=F5,0.5,IF(F$46>F5,1,0)) -> 0.5 | OZ5: =IF(G$46=G5,0.5,IF(G$46>G5,1,0)) -> 0.5 | PA5: =IF(H$46=H5,0.5,IF(H$46>H5,1,0)) -> 0.5 | PB5: =IF(SUM(OU5:PA5)=$K$82,0.5,IF(SUM(OU5:PA5)>$K$82,1,0)) -> 0 | PD5: =IF(B$47=B5,0.5,IF(B$47>B5,1,0)) -> 0 | PE5: =IF(C$47=C5,0.5,IF(C$47>C5,1,0)) -> 0 | PF5: =IF(D$47=D5,0.5,IF(D$47>D5,1,0)) -> 0 | PG5: =IF(E$47=E5,0.5,IF(E$47>E5,1,0)) -> 0 | PH5: =IF(F$47=F5,0.5,IF(F$47>F5,1,0)) -> 0.5 | PI5: =IF(G$47=G5,0.5,IF(G$47>G5,1,0)) -> 0.5 | PJ5: =IF(H$47=H5,0.5,IF(H$47>H5,1,0)) -> 0.5 | PK5: =IF(SUM(PD5:PJ5)=$K$82,0.5,IF(SUM(PD5:PJ5)>$K$82,1,0)) -> 0 | PM5: =IF(B$48=B5,0.5,IF(B$48>B5,1,0)) -> 0 | PN5: =IF(C$48=C5,0.5,IF(C$48>C5,1,0)) -> 0 | PO5: =IF(D$48=D5,0.5,IF(D$48>D5,1,0)) -> 0 | PP5: =IF(E$48=E5,0.5,IF(E$48>E5,1,0)) -> 0 | PQ5: =IF(F$48=F5,0.5,IF(F$48>F5,1,0)) -> 0.5 | PR5: =IF(G$48=G5,0.5,IF(G$48>G5,1,0)) -> 0.5 | PS5: =IF(H$48=H5,0.5,IF(H$48>H5,1,0)) -> 0.5 | PT5: =IF(SUM(PM5:PS5)=$K$82,0.5,IF(SUM(PM5:PS5)>$K$82,1,0)) -> 0 | PV5: =IF(B$49=B5,0.5,IF(B$49>B5,1,0)) -> 0 | PW5: =IF(C$49=C5,0.5,IF(C$49>C5,1,0)) -> 0 | PX5: =IF(D$49=D5,0.5,IF(D$49>D5,1,0)) -> 0 | PY5: =IF(E$49=E5,0.5,IF(E$49>E5,1,0)) -> 0 | PZ5: =IF(F$49=F5,0.5,IF(F$49>F5,1,0)) -> 0.5 | QA5: =IF(G$49=G5,0.5,IF(G$49>G5,1,0)) -> 0.5 | QB5: =IF(H$49=H5,0.5,IF(H$49>H5,1,0)) -> 0.5 | QC5: =IF(SUM(PV5:QB5)=$K$82,0.5,IF(SUM(PV5:QB5)>$K$82,1,0)) -> 0 | QE5: =IF(B$50=B5,0.5,IF(B$50>B5,1,0)) -> 0 | QF5: =IF(C$50=C5,0.5,IF(C$50>C5,1,0)) -> 0 | QG5: =IF(D$50=D5,0.5,IF(D$50>D5,1,0)) -> 0 | QH5: =IF(E$50=E5,0.5,IF(E$50>E5,1,0)) -> 0 | QI5: =IF(F$50=F5,0.5,IF(F$50>F5,1,0)) -> 0.5 | QJ5: =IF(G$50=G5,0.5,IF(G$50>G5,1,0)) -> 0.5 | QK5: =IF(H$50=H5,0.5,IF(H$50>H5,1,0)) -> 0.5 | QL5: =IF(SUM(QE5:QK5)=$K$82,0.5,IF(SUM(QE5:QK5)>$K$82,1,0)) -> 0 | QN5: =IF(B$51=B5,0.5,IF(B$51>B5,1,0)) -> 0 | QO5: =IF(C$51=C5,0.5,IF(C$51>C5,1,0)) -> 0 | QP5: =IF(D$51=D5,0.5,IF(D$51>D5,1,0)) -> 0 | QQ5: =IF(E$51=E5,0.5,IF(E$51>E5,1,0)) -> 0 | QR5: =IF(F$51=F5,0.5,IF(F$51>F5,1,0)) -> 0.5 | QS5: =IF(G$51=G5,0.5,IF(G$51>G5,1,0)) -> 0.5 | QT5: =IF(H$51=H5,0.5,IF(H$51>H5,1,0)) -> 0.5 | QU5: =IF(SUM(QN5:QT5)=$K$82,0.5,IF(SUM(QN5:QT5)>$K$82,1,0)) -> 0 | QW5: =IF(B$52=B5,0.5,IF(B$52>B5,1,0)) -> 0 | QX5: =IF(C$52=C5,0.5,IF(C$52>C5,1,0)) -> 0 | QY5: =IF(D$52=D5,0.5,IF(D$52>D5,1,0)) -> 0 | QZ5: =IF(E$52=E5,0.5,IF(E$52>E5,1,0)) -> 0 | RA5: =IF(F$52=F5,0.5,IF(F$52>F5,1,0)) -> 0.5 | RB5: =IF(G$52=G5,0.5,IF(G$52>G5,1,0)) -> 0.5 | RC5: =IF(H$52=H5,0.5,IF(H$52>H5,1,0)) -> 0.5 | RD5: =IF(SUM(QW5:RC5)=$K$82,0.5,IF(SUM(QW5:RC5)>$K$82,1,0)) -> 0 | RF5: =IF(B$53=B5,0.5,IF(B$53>B5,1,0)) -> 0 | RG5: =IF(C$53=C5,0.5,IF(C$53>C5,1,0)) -> 0 | RH5: =IF(D$53=D5,0.5,IF(D$53>D5,1,0)) -> 0 | RI5: =IF(E$53=E5,0.5,IF(E$53>E5,1,0)) -> 0 | RJ5: =IF(F$53=F5,0.5,IF(F$53>F5,1,0)) -> 0.5 | RK5: =IF(G$53=G5,0.5,IF(G$53>G5,1,0)) -> 0.5 | RL5: =IF(H$53=H5,0.5,IF(H$53>H5,1,0)) -> 0.5 | RM5: =IF(SUM(RF5:RL5)=$K$82,0.5,IF(SUM(RF5:RL5)>$K$82,1,0)) -> 0 | RO5: =IF(B$54=B5,0.5,IF(B$54>B5,1,0)) -> 0 | RP5: =IF(C$54=C5,0.5,IF(C$54>C5,1,0)) -> 0 | RQ5: =IF(D$54=D5,0.5,IF(D$54>D5,1,0)) -> 0 | RR5: =IF(E$54=E5,0.5,IF(E$54>E5,1,0)) -> 0 | RS5: =IF(F$54=F5,0.5,IF(F$54>F5,1,0)) -> 0.5 | RT5: =IF(G$54=G5,0.5,IF(G$54>G5,1,0)) -> 0.5 | RU5: =IF(H$54=H5,0.5,IF(H$54>H5,1,0)) -> 0.5 | RV5: =IF(SUM(RO5:RU5)=$K$82,0.5,IF(SUM(RO5:RU5)>$K$82,1,0)) -> 0 | RX5: =IF(B$55=B5,0.5,IF(B$55>B5,1,0)) -> 0 | RY5: =IF(C$55=C5,0.5,IF(C$55>C5,1,0)) -> 0 | RZ5: =IF(D$55=D5,0.5,IF(D$55>D5,1,0)) -> 0 | SA5: =IF(E$55=E5,0.5,IF(E$55>E5,1,0)) -> 0 | SB5: =IF(F$55=F5,0.5,IF(F$55>F5,1,0)) -> 0.5 | SC5: =IF(G$55=G5,0.5,IF(G$55>G5,1,0)) -> 0.5 | SD5: =IF(H$55=H5,0.5,IF(H$55>H5,1,0)) -> 0.5 | SE5: =IF(SUM(RX5:SD5)=$K$82,0.5,IF(SUM(RX5:SD5)>$K$82,1,0)) -> 0 | SG5: =IF(B$56=B5,0.5,IF(B$56>B5,1,0)) -> 0 | SH5: =IF(C$56=C5,0.5,IF(C$56>C5,1,0)) -> 0 | SI5: =IF(D$56=D5,0.5,IF(D$56>D5,1,0)) -> 0 | SJ5: =IF(E$56=E5,0.5,IF(E$56>E5,1,0)) -> 0 | SK5: =IF(F$56=F5,0.5,IF(F$56>F5,1,0)) -> 0.5 | SL5: =IF(G$56=G5,0.5,IF(G$56>G5,1,0)) -> 0.5 | SM5: =IF(H$56=H5,0.5,IF(H$56>H5,1,0)) -> 0.5 | SN5: =IF(SUM(SG5:SM5)=$K$82,0.5,IF(SUM(SG5:SM5)>$K$82,1,0)) -> 0 | SP5: =IF(B$57=B5,0.5,IF(B$57>B5,1,0)) -> 0 | SQ5: =IF(C$57=C5,0.5,IF(C$57>C5,1,0)) -> 0 | SR5: =IF(D$57=D5,0.5,IF(D$57>D5,1,0)) -> 0 | SS5: =IF(E$57=E5,0.5,IF(E$57>E5,1,0)) -> 0 | ST5: =IF(F$57=F5,0.5,IF(F$57>F5,1,0)) -> 0.5 | SU5: =IF(G$57=G5,0.5,IF(G$57>G5,1,0)) -> 0.5 | SV5: =IF(H$57=H5,0.5,IF(H$57>H5,1,0)) -> 0.5 | SW5: =IF(SUM(SP5:SV5)=$K$82,0.5,IF(SUM(SP5:SV5)>$K$82,1,0)) -> 0 | SY5: =IF(B$58=B5,0.5,IF(B$58>B5,1,0)) -> 0 | SZ5: =IF(C$58=C5,0.5,IF(C$58>C5,1,0)) -> 0 | TA5: =IF(D$58=D5,0.5,IF(D$58>D5,1,0)) -> 0 | TB5: =IF(E$58=E5,0.5,IF(E$58>E5,1,0)) -> 0 | TC5: =IF(F$58=F5,0.5,IF(F$58>F5,1,0)) -> 0.5 | TD5: =IF(G$58=G5,0.5,IF(G$58>G5,1,0)) -> 0.5 | TE5: =IF(H$58=H5,0.5,IF(H$58>H5,1,0)) -> 0.5 | TF5: =IF(SUM(SY5:TE5)=$K$82,0.5,IF(SUM(SY5:TE5)>$K$82,1,0)) -> 0 | TH5: =IF(B$59=B5,0.5,IF(B$59>B5,1,0)) -> 0 | TI5: =IF(C$59=C5,0.5,IF(C$59>C5,1,0)) -> 0 | TJ5: =IF(D$59=D5,0.5,IF(D$59>D5,1,0)) -> 0 | TK5: =IF(E$59=E5,0.5,IF(E$59>E5,1,0)) -> 0 | TL5: =IF(F$59=F5,0.5,IF(F$59>F5,1,0)) -> 0.5 | TM5: =IF(G$59=G5,0.5,IF(G$59>G5,1,0)) -> 0.5 | TN5: =IF(H$59=H5,0.5,IF(H$59>H5,1,0)) -> 0.5 | TO5: =IF(SUM(TH5:TN5)=$K$82,0.5,IF(SUM(TH5:TN5)>$K$82,1,0)) -> 0 | TQ5: =IF(B$60=B5,0.5,IF(B$60>B5,1,0)) -> 0 | TR5: =IF(C$60=C5,0.5,IF(C$60>C5,1,0)) -> 0 | TS5: =IF(D$60=D5,0.5,IF(D$60>D5,1,0)) -> 0 | TT5: =IF(E$60=E5,0.5,IF(E$60>E5,1,0)) -> 0 | TU5: =IF(F$60=F5,0.5,IF(F$60>F5,1,0)) -> 0.5 | TV5: =IF(G$60=G5,0.5,IF(G$60>G5,1,0)) -> 0.5 | TW5: =IF(H$60=H5,0.5,IF(H$60>H5,1,0)) -> 0.5 | TX5: =IF(SUM(TQ5:TW5)=$K$82,0.5,IF(SUM(TQ5:TW5)>$K$82,1,0)) -> 0 | TZ5: =IF(B$61=B5,0.5,IF(B$61>B5,1,0)) -> 0 | UA5: =IF(C$61=C5,0.5,IF(C$61>C5,1,0)) -> 0 | UB5: =IF(D$61=D5,0.5,IF(D$61>D5,1,0)) -> 0 | UC5: =IF(E$61=E5,0.5,IF(E$61>E5,1,0)) -> 0 | UD5: =IF(F$61=F5,0.5,IF(F$61>F5,1,0)) -> 0.5 | UE5: =IF(G$61=G5,0.5,IF(G$61>G5,1,0)) -> 0.5 | UF5: =IF(H$61=H5,0.5,IF(H$61>H5,1,0)) -> 0.5 | UG5: =IF(SUM(TZ5:UF5)=$K$82,0.5,IF(SUM(TZ5:UF5)>$K$82,1,0)) -> 0 | UI5: =IF(B$62=B5,0.5,IF(B$62>B5,1,0)) -> 0 | UJ5: =IF(C$62=C5,0.5,IF(C$62>C5,1,0)) -> 0 | UK5: =IF(D$62=D5,0.5,IF(D$62>D5,1,0)) -> 0 | UL5: =IF(E$62=E5,0.5,IF(E$62>E5,1,0)) -> 0 | UM5: =IF(F$62=F5,0.5,IF(F$62>F5,1,0)) -> 0.5 | UN5: =IF(G$62=G5,0.5,IF(G$62>G5,1,0)) -> 0.5 | UO5: =IF(H$62=H5,0.5,IF(H$62>H5,1,0)) -> 0.5 | UP5: =IF(SUM(UI5:UO5)=$K$82,0.5,IF(SUM(UI5:UO5)>$K$82,1,0)) -> 0 | UR5: =IF(B$63=B5,0.5,IF(B$63>B5,1,0)) -> 0 | US5: =IF(C$63=C5,0.5,IF(C$63>C5,1,0)) -> 0 | UT5: =IF(D$63=D5,0.5,IF(D$63>D5,1,0)) -> 0 | UU5: =IF(E$63=E5,0.5,IF(E$63>E5,1,0)) -> 0 | UV5: =IF(F$63=F5,0.5,IF(F$63>F5,1,0)) -> 0.5 | UW5: =IF(G$63=G5,0.5,IF(G$63>G5,1,0)) -> 0.5 | UX5: =IF(H$63=H5,0.5,IF(H$63>H5,1,0)) -> 0.5 | UY5: =IF(SUM(UR5:UX5)=$K$82,0.5,IF(SUM(UR5:UX5)>$K$82,1,0)) -> 0 | VA5: =IF(B$64=B5,0.5,IF(B$64>B5,1,0)) -> 0 | VB5: =IF(C$64=C5,0.5,IF(C$64>C5,1,0)) -> 0 | VC5: =IF(D$64=D5,0.5,IF(D$64>D5,1,0)) -> 0 | VD5: =IF(E$64=E5,0.5,IF(E$64>E5,1,0)) -> 0 | VE5: =IF(F$64=F5,0.5,IF(F$64>F5,1,0)) -> 0.5 | VF5: =IF(G$64=G5,0.5,IF(G$64>G5,1,0)) -> 0.5 | VG5: =IF(H$64=H5,0.5,IF(H$64>H5,1,0)) -> 0.5 | VH5: =IF(SUM(VA5:VG5)=$K$82,0.5,IF(SUM(VA5:VG5)>$K$82,1,0)) -> 0 | VJ5: =IF(B$65=B5,0.5,IF(B$65>B5,1,0)) -> 0 | VK5: =IF(C$65=C5,0.5,IF(C$65>C5,1,0)) -> 0 | VL5: =IF(D$65=D5,0.5,IF(D$65>D5,1,0)) -> 0 | VM5: =IF(E$65=E5,0.5,IF(E$65>E5,1,0)) -> 0 | VN5: =IF(F$65=F5,0.5,IF(F$65>F5,1,0)) -> 0.5 | VO5: =IF(G$65=G5,0.5,IF(G$65>G5,1,0)) -> 0.5 | VP5: =IF(H$65=H5,0.5,IF(H$65>H5,1,0)) -> 0.5 | VQ5: =IF(SUM(VJ5:VP5)=$K$82,0.5,IF(SUM(VJ5:VP5)>$K$82,1,0)) -> 0 | VS5: =IF(B$66=B5,0.5,IF(B$66>B5,1,0)) -> 0 | VT5: =IF(C$66=C5,0.5,IF(C$66>C5,1,0)) -> 0 | VU5: =IF(D$66=D5,0.5,IF(D$66>D5,1,0)) -> 0 | VV5: =IF(E$66=E5,0.5,IF(E$66>E5,1,0)) -> 0 | VW5: =IF(F$66=F5,0.5,IF(F$66>F5,1,0)) -> 0.5 | VX5: =IF(G$66=G5,0.5,IF(G$66>G5,1,0)) -> 0.5 | VY5: =IF(H$66=H5,0.5,IF(H$66>H5,1,0)) -> 0.5 | VZ5: =IF(SUM(VS5:VY5)=$K$82,0.5,IF(SUM(VS5:VY5)>$K$82,1,0)) -> 0 | WB5: =IF(B$67=B5,0.5,IF(B$67>B5,1,0)) -> 0 | WC5: =IF(C$67=C5,0.5,IF(C$67>C5,1,0)) -> 0 | WD5: =IF(D$67=D5,0.5,IF(D$67>D5,1,0)) -> 0 | WE5: =IF(E$67=E5,0.5,IF(E$67>E5,1,0)) -> 0 | WF5: =IF(F$67=F5,0.5,IF(F$67>F5,1,0)) -> 0.5 | WG5: =IF(G$67=G5,0.5,IF(G$67>G5,1,0)) -> 0.5 | WH5: =IF(H$67=H5,0.5,IF(H$67>H5,1,0)) -> 0.5 | WI5: =IF(SUM(WB5:WH5)=$K$82,0.5,IF(SUM(WB5:WH5)>$K$82,1,0)) -> 0 | WK5: =IF(B$68=B5,0.5,IF(B$68>B5,1,0)) -> 0 | WL5: =IF(C$68=C5,0.5,IF(C$68>C5,1,0)) -> 0 | WM5: =IF(D$68=D5,0.5,IF(D$68>D5,1,0)) -> 0 | WN5: =IF(E$68=E5,0.5,IF(E$68>E5,1,0)) -> 0 | WO5: =IF(F$68=F5,0.5,IF(F$68>F5,1,0)) -> 0.5 | WP5: =IF(G$68=G5,0.5,IF(G$68>G5,1,0)) -> 0.5 | WQ5: =IF(H$68=H5,0.5,IF(H$68>H5,1,0)) -> 0.5 | WR5: =IF(SUM(WK5:WQ5)=$K$82,0.5,IF(SUM(WK5:WQ5)>$K$82,1,0)) -> 0 | WT5: =IF(B$69=B5,0.5,IF(B$69>B5,1,0)) -> 0 | WU5: =IF(C$69=C5,0.5,IF(C$69>C5,1,0)) -> 0 | WV5: =IF(D$69=D5,0.5,IF(D$69>D5,1,0)) -> 0 | WW5: =IF(E$69=E5,0.5,IF(E$69>E5,1,0)) -> 0 | WX5: =IF(F$69=F5,0.5,IF(F$69>F5,1,0)) -> 0.5 | WY5: =IF(G$69=G5,0.5,IF(G$69>G5,1,0)) -> 0.5 | WZ5: =IF(H$69=H5,0.5,IF(H$69>H5,1,0)) -> 0.5 | XA5: =IF(SUM(WT5:WZ5)=$K$82,0.5,IF(SUM(WT5:WZ5)>$K$82,1,0)) -> 0 | XC5: =IF(B$70=B5,0.5,IF(B$70>B5,1,0)) -> 0 | XD5: =IF(C$70=C5,0.5,IF(C$70>C5,1,0)) -> 0 | XE5: =IF(D$70=D5,0.5,IF(D$70>D5,1,0)) -> 0 | XF5: =IF(E$70=E5,0.5,IF(E$70>E5,1,0)) -> 0 | XG5: =IF(F$70=F5,0.5,IF(F$70>F5,1,0)) -> 0.5 | XH5: =IF(G$70=G5,0.5,IF(G$70>G5,1,0)) -> 0.5 | XI5: =IF(H$70=H5,0.5,IF(H$70>H5,1,0)) -> 0.5 | XJ5: =IF(SUM(XC5:XI5)=$K$82,0.5,IF(SUM(XC5:XI5)>$K$82,1,0)) -> 0 | XL5: =IF(B$71=B5,0.5,IF(B$71>B5,1,0)) -> 0 | XM5: =IF(C$71=C5,0.5,IF(C$71>C5,1,0)) -> 0 | XN5: =IF(D$71=D5,0.5,IF(D$71>D5,1,0)) -> 0 | XO5: =IF(E$71=E5,0.5,IF(E$71>E5,1,0)) -> 0 | XP5: =IF(F$71=F5,0.5,IF(F$71>F5,1,0)) -> 0.5 | XQ5: =IF(G$71=G5,0.5,IF(G$71>G5,1,0)) -> 0.5 | XR5: =IF(H$71=H5,0.5,IF(H$71>H5,1,0)) -> 0.5 | XS5: =IF(SUM(XL5:XR5)=$K$82,0.5,IF(SUM(XL5:XR5)>$K$82,1,0)) -> 0 | XU5: =IF(B$72=B5,0.5,IF(B$72>B5,1,0)) -> 0 | XV5: =IF(C$72=C5,0.5,IF(C$72>C5,1,0)) -> 0 | XW5: =IF(D$72=D5,0.5,IF(D$72>D5,1,0)) -> 0 | XX5: =IF(E$72=E5,0.5,IF(E$72>E5,1,0)) -> 0 | XY5: =IF(F$72=F5,0.5,IF(F$72>F5,1,0)) -> 0.5 | XZ5: =IF(G$72=G5,0.5,IF(G$72>G5,1,0)) -> 0.5 | YA5: =IF(H$72=H5,0.5,IF(H$72>H5,1,0)) -> 0.5 | YB5: =IF(SUM(XU5:YA5)=$K$82,0.5,IF(SUM(XU5:YA5)>$K$82,1,0)) -> 0 | YD5: =IF(B$73=B5,0.5,IF(B$73>B5,1,0)) -> 0 | YE5: =IF(C$73=C5,0.5,IF(C$73>C5,1,0)) -> 0 | YF5: =IF(D$73=D5,0.5,IF(D$73>D5,1,0)) -> 0 | YG5: =IF(E$73=E5,0.5,IF(E$73>E5,1,0)) -> 0 | YH5: =IF(F$73=F5,0.5,IF(F$73>F5,1,0)) -> 0.5 | YI5: =IF(G$73=G5,0.5,IF(G$73>G5,1,0)) -> 0.5 | YJ5: =IF(H$73=H5,0.5,IF(H$73>H5,1,0)) -> 0.5 | YK5: =IF(SUM(YD5:YJ5)=$K$82,0.5,IF(SUM(YD5:YJ5)>$K$82,1,0)) -> 0 | YM5: =IF(B$74=B5,0.5,IF(B$74>B5,1,0)) -> 0 | YN5: =IF(C$74=C5,0.5,IF(C$74>C5,1,0)) -> 0 | YO5: =IF(D$74=D5,0.5,IF(D$74>D5,1,0)) -> 0 | YP5: =IF(E$74=E5,0.5,IF(E$74>E5,1,0)) -> 0 | YQ5: =IF(F$74=F5,0.5,IF(F$74>F5,1,0)) -> 0.5 | YR5: =IF(G$74=G5,0.5,IF(G$74>G5,1,0)) -> 0.5 | YS5: =IF(H$74=H5,0.5,IF(H$74>H5,1,0)) -> 0.5 | YT5: =IF(SUM(YM5:YS5)=$K$82,0.5,IF(SUM(YM5:YS5)>$K$82,1,0)) -> 0 | YV5: =IF(B$75=B5,0.5,IF(B$75>B5,1,0)) -> 0 | YW5: =IF(C$75=C5,0.5,IF(C$75>C5,1,0)) -> 0 | YX5: =IF(D$75=D5,0.5,IF(D$75>D5,1,0)) -> 0 | YY5: =IF(E$75=E5,0.5,IF(E$75>E5,1,0)) -> 0 | YZ5: =IF(F$75=F5,0.5,IF(F$75>F5,1,0)) -> 0.5 | ZA5: =IF(G$75=G5,0.5,IF(G$75>G5,1,0)) -> 0.5 | ZB5: =IF(H$75=H5,0.5,IF(H$75>H5,1,0)) -> 0.5 | ZC5: =IF(SUM(YV5:ZB5)=$K$82,0.5,IF(SUM(YV5:ZB5)>$K$82,1,0)) -> 0 | ZE5: =IF(B$76=B5,0.5,IF(B$76>B5,1,0)) -> 0 | ZF5: =IF(C$76=C5,0.5,IF(C$76>C5,1,0)) -> 0 | ZG5: =IF(D$76=D5,0.5,IF(D$76>D5,1,0)) -> 0 | ZH5: =IF(E$76=E5,0.5,IF(E$76>E5,1,0)) -> 0 | ZI5: =IF(F$76=F5,0.5,IF(F$76>F5,1,0)) -> 0.5 | ZJ5: =IF(G$76=G5,0.5,IF(G$76>G5,1,0)) -> 0.5 | ZK5: =IF(H$76=H5,0.5,IF(H$76>H5,1,0)) -> 0.5 | ZL5: =IF(SUM(ZE5:ZK5)=$K$82,0.5,IF(SUM(ZE5:ZK5)>$K$82,1,0)) -> 0 | ZN5: =IF(B$77=B5,0.5,IF(B$77>B5,1,0)) -> 0 | ZO5: =IF(C$77=C5,0.5,IF(C$77>C5,1,0)) -> 0 | ZP5: =IF(D$77=D5,0.5,IF(D$77>D5,1,0)) -> 0 | ZQ5: =IF(E$77=E5,0.5,IF(E$77>E5,1,0)) -> 0 | ZR5: =IF(F$77=F5,0.5,IF(F$77>F5,1,0)) -> 0.5 | ZS5: =IF(G$77=G5,0.5,IF(G$77>G5,1,0)) -> 0.5 | ZT5: =IF(H$77=H5,0.5,IF(H$77>H5,1,0)) -> 0.5 | ZU5: =IF(SUM(ZN5:ZT5)=$K$82,0.5,IF(SUM(ZN5:ZT5)>$K$82,1,0)) -> 0 | ZW5: =IF(B$78=B5,0.5,IF(B$78>B5,1,0)) -> 0 | ZX5: =IF(C$78=C5,0.5,IF(C$78>C5,1,0)) -> 0 | ZY5: =IF(D$78=D5,0.5,IF(D$78>D5,1,0)) -> 0 | ZZ5: =IF(E$78=E5,0.5,IF(E$78>E5,1,0)) -> 0 | AAA5: =IF(F$78=F5,0.5,IF(F$78>F5,1,0)) -> 0.5 | AAB5: =IF(G$78=G5,0.5,IF(G$78>G5,1,0)) -> 0.5 | AAC5: =IF(H$78=H5,0.5,IF(H$78>H5,1,0)) -> 0.5 | AAD5: =IF(SUM(ZW5:AAC5)=$K$82,0.5,IF(SUM(ZW5:AAC5)>$K$82,1,0)) -> 0 | AAF5: =IF(B$79=B5,0.5,IF(B$79>B5,1,0)) -> 0 | AAG5: =IF(C$79=C5,0.5,IF(C$79>C5,1,0)) -> 0 | AAH5: =IF(D$79=D5,0.5,IF(D$79>D5,1,0)) -> 0 | AAI5: =IF(E$79=E5,0.5,IF(E$79>E5,1,0)) -> 0 | AAJ5: =IF(F$79=F5,0.5,IF(F$79>F5,1,0)) -> 0.5 | AAK5: =IF(G$79=G5,0.5,IF(G$79>G5,1,0)) -> 0.5 | AAL5: =IF(H$79=H5,0.5,IF(H$79>H5,1,0)) -> 0.5 | AAM5: =IF(SUM(AAF5:AAL5)=$K$82,0.5,IF(SUM(AAF5:AAL5)>$K$82,1,0)) -> 0 | AAO5: =IF(B$80=B5,0.5,IF(B$80>B5,1,0)) -> 0 | AAP5: =IF(C$80=C5,0.5,IF(C$80>C5,1,0)) -> 0 | AAQ5: =IF(D$80=D5,0.5,IF(D$80>D5,1,0)) -> 0 | AAR5: =IF(E$80=E5,0.5,IF(E$80>E5,1,0)) -> 0 | AAS5: =IF(F$80=F5,0.5,IF(F$80>F5,1,0)) -> 0.5 | AAT5: =IF(G$80=G5,0.5,IF(G$80>G5,1,0)) -> 0.5 | AAU5: =IF(H$80=H5,0.5,IF(H$80>H5,1,0)) -> 0.5 | AAV5: =IF(SUM(AAO5:AAU5)=$K$82,0.5,IF(SUM(AAO5:AAU5)>$K$82,1,0)) -> 0 | AAX5: =IF(B$81=B5,0.5,IF(B$81>B5,1,0)) -> 0 | AAY5: =IF(C$81=C5,0.5,IF(C$81>C5,1,0)) -> 0 | AAZ5: =IF(D$81=D5,0.5,IF(D$81>D5,1,0)) -> 0 | ABA5: =IF(E$81=E5,0.5,IF(E$81>E5,1,0)) -> 0 | ABB5: =IF(F$81=F5,0.5,IF(F$81>F5,1,0)) -> 0.5 | ABC5: =IF(G$81=G5,0.5,IF(G$81>G5,1,0)) -> 0.5 | ABD5: =IF(H$81=H5,0.5,IF(H$81>H5,1,0)) -> 0.5 | ABE5: =IF(SUM(AAX5:ABD5)=$K$82,0.5,IF(SUM(AAX5:ABD5)>$K$82,1,0)) -> 0 | ABH5: =IF(B5>0,RANK(B5,$B$2:$B$81),"-") -> 4 | ABI5: =IF(C5>0,RANK(C5,$C$2:$C$81),"-") -> 4 | ABJ5: =IF(D5>0,RANK(D5,$D$2:$D$81),"-") -> 3 | ABK5: =IF(E5>0,RANK(E5,$E$2:$E$81),"-") -> 2 | ABL5: =IF(F5>0,RANK(F5,$F$2:$F$81),"-") -> - | ABM5: =IF(G5>0,RANK(G5,$G$2:$G$81),"-") -> - | ABN5: =IF(H5>0,RANK(H5,$H$2:$H$81),"-") -> - | ABP5: =ABH5 -> 4 | ABQ5: =ABI5 -> 4 | ABR5: =ABJ5 -> 3 | ABS5: =ABK5 -> 2 | ABT5: =ABL5 -> - | ABU5: =ABM5 -> - | ABV5: =ABN5 -> - | ABW5: =IF(I5=((79-$L$82)/2),"-",J5) -> 1 | ABX5: =IF(K5<($L$82+1),K5,"-") -> 4 | ABY5: =IF(B5=0,"-",B5) -> 82 | ABZ5: =IF(C5=0,"-",C5) -> 82 | ACA5: =IF(D5=0,"-",D5) -> 89 | ACB5: =IF(E5=0,"-",E5) -> 92 | ACC5: =IF(F5=0,"-",F5) -> - | ACD5: =IF(G5=0,"-",G5) -> - | ACE5: =IF(H5=0,"-",H5) -> - | ACF5: =IF(M5=0,"-",M5) -> 86.25 | ACG5: =RANK(M5,$M$2:$M$81) -> 2
A6: 5 | B6: ='(1) 成績輸入'!D14 -> 80 | C6: ='(1) 成績輸入'!E14 -> 81 | D6: ='(1) 成績輸入'!F14 -> 89 | E6: ='(1) 成績輸入'!G14 -> 90 | F6: ='(1) 成績輸入'!H14 -> 0 | G6: ='(1) 成績輸入'!I14 -> 0 | H6: ='(1) 成績輸入'!J14 -> 0 | I6: =BF82 -> 75 | J6: =I6-$L$83 -> 0 | K6: =RANK(I6,$I$2:$I$81) -> 5 | L6: =IF(SUM(B6:H6)>0,1,0) -> 1 | M6: =SUM(B6:H6)/$B$83 -> 85 | O6: =IF(B$2=B6,0.5,IF(B$2>B6,1,0)) -> 1 | P6: =IF(C$2=C6,0.5,IF(C$2>C6,1,0)) -> 1 | Q6: =IF(D$2=D6,0.5,IF(D$2>D6,1,0)) -> 1 | R6: =IF(E$2=E6,0.5,IF(E$2>E6,1,0)) -> 0 | S6: =IF(F$2=F6,0.5,IF(F$2>F6,1,0)) -> 0.5 | T6: =IF(G$2=G6,0.5,IF(G$2>G6,1,0)) -> 0.5 | U6: =IF(H$2=H6,0.5,IF(H$2>H6,1,0)) -> 0.5 | V6: =IF(SUM(O6:U6)=$K$82,0.5,IF(SUM(O6:U6)>$K$82,1,0)) -> 1 | X6: =IF(B$3=B6,0.5,IF(B$3>B6,1,0)) -> 1 | Y6: =IF(C$3=C6,0.5,IF(C$3>C6,1,0)) -> 1 | Z6: =IF(D$3=D6,0.5,IF(D$3>D6,1,0)) -> 1 | AA6: =IF(E$3=E6,0.5,IF(E$3>E6,1,0)) -> 1 | AB6: =IF(F$3=F6,0.5,IF(F$3>F6,1,0)) -> 0.5 | AC6: =IF(G$3=G6,0.5,IF(G$3>G6,1,0)) -> 0.5 | AD6: =IF(H$3=H6,0.5,IF(H$3>H6,1,0)) -> 0.5 | AE6: =IF(SUM(X6:AD6)=$K$82,0.5,IF(SUM(X6:AD6)>$K$82,1,0)) -> 1 | AG6: =IF(B$4=B6,0.5,IF(B$4>B6,1,0)) -> 1 | AH6: =IF(C$4=C6,0.5,IF(C$4>C6,1,0)) -> 1 | AI6: =IF(D$4=D6,0.5,IF(D$4>D6,1,0)) -> 0.5 | AJ6: =IF(E$4=E6,0.5,IF(E$4>E6,1,0)) -> 0 | AK6: =IF(F$4=F6,0.5,IF(F$4>F6,1,0)) -> 0.5 | AL6: =IF(G$4=G6,0.5,IF(G$4>G6,1,0)) -> 0.5 | AM6: =IF(H$4=H6,0.5,IF(H$4>H6,1,0)) -> 0.5 | AN6: =IF(SUM(AG6:AM6)=$K$82,0.5,IF(SUM(AG6:AM6)>$K$82,1,0)) -> 1 | AP6: =IF(B$5=B6,0.5,IF(B$5>B6,1,0)) -> 1 | AQ6: =IF(C$5=C6,0.5,IF(C$5>C6,1,0)) -> 1 | AR6: =IF(D$5=D6,0.5,IF(D$5>D6,1,0)) -> 0.5 | AS6: =IF(E$5=E6,0.5,IF(E$5>E6,1,0)) -> 1 | AT6: =IF(F$5=F6,0.5,IF(F$5>F6,1,0)) -> 0.5 | AU6: =IF(G$5=G6,0.5,IF(G$5>G6,1,0)) -> 0.5 | AV6: =IF(H$5=H6,0.5,IF(H$5>H6,1,0)) -> 0.5 | AW6: =IF(SUM(AP6:AV6)=$K$82,0.5,IF(SUM(AP6:AV6)>$K$82,1,0)) -> 1 | AY6: =IF(B$6=B6,0.5,IF(B$6>B6,1,0)) -> 0.5 | AZ6: =IF(C$6=C6,0.5,IF(C$6>C6,1,0)) -> 0.5 | BA6: =IF(D$6=D6,0.5,IF(D$6>D6,1,0)) -> 0.5 | BB6: =IF(E$6=E6,0.5,IF(E$6>E6,1,0)) -> 0.5 | BC6: =IF(F$6=F6,0.5,IF(F$6>F6,1,0)) -> 0.5 | BD6: =IF(G$6=G6,0.5,IF(G$6>G6,1,0)) -> 0.5 | BE6: =IF(H$6=H6,0.5,IF(H$6>H6,1,0)) -> 0.5 | BF6: =IF(SUM(AY6:BE6)=$K$82,0.5,IF(SUM(AY6:BE6)>$K$82,1,0)) -> 0.5 | BH6: =IF(B$7=B6,0.5,IF(B$7>B6,1,0)) -> 0 | BI6: =IF(C$7=C6,0.5,IF(C$7>C6,1,0)) -> 0 | BJ6: =IF(D$7=D6,0.5,IF(D$7>D6,1,0)) -> 0 | BK6: =IF(E$7=E6,0.5,IF(E$7>E6,1,0)) -> 0 | BL6: =IF(F$7=F6,0.5,IF(F$7>F6,1,0)) -> 0.5 | BM6: =IF(G$7=G6,0.5,IF(G$7>G6,1,0)) -> 0.5 | BN6: =IF(H$7=H6,0.5,IF(H$7>H6,1,0)) -> 0.5 | BO6: =IF(SUM(BH6:BN6)=$K$82,0.5,IF(SUM(BH6:BN6)>$K$82,1,0)) -> 0 | BQ6: =IF(B$8=B6,0.5,IF(B$8>B6,1,0)) -> 0 | BR6: =IF(C$8=C6,0.5,IF(C$8>C6,1,0)) -> 0 | BS6: =IF(D$8=D6,0.5,IF(D$8>D6,1,0)) -> 0 | BT6: =IF(E$8=E6,0.5,IF(E$8>E6,1,0)) -> 0 | BU6: =IF(F$8=F6,0.5,IF(F$8>F6,1,0)) -> 0.5 | BV6: =IF(G$8=G6,0.5,IF(G$8>G6,1,0)) -> 0.5 | BW6: =IF(H$8=H6,0.5,IF(H$8>H6,1,0)) -> 0.5 | BX6: =IF(SUM(BQ6:BW6)=$K$82,0.5,IF(SUM(BQ6:BW6)>$K$82,1,0)) -> 0 | BZ6: =IF(B$9=B6,0.5,IF(B$9>B6,1,0)) -> 0 | CA6: =IF(C$9=C6,0.5,IF(C$9>C6,1,0)) -> 0 | CB6: =IF(D$9=D6,0.5,IF(D$9>D6,1,0)) -> 0 | CC6: =IF(E$9=E6,0.5,IF(E$9>E6,1,0)) -> 0 | CD6: =IF(F$9=F6,0.5,IF(F$9>F6,1,0)) -> 0.5 | CE6: =IF(G$9=G6,0.5,IF(G$9>G6,1,0)) -> 0.5 | CF6: =IF(H$9=H6,0.5,IF(H$9>H6,1,0)) -> 0.5 | CG6: =IF(SUM(BZ6:CF6)=$K$82,0.5,IF(SUM(BZ6:CF6)>$K$82,1,0)) -> 0 | CI6: =IF(B$10=B6,0.5,IF(B$10>B6,1,0)) -> 0 | CJ6: =IF(C$10=C6,0.5,IF(C$10>C6,1,0)) -> 0 | CK6: =IF(D$10=D6,0.5,IF(D$10>D6,1,0)) -> 0 | CL6: =IF(E$10=E6,0.5,IF(E$10>E6,1,0)) -> 0 | CM6: =IF(F$10=F6,0.5,IF(F$10>F6,1,0)) -> 0.5 | CN6: =IF(G$10=G6,0.5,IF(G$10>G6,1,0)) -> 0.5 | CO6: =IF(H$10=H6,0.5,IF(H$10>H6,1,0)) -> 0.5 | CP6: =IF(SUM(CI6:CO6)=$K$82,0.5,IF(SUM(CI6:CO6)>$K$82,1,0)) -> 0 | CR6: =IF(B$11=B6,0.5,IF(B$11>B6,1,0)) -> 0 | CS6: =IF(C$11=C6,0.5,IF(C$11>C6,1,0)) -> 0 | CT6: =IF(D$11=D6,0.5,IF(D$11>D6,1,0)) -> 0 | CU6: =IF(E$11=E6,0.5,IF(E$11>E6,1,0)) -> 0 | CV6: =IF(F$11=F6,0.5,IF(F$11>F6,1,0)) -> 0.5 | CW6: =IF(G$11=G6,0.5,IF(G$11>G6,1,0)) -> 0.5 | CX6: =IF(H$11=H6,0.5,IF(H$11>H6,1,0)) -> 0.5 | CY6: =IF(SUM(CR6:CX6)=$K$82,0.5,IF(SUM(CR6:CX6)>$K$82,1,0)) -> 0 | DA6: =IF(B$12=B6,0.5,IF(B$12>B6,1,0)) -> 0 | DB6: =IF(C$12=C6,0.5,IF(C$12>C6,1,0)) -> 0 | DC6: =IF(D$12=D6,0.5,IF(D$12>D6,1,0)) -> 0 | DD6: =IF(E$12=E6,0.5,IF(E$12>E6,1,0)) -> 0 | DE6: =IF(F$12=F6,0.5,IF(F$12>F6,1,0)) -> 0.5 | DF6: =IF(G$12=G6,0.5,IF(G$12>G6,1,0)) -> 0.5 | DG6: =IF(H$12=H6,0.5,IF(H$12>H6,1,0)) -> 0.5 | DH6: =IF(SUM(DA6:DG6)=$K$82,0.5,IF(SUM(DA6:DG6)>$K$82,1,0)) -> 0 | DJ6: =IF(B$13=B6,0.5,IF(B$13>B6,1,0)) -> 0 | DK6: =IF(C$13=C6,0.5,IF(C$13>C6,1,0)) -> 0 | DL6: =IF(D$13=D6,0.5,IF(D$13>D6,1,0)) -> 0 | DM6: =IF(E$13=E6,0.5,IF(E$13>E6,1,0)) -> 0 | DN6: =IF(F$13=F6,0.5,IF(F$13>F6,1,0)) -> 0.5 | DO6: =IF(G$13=G6,0.5,IF(G$13>G6,1,0)) -> 0.5 | DP6: =IF(H$13=H6,0.5,IF(H$13>H6,1,0)) -> 0.5 | DQ6: =IF(SUM(DJ6:DP6)=$K$82,0.5,IF(SUM(DJ6:DP6)>$K$82,1,0)) -> 0 | DS6: =IF(B$14=B6,0.5,IF(B$14>B6,1,0)) -> 0 | DT6: =IF(C$14=C6,0.5,IF(C$14>C6,1,0)) -> 0 | DU6: =IF(D$14=D6,0.5,IF(D$14>D6,1,0)) -> 0 | DV6: =IF(E$14=E6,0.5,IF(E$14>E6,1,0)) -> 0 | DW6: =IF(F$14=F6,0.5,IF(F$14>F6,1,0)) -> 0.5 | DX6: =IF(G$14=G6,0.5,IF(G$14>G6,1,0)) -> 0.5 | DY6: =IF(H$14=H6,0.5,IF(H$14>H6,1,0)) -> 0.5 | DZ6: =IF(SUM(DS6:DY6)=$K$82,0.5,IF(SUM(DS6:DY6)>$K$82,1,0)) -> 0 | EB6: =IF(B$15=B6,0.5,IF(B$15>B6,1,0)) -> 0 | EC6: =IF(C$15=C6,0.5,IF(C$15>C6,1,0)) -> 0 | ED6: =IF(D$15=D6,0.5,IF(D$15>D6,1,0)) -> 0 | EE6: =IF(E$15=E6,0.5,IF(E$15>E6,1,0)) -> 0 | EF6: =IF(F$15=F6,0.5,IF(F$15>F6,1,0)) -> 0.5 | EG6: =IF(G$15=G6,0.5,IF(G$15>G6,1,0)) -> 0.5 | EH6: =IF(H$15=H6,0.5,IF(H$15>H6,1,0)) -> 0.5 | EI6: =IF(SUM(EB6:EH6)=$K$82,0.5,IF(SUM(EB6:EH6)>$K$82,1,0)) -> 0 | EK6: =IF(B$16=B6,0.5,IF(B$16>B6,1,0)) -> 0 | EL6: =IF(C$16=C6,0.5,IF(C$16>C6,1,0)) -> 0 | EM6: =IF(D$16=D6,0.5,IF(D$16>D6,1,0)) -> 0 | EN6: =IF(E$16=E6,0.5,IF(E$16>E6,1,0)) -> 0 | EO6: =IF(F$16=F6,0.5,IF(F$16>F6,1,0)) -> 0.5 | EP6: =IF(G$16=G6,0.5,IF(G$16>G6,1,0)) -> 0.5 | EQ6: =IF(H$16=H6,0.5,IF(H$16>H6,1,0)) -> 0.5 | ER6: =IF(SUM(EK6:EQ6)=$K$82,0.5,IF(SUM(EK6:EQ6)>$K$82,1,0)) -> 0 | ET6: =IF(B$17=B6,0.5,IF(B$17>B6,1,0)) -> 0 | EU6: =IF(C$17=C6,0.5,IF(C$17>C6,1,0)) -> 0 | EV6: =IF(D$17=D6,0.5,IF(D$17>D6,1,0)) -> 0 | EW6: =IF(E$17=E6,0.5,IF(E$17>E6,1,0)) -> 0 | EX6: =IF(F$17=F6,0.5,IF(F$17>F6,1,0)) -> 0.5 | EY6: =IF(G$17=G6,0.5,IF(G$17>G6,1,0)) -> 0.5 | EZ6: =IF(H$17=H6,0.5,IF(H$17>H6,1,0)) -> 0.5 | FA6: =IF(SUM(ET6:EZ6)=$K$82,0.5,IF(SUM(ET6:EZ6)>$K$82,1,0)) -> 0 | FC6: =IF(B$18=B6,0.5,IF(B$18>B6,1,0)) -> 0 | FD6: =IF(C$18=C6,0.5,IF(C$18>C6,1,0)) -> 0 | FE6: =IF(D$18=D6,0.5,IF(D$18>D6,1,0)) -> 0 | FF6: =IF(E$18=E6,0.5,IF(E$18>E6,1,0)) -> 0 | FG6: =IF(F$18=F6,0.5,IF(F$18>F6,1,0)) -> 0.5 | FH6: =IF(G$18=G6,0.5,IF(G$18>G6,1,0)) -> 0.5 | FI6: =IF(H$18=H6,0.5,IF(H$18>H6,1,0)) -> 0.5 | FJ6: =IF(SUM(FC6:FI6)=$K$82,0.5,IF(SUM(FC6:FI6)>$K$82,1,0)) -> 0 | FL6: =IF(B$19=B6,0.5,IF(B$19>B6,1,0)) -> 0 | FM6: =IF(C$19=C6,0.5,IF(C$19>C6,1,0)) -> 0 | FN6: =IF(D$19=D6,0.5,IF(D$19>D6,1,0)) -> 0 | FO6: =IF(E$19=E6,0.5,IF(E$19>E6,1,0)) -> 0 | FP6: =IF(F$19=F6,0.5,IF(F$19>F6,1,0)) -> 0.5 | FQ6: =IF(G$19=G6,0.5,IF(G$19>G6,1,0)) -> 0.5 | FR6: =IF(H$19=H6,0.5,IF(H$19>H6,1,0)) -> 0.5 | FS6: =IF(SUM(FL6:FR6)=$K$82,0.5,IF(SUM(FL6:FR6)>$K$82,1,0)) -> 0 | FU6: =IF(B$20=B6,0.5,IF(B$20>B6,1,0)) -> 0 | FV6: =IF(C$20=C6,0.5,IF(C$20>C6,1,0)) -> 0 | FW6: =IF(D$20=D6,0.5,IF(D$20>D6,1,0)) -> 0 | FX6: =IF(E$20=E6,0.5,IF(E$20>E6,1,0)) -> 0 | FY6: =IF(F$20=F6,0.5,IF(F$20>F6,1,0)) -> 0.5 | FZ6: =IF(G$20=G6,0.5,IF(G$20>G6,1,0)) -> 0.5 | GA6: =IF(H$20=H6,0.5,IF(H$20>H6,1,0)) -> 0.5 | GB6: =IF(SUM(FU6:GA6)=$K$82,0.5,IF(SUM(FU6:GA6)>$K$82,1,0)) -> 0 | GD6: =IF(B$21=B6,0.5,IF(B$21>B6,1,0)) -> 0 | GE6: =IF(C$21=C6,0.5,IF(C$21>C6,1,0)) -> 0 | GF6: =IF(D$21=D6,0.5,IF(D$21>D6,1,0)) -> 0 | GG6: =IF(E$21=E6,0.5,IF(E$21>E6,1,0)) -> 0 | GH6: =IF(F$21=F6,0.5,IF(F$21>F6,1,0)) -> 0.5 | GI6: =IF(G$21=G6,0.5,IF(G$21>G6,1,0)) -> 0.5 | GJ6: =IF(H$21=H6,0.5,IF(H$21>H6,1,0)) -> 0.5 | GK6: =IF(SUM(GD6:GJ6)=$K$82,0.5,IF(SUM(GD6:GJ6)>$K$82,1,0)) -> 0 | GM6: =IF(B$22=B6,0.5,IF(B$22>B6,1,0)) -> 0 | GN6: =IF(C$22=C6,0.5,IF(C$22>C6,1,0)) -> 0 | GO6: =IF(D$22=D6,0.5,IF(D$22>D6,1,0)) -> 0 | GP6: =IF(E$22=E6,0.5,IF(E$22>E6,1,0)) -> 0 | GQ6: =IF(F$22=F6,0.5,IF(F$22>F6,1,0)) -> 0.5 | GR6: =IF(G$22=G6,0.5,IF(G$22>G6,1,0)) -> 0.5 | GS6: =IF(H$22=H6,0.5,IF(H$22>H6,1,0)) -> 0.5 | GT6: =IF(SUM(GM6:GS6)=$K$82,0.5,IF(SUM(GM6:GS6)>$K$82,1,0)) -> 0 | GV6: =IF(B$23=B6,0.5,IF(B$23>B6,1,0)) -> 0 | GW6: =IF(C$23=C6,0.5,IF(C$23>C6,1,0)) -> 0 | GX6: =IF(D$23=D6,0.5,IF(D$23>D6,1,0)) -> 0 | GY6: =IF(E$23=E6,0.5,IF(E$23>E6,1,0)) -> 0 | GZ6: =IF(F$23=F6,0.5,IF(F$23>F6,1,0)) -> 0.5 | HA6: =IF(G$23=G6,0.5,IF(G$23>G6,1,0)) -> 0.5 | HB6: =IF(H$23=H6,0.5,IF(H$23>H6,1,0)) -> 0.5 | HC6: =IF(SUM(GV6:HB6)=$K$82,0.5,IF(SUM(GV6:HB6)>$K$82,1,0)) -> 0 | HE6: =IF(B$24=B6,0.5,IF(B$24>B6,1,0)) -> 0 | HF6: =IF(C$24=C6,0.5,IF(C$24>C6,1,0)) -> 0 | HG6: =IF(D$24=D6,0.5,IF(D$24>D6,1,0)) -> 0 | HH6: =IF(E$24=E6,0.5,IF(E$24>E6,1,0)) -> 0 | HI6: =IF(F$24=F6,0.5,IF(F$24>F6,1,0)) -> 0.5 | HJ6: =IF(G$24=G6,0.5,IF(G$24>G6,1,0)) -> 0.5 | HK6: =IF(H$24=H6,0.5,IF(H$24>H6,1,0)) -> 0.5 | HL6: =IF(SUM(HE6:HK6)=$K$82,0.5,IF(SUM(HE6:HK6)>$K$82,1,0)) -> 0 | HN6: =IF(B$25=B6,0.5,IF(B$25>B6,1,0)) -> 0 | HO6: =IF(C$25=C6,0.5,IF(C$25>C6,1,0)) -> 0 | HP6: =IF(D$25=D6,0.5,IF(D$25>D6,1,0)) -> 0 | HQ6: =IF(E$25=E6,0.5,IF(E$25>E6,1,0)) -> 0 | HR6: =IF(F$25=F6,0.5,IF(F$25>F6,1,0)) -> 0.5 | HS6: =IF(G$25=G6,0.5,IF(G$25>G6,1,0)) -> 0.5 | HT6: =IF(H$25=H6,0.5,IF(H$25>H6,1,0)) -> 0.5 | HU6: =IF(SUM(HN6:HT6)=$K$82,0.5,IF(SUM(HN6:HT6)>$K$82,1,0)) -> 0 | HW6: =IF(B$26=B6,0.5,IF(B$26>B6,1,0)) -> 0 | HX6: =IF(C$26=C6,0.5,IF(C$26>C6,1,0)) -> 0 | HY6: =IF(D$26=D6,0.5,IF(D$26>D6,1,0)) -> 0 | HZ6: =IF(E$26=E6,0.5,IF(E$26>E6,1,0)) -> 0 | IA6: =IF(F$26=F6,0.5,IF(F$26>F6,1,0)) -> 0.5 | IB6: =IF(G$26=G6,0.5,IF(G$26>G6,1,0)) -> 0.5 | IC6: =IF(H$26=H6,0.5,IF(H$26>H6,1,0)) -> 0.5 | ID6: =IF(SUM(HW6:IC6)=$K$82,0.5,IF(SUM(HW6:IC6)>$K$82,1,0)) -> 0 | IF6: =IF(B$27=B6,0.5,IF(B$27>B6,1,0)) -> 0 | IG6: =IF(C$27=C6,0.5,IF(C$27>C6,1,0)) -> 0 | IH6: =IF(D$27=D6,0.5,IF(D$27>D6,1,0)) -> 0 | II6: =IF(E$27=E6,0.5,IF(E$27>E6,1,0)) -> 0 | IJ6: =IF(F$27=F6,0.5,IF(F$27>F6,1,0)) -> 0.5 | IK6: =IF(G$27=G6,0.5,IF(G$27>G6,1,0)) -> 0.5 | IL6: =IF(H$27=H6,0.5,IF(H$27>H6,1,0)) -> 0.5 | IM6: =IF(SUM(IF6:IL6)=$K$82,0.5,IF(SUM(IF6:IL6)>$K$82,1,0)) -> 0 | IO6: =IF(B$28=B6,0.5,IF(B$28>B6,1,0)) -> 0 | IP6: =IF(C$28=C6,0.5,IF(C$28>C6,1,0)) -> 0 | IQ6: =IF(D$28=D6,0.5,IF(D$28>D6,1,0)) -> 0 | IR6: =IF(E$28=E6,0.5,IF(E$28>E6,1,0)) -> 0 | IS6: =IF(F$28=F6,0.5,IF(F$28>F6,1,0)) -> 0.5 | IT6: =IF(G$28=G6,0.5,IF(G$28>G6,1,0)) -> 0.5 | IU6: =IF(H$28=H6,0.5,IF(H$28>H6,1,0)) -> 0.5 | IV6: =IF(SUM(IO6:IU6)=$K$82,0.5,IF(SUM(IO6:IU6)>$K$82,1,0)) -> 0 | IX6: =IF(B$29=B6,0.5,IF(B$29>B6,1,0)) -> 0 | IY6: =IF(C$29=C6,0.5,IF(C$29>C6,1,0)) -> 0 | IZ6: =IF(D$29=D6,0.5,IF(D$29>D6,1,0)) -> 0 | JA6: =IF(E$29=E6,0.5,IF(E$29>E6,1,0)) -> 0 | JB6: =IF(F$29=F6,0.5,IF(F$29>F6,1,0)) -> 0.5 | JC6: =IF(G$29=G6,0.5,IF(G$29>G6,1,0)) -> 0.5 | JD6: =IF(H$29=H6,0.5,IF(H$29>H6,1,0)) -> 0.5 | JE6: =IF(SUM(IX6:JD6)=$K$82,0.5,IF(SUM(IX6:JD6)>$K$82,1,0)) -> 0 | JG6: =IF(B$30=B6,0.5,IF(B$30>B6,1,0)) -> 0 | JH6: =IF(C$30=C6,0.5,IF(C$30>C6,1,0)) -> 0 | JI6: =IF(D$30=D6,0.5,IF(D$30>D6,1,0)) -> 0 | JJ6: =IF(E$30=E6,0.5,IF(E$30>E6,1,0)) -> 0 | JK6: =IF(F$30=F6,0.5,IF(F$30>F6,1,0)) -> 0.5 | JL6: =IF(G$30=G6,0.5,IF(G$30>G6,1,0)) -> 0.5 | JM6: =IF(H$30=H6,0.5,IF(H$30>H6,1,0)) -> 0.5 | JN6: =IF(SUM(JG6:JM6)=$K$82,0.5,IF(SUM(JG6:JM6)>$K$82,1,0)) -> 0 | JP6: =IF(B$31=B6,0.5,IF(B$31>B6,1,0)) -> 0 | JQ6: =IF(C$31=C6,0.5,IF(C$31>C6,1,0)) -> 0 | JR6: =IF(D$31=D6,0.5,IF(D$31>D6,1,0)) -> 0 | JS6: =IF(E$31=E6,0.5,IF(E$31>E6,1,0)) -> 0 | JT6: =IF(F$31=F6,0.5,IF(F$31>F6,1,0)) -> 0.5 | JU6: =IF(G$31=G6,0.5,IF(G$31>G6,1,0)) -> 0.5 | JV6: =IF(H$31=H6,0.5,IF(H$31>H6,1,0)) -> 0.5 | JW6: =IF(SUM(JP6:JV6)=$K$82,0.5,IF(SUM(JP6:JV6)>$K$82,1,0)) -> 0 | JY6: =IF(B$32=B6,0.5,IF(B$32>B6,1,0)) -> 0 | JZ6: =IF(C$32=C6,0.5,IF(C$32>C6,1,0)) -> 0 | KA6: =IF(D$32=D6,0.5,IF(D$32>D6,1,0)) -> 0 | KB6: =IF(E$32=E6,0.5,IF(E$32>E6,1,0)) -> 0 | KC6: =IF(F$32=F6,0.5,IF(F$32>F6,1,0)) -> 0.5 | KD6: =IF(G$32=G6,0.5,IF(G$32>G6,1,0)) -> 0.5 | KE6: =IF(H$32=H6,0.5,IF(H$32>H6,1,0)) -> 0.5 | KF6: =IF(SUM(JY6:KE6)=$K$82,0.5,IF(SUM(JY6:KE6)>$K$82,1,0)) -> 0 | KH6: =IF(B$33=B6,0.5,IF(B$33>B6,1,0)) -> 0 | KI6: =IF(C$33=C6,0.5,IF(C$33>C6,1,0)) -> 0 | KJ6: =IF(D$33=D6,0.5,IF(D$33>D6,1,0)) -> 0 | KK6: =IF(E$33=E6,0.5,IF(E$33>E6,1,0)) -> 0 | KL6: =IF(F$33=F6,0.5,IF(F$33>F6,1,0)) -> 0.5 | KM6: =IF(G$33=G6,0.5,IF(G$33>G6,1,0)) -> 0.5 | KN6: =IF(H$33=H6,0.5,IF(H$33>H6,1,0)) -> 0.5 | KO6: =IF(SUM(KH6:KN6)=$K$82,0.5,IF(SUM(KH6:KN6)>$K$82,1,0)) -> 0 | KQ6: =IF(B$34=B6,0.5,IF(B$34>B6,1,0)) -> 0 | KR6: =IF(C$34=C6,0.5,IF(C$34>C6,1,0)) -> 0 | KS6: =IF(D$34=D6,0.5,IF(D$34>D6,1,0)) -> 0 | KT6: =IF(E$34=E6,0.5,IF(E$34>E6,1,0)) -> 0 | KU6: =IF(F$34=F6,0.5,IF(F$34>F6,1,0)) -> 0.5 | KV6: =IF(G$34=G6,0.5,IF(G$34>G6,1,0)) -> 0.5 | KW6: =IF(H$34=H6,0.5,IF(H$34>H6,1,0)) -> 0.5 | KX6: =IF(SUM(KQ6:KW6)=$K$82,0.5,IF(SUM(KQ6:KW6)>$K$82,1,0)) -> 0 | KZ6: =IF(B$35=B6,0.5,IF(B$35>B6,1,0)) -> 0 | LA6: =IF(C$35=C6,0.5,IF(C$35>C6,1,0)) -> 0 | LB6: =IF(D$35=D6,0.5,IF(D$35>D6,1,0)) -> 0 | LC6: =IF(E$35=E6,0.5,IF(E$35>E6,1,0)) -> 0 | LD6: =IF(F$35=F6,0.5,IF(F$35>F6,1,0)) -> 0.5 | LE6: =IF(G$35=G6,0.5,IF(G$35>G6,1,0)) -> 0.5 | LF6: =IF(H$35=H6,0.5,IF(H$35>H6,1,0)) -> 0.5 | LG6: =IF(SUM(KZ6:LF6)=$K$82,0.5,IF(SUM(KZ6:LF6)>$K$82,1,0)) -> 0 | LI6: =IF(B$36=B6,0.5,IF(B$36>B6,1,0)) -> 0 | LJ6: =IF(C$36=C6,0.5,IF(C$36>C6,1,0)) -> 0 | LK6: =IF(D$36=D6,0.5,IF(D$36>D6,1,0)) -> 0 | LL6: =IF(E$36=E6,0.5,IF(E$36>E6,1,0)) -> 0 | LM6: =IF(F$36=F6,0.5,IF(F$36>F6,1,0)) -> 0.5 | LN6: =IF(G$36=G6,0.5,IF(G$36>G6,1,0)) -> 0.5 | LO6: =IF(H$36=H6,0.5,IF(H$36>H6,1,0)) -> 0.5 | LP6: =IF(SUM(LI6:LO6)=$K$82,0.5,IF(SUM(LI6:LO6)>$K$82,1,0)) -> 0 | LR6: =IF(B$37=B6,0.5,IF(B$37>B6,1,0)) -> 0 | LS6: =IF(C$37=C6,0.5,IF(C$37>C6,1,0)) -> 0 | LT6: =IF(D$37=D6,0.5,IF(D$37>D6,1,0)) -> 0 | LU6: =IF(E$37=E6,0.5,IF(E$37>E6,1,0)) -> 0 | LV6: =IF(F$37=F6,0.5,IF(F$37>F6,1,0)) -> 0.5 | LW6: =IF(G$37=G6,0.5,IF(G$37>G6,1,0)) -> 0.5 | LX6: =IF(H$37=H6,0.5,IF(H$37>H6,1,0)) -> 0.5 | LY6: =IF(SUM(LR6:LX6)=$K$82,0.5,IF(SUM(LR6:LX6)>$K$82,1,0)) -> 0 | MA6: =IF(B$38=B6,0.5,IF(B$38>B6,1,0)) -> 0 | MB6: =IF(C$38=C6,0.5,IF(C$38>C6,1,0)) -> 0 | MC6: =IF(D$38=D6,0.5,IF(D$38>D6,1,0)) -> 0 | MD6: =IF(E$38=E6,0.5,IF(E$38>E6,1,0)) -> 0 | ME6: =IF(F$38=F6,0.5,IF(F$38>F6,1,0)) -> 0.5 | MF6: =IF(G$38=G6,0.5,IF(G$38>G6,1,0)) -> 0.5 | MG6: =IF(H$38=H6,0.5,IF(H$38>H6,1,0)) -> 0.5 | MH6: =IF(SUM(MA6:MG6)=$K$82,0.5,IF(SUM(MA6:MG6)>$K$82,1,0)) -> 0 | MJ6: =IF(B$39=B6,0.5,IF(B$39>B6,1,0)) -> 0 | MK6: =IF(C$39=C6,0.5,IF(C$39>C6,1,0)) -> 0 | ML6: =IF(D$39=D6,0.5,IF(D$39>D6,1,0)) -> 0 | MM6: =IF(E$39=E6,0.5,IF(E$39>E6,1,0)) -> 0 | MN6: =IF(F$39=F6,0.5,IF(F$39>F6,1,0)) -> 0.5 | MO6: =IF(G$39=G6,0.5,IF(G$39>G6,1,0)) -> 0.5 | MP6: =IF(H$39=H6,0.5,IF(H$39>H6,1,0)) -> 0.5 | MQ6: =IF(SUM(MJ6:MP6)=$K$82,0.5,IF(SUM(MJ6:MP6)>$K$82,1,0)) -> 0 | MS6: =IF(B$40=B6,0.5,IF(B$40>B6,1,0)) -> 0 | MT6: =IF(C$40=C6,0.5,IF(C$40>C6,1,0)) -> 0 | MU6: =IF(D$40=D6,0.5,IF(D$40>D6,1,0)) -> 0 | MV6: =IF(E$40=E6,0.5,IF(E$40>E6,1,0)) -> 0 | MW6: =IF(F$40=F6,0.5,IF(F$40>F6,1,0)) -> 0.5 | MX6: =IF(G$40=G6,0.5,IF(G$40>G6,1,0)) -> 0.5 | MY6: =IF(H$40=H6,0.5,IF(H$40>H6,1,0)) -> 0.5 | MZ6: =IF(SUM(MS6:MY6)=$K$82,0.5,IF(SUM(MS6:MY6)>$K$82,1,0)) -> 0 | NB6: =IF(B$41=B6,0.5,IF(B$41>B6,1,0)) -> 0 | NC6: =IF(C$41=C6,0.5,IF(C$41>C6,1,0)) -> 0 | ND6: =IF(D$41=D6,0.5,IF(D$41>D6,1,0)) -> 0 | NE6: =IF(E$41=E6,0.5,IF(E$41>E6,1,0)) -> 0 | NF6: =IF(F$41=F6,0.5,IF(F$41>F6,1,0)) -> 0.5 | NG6: =IF(G$41=G6,0.5,IF(G$41>G6,1,0)) -> 0.5 | NH6: =IF(H$41=H6,0.5,IF(H$41>H6,1,0)) -> 0.5 | NI6: =IF(SUM(NB6:NH6)=$K$82,0.5,IF(SUM(NB6:NH6)>$K$82,1,0)) -> 0 | NK6: =IF(B$42=B6,0.5,IF(B$42>B6,1,0)) -> 0 | NL6: =IF(C$42=C6,0.5,IF(C$42>C6,1,0)) -> 0 | NM6: =IF(D$42=D6,0.5,IF(D$42>D6,1,0)) -> 0 | NN6: =IF(E$42=E6,0.5,IF(E$42>E6,1,0)) -> 0 | NO6: =IF(F$42=F6,0.5,IF(F$42>F6,1,0)) -> 0.5 | NP6: =IF(G$42=G6,0.5,IF(G$42>G6,1,0)) -> 0.5 | NQ6: =IF(H$42=H6,0.5,IF(H$42>H6,1,0)) -> 0.5 | NR6: =IF(SUM(NK6:NQ6)=$K$82,0.5,IF(SUM(NK6:NQ6)>$K$82,1,0)) -> 0 | NT6: =IF(B$43=B6,0.5,IF(B$43>B6,1,0)) -> 0 | NU6: =IF(C$43=C6,0.5,IF(C$43>C6,1,0)) -> 0 | NV6: =IF(D$43=D6,0.5,IF(D$43>D6,1,0)) -> 0 | NW6: =IF(E$43=E6,0.5,IF(E$43>E6,1,0)) -> 0 | NX6: =IF(F$43=F6,0.5,IF(F$43>F6,1,0)) -> 0.5 | NY6: =IF(G$43=G6,0.5,IF(G$43>G6,1,0)) -> 0.5 | NZ6: =IF(H$43=H6,0.5,IF(H$43>H6,1,0)) -> 0.5 | OA6: =IF(SUM(NT6:NZ6)=$K$82,0.5,IF(SUM(NT6:NZ6)>$K$82,1,0)) -> 0 | OC6: =IF(B$44=B6,0.5,IF(B$44>B6,1,0)) -> 0 | OD6: =IF(C$44=C6,0.5,IF(C$44>C6,1,0)) -> 0 | OE6: =IF(D$44=D6,0.5,IF(D$44>D6,1,0)) -> 0 | OF6: =IF(E$44=E6,0.5,IF(E$44>E6,1,0)) -> 0 | OG6: =IF(F$44=F6,0.5,IF(F$44>F6,1,0)) -> 0.5 | OH6: =IF(G$44=G6,0.5,IF(G$44>G6,1,0)) -> 0.5 | OI6: =IF(H$44=H6,0.5,IF(H$44>H6,1,0)) -> 0.5 | OJ6: =IF(SUM(OC6:OI6)=$K$82,0.5,IF(SUM(OC6:OI6)>$K$82,1,0)) -> 0 | OL6: =IF(B$45=B6,0.5,IF(B$45>B6,1,0)) -> 0 | OM6: =IF(C$45=C6,0.5,IF(C$45>C6,1,0)) -> 0 | ON6: =IF(D$45=D6,0.5,IF(D$45>D6,1,0)) -> 0 | OO6: =IF(E$45=E6,0.5,IF(E$45>E6,1,0)) -> 0 | OP6: =IF(F$45=F6,0.5,IF(F$45>F6,1,0)) -> 0.5 | OQ6: =IF(G$45=G6,0.5,IF(G$45>G6,1,0)) -> 0.5 | OR6: =IF(H$45=H6,0.5,IF(H$45>H6,1,0)) -> 0.5 | OS6: =IF(SUM(OL6:OR6)=$K$82,0.5,IF(SUM(OL6:OR6)>$K$82,1,0)) -> 0 | OU6: =IF(B$46=B6,0.5,IF(B$46>B6,1,0)) -> 0 | OV6: =IF(C$46=C6,0.5,IF(C$46>C6,1,0)) -> 0 | OW6: =IF(D$46=D6,0.5,IF(D$46>D6,1,0)) -> 0 | OX6: =IF(E$46=E6,0.5,IF(E$46>E6,1,0)) -> 0 | OY6: =IF(F$46=F6,0.5,IF(F$46>F6,1,0)) -> 0.5 | OZ6: =IF(G$46=G6,0.5,IF(G$46>G6,1,0)) -> 0.5 | PA6: =IF(H$46=H6,0.5,IF(H$46>H6,1,0)) -> 0.5 | PB6: =IF(SUM(OU6:PA6)=$K$82,0.5,IF(SUM(OU6:PA6)>$K$82,1,0)) -> 0 | PD6: =IF(B$47=B6,0.5,IF(B$47>B6,1,0)) -> 0 | PE6: =IF(C$47=C6,0.5,IF(C$47>C6,1,0)) -> 0 | PF6: =IF(D$47=D6,0.5,IF(D$47>D6,1,0)) -> 0 | PG6: =IF(E$47=E6,0.5,IF(E$47>E6,1,0)) -> 0 | PH6: =IF(F$47=F6,0.5,IF(F$47>F6,1,0)) -> 0.5 | PI6: =IF(G$47=G6,0.5,IF(G$47>G6,1,0)) -> 0.5 | PJ6: =IF(H$47=H6,0.5,IF(H$47>H6,1,0)) -> 0.5 | PK6: =IF(SUM(PD6:PJ6)=$K$82,0.5,IF(SUM(PD6:PJ6)>$K$82,1,0)) -> 0 | PM6: =IF(B$48=B6,0.5,IF(B$48>B6,1,0)) -> 0 | PN6: =IF(C$48=C6,0.5,IF(C$48>C6,1,0)) -> 0 | PO6: =IF(D$48=D6,0.5,IF(D$48>D6,1,0)) -> 0 | PP6: =IF(E$48=E6,0.5,IF(E$48>E6,1,0)) -> 0 | PQ6: =IF(F$48=F6,0.5,IF(F$48>F6,1,0)) -> 0.5 | PR6: =IF(G$48=G6,0.5,IF(G$48>G6,1,0)) -> 0.5 | PS6: =IF(H$48=H6,0.5,IF(H$48>H6,1,0)) -> 0.5 | PT6: =IF(SUM(PM6:PS6)=$K$82,0.5,IF(SUM(PM6:PS6)>$K$82,1,0)) -> 0 | PV6: =IF(B$49=B6,0.5,IF(B$49>B6,1,0)) -> 0 | PW6: =IF(C$49=C6,0.5,IF(C$49>C6,1,0)) -> 0 | PX6: =IF(D$49=D6,0.5,IF(D$49>D6,1,0)) -> 0 | PY6: =IF(E$49=E6,0.5,IF(E$49>E6,1,0)) -> 0 | PZ6: =IF(F$49=F6,0.5,IF(F$49>F6,1,0)) -> 0.5 | QA6: =IF(G$49=G6,0.5,IF(G$49>G6,1,0)) -> 0.5 | QB6: =IF(H$49=H6,0.5,IF(H$49>H6,1,0)) -> 0.5 | QC6: =IF(SUM(PV6:QB6)=$K$82,0.5,IF(SUM(PV6:QB6)>$K$82,1,0)) -> 0 | QE6: =IF(B$50=B6,0.5,IF(B$50>B6,1,0)) -> 0 | QF6: =IF(C$50=C6,0.5,IF(C$50>C6,1,0)) -> 0 | QG6: =IF(D$50=D6,0.5,IF(D$50>D6,1,0)) -> 0 | QH6: =IF(E$50=E6,0.5,IF(E$50>E6,1,0)) -> 0 | QI6: =IF(F$50=F6,0.5,IF(F$50>F6,1,0)) -> 0.5 | QJ6: =IF(G$50=G6,0.5,IF(G$50>G6,1,0)) -> 0.5 | QK6: =IF(H$50=H6,0.5,IF(H$50>H6,1,0)) -> 0.5 | QL6: =IF(SUM(QE6:QK6)=$K$82,0.5,IF(SUM(QE6:QK6)>$K$82,1,0)) -> 0 | QN6: =IF(B$51=B6,0.5,IF(B$51>B6,1,0)) -> 0 | QO6: =IF(C$51=C6,0.5,IF(C$51>C6,1,0)) -> 0 | QP6: =IF(D$51=D6,0.5,IF(D$51>D6,1,0)) -> 0 | QQ6: =IF(E$51=E6,0.5,IF(E$51>E6,1,0)) -> 0 | QR6: =IF(F$51=F6,0.5,IF(F$51>F6,1,0)) -> 0.5 | QS6: =IF(G$51=G6,0.5,IF(G$51>G6,1,0)) -> 0.5 | QT6: =IF(H$51=H6,0.5,IF(H$51>H6,1,0)) -> 0.5 | QU6: =IF(SUM(QN6:QT6)=$K$82,0.5,IF(SUM(QN6:QT6)>$K$82,1,0)) -> 0 | QW6: =IF(B$52=B6,0.5,IF(B$52>B6,1,0)) -> 0 | QX6: =IF(C$52=C6,0.5,IF(C$52>C6,1,0)) -> 0 | QY6: =IF(D$52=D6,0.5,IF(D$52>D6,1,0)) -> 0 | QZ6: =IF(E$52=E6,0.5,IF(E$52>E6,1,0)) -> 0 | RA6: =IF(F$52=F6,0.5,IF(F$52>F6,1,0)) -> 0.5 | RB6: =IF(G$52=G6,0.5,IF(G$52>G6,1,0)) -> 0.5 | RC6: =IF(H$52=H6,0.5,IF(H$52>H6,1,0)) -> 0.5 | RD6: =IF(SUM(QW6:RC6)=$K$82,0.5,IF(SUM(QW6:RC6)>$K$82,1,0)) -> 0 | RF6: =IF(B$53=B6,0.5,IF(B$53>B6,1,0)) -> 0 | RG6: =IF(C$53=C6,0.5,IF(C$53>C6,1,0)) -> 0 | RH6: =IF(D$53=D6,0.5,IF(D$53>D6,1,0)) -> 0 | RI6: =IF(E$53=E6,0.5,IF(E$53>E6,1,0)) -> 0 | RJ6: =IF(F$53=F6,0.5,IF(F$53>F6,1,0)) -> 0.5 | RK6: =IF(G$53=G6,0.5,IF(G$53>G6,1,0)) -> 0.5 | RL6: =IF(H$53=H6,0.5,IF(H$53>H6,1,0)) -> 0.5 | RM6: =IF(SUM(RF6:RL6)=$K$82,0.5,IF(SUM(RF6:RL6)>$K$82,1,0)) -> 0 | RO6: =IF(B$54=B6,0.5,IF(B$54>B6,1,0)) -> 0 | RP6: =IF(C$54=C6,0.5,IF(C$54>C6,1,0)) -> 0 | RQ6: =IF(D$54=D6,0.5,IF(D$54>D6,1,0)) -> 0 | RR6: =IF(E$54=E6,0.5,IF(E$54>E6,1,0)) -> 0 | RS6: =IF(F$54=F6,0.5,IF(F$54>F6,1,0)) -> 0.5 | RT6: =IF(G$54=G6,0.5,IF(G$54>G6,1,0)) -> 0.5 | RU6: =IF(H$54=H6,0.5,IF(H$54>H6,1,0)) -> 0.5 | RV6: =IF(SUM(RO6:RU6)=$K$82,0.5,IF(SUM(RO6:RU6)>$K$82,1,0)) -> 0 | RX6: =IF(B$55=B6,0.5,IF(B$55>B6,1,0)) -> 0 | RY6: =IF(C$55=C6,0.5,IF(C$55>C6,1,0)) -> 0 | RZ6: =IF(D$55=D6,0.5,IF(D$55>D6,1,0)) -> 0 | SA6: =IF(E$55=E6,0.5,IF(E$55>E6,1,0)) -> 0 | SB6: =IF(F$55=F6,0.5,IF(F$55>F6,1,0)) -> 0.5 | SC6: =IF(G$55=G6,0.5,IF(G$55>G6,1,0)) -> 0.5 | SD6: =IF(H$55=H6,0.5,IF(H$55>H6,1,0)) -> 0.5 | SE6: =IF(SUM(RX6:SD6)=$K$82,0.5,IF(SUM(RX6:SD6)>$K$82,1,0)) -> 0 | SG6: =IF(B$56=B6,0.5,IF(B$56>B6,1,0)) -> 0 | SH6: =IF(C$56=C6,0.5,IF(C$56>C6,1,0)) -> 0 | SI6: =IF(D$56=D6,0.5,IF(D$56>D6,1,0)) -> 0 | SJ6: =IF(E$56=E6,0.5,IF(E$56>E6,1,0)) -> 0 | SK6: =IF(F$56=F6,0.5,IF(F$56>F6,1,0)) -> 0.5 | SL6: =IF(G$56=G6,0.5,IF(G$56>G6,1,0)) -> 0.5 | SM6: =IF(H$56=H6,0.5,IF(H$56>H6,1,0)) -> 0.5 | SN6: =IF(SUM(SG6:SM6)=$K$82,0.5,IF(SUM(SG6:SM6)>$K$82,1,0)) -> 0 | SP6: =IF(B$57=B6,0.5,IF(B$57>B6,1,0)) -> 0 | SQ6: =IF(C$57=C6,0.5,IF(C$57>C6,1,0)) -> 0 | SR6: =IF(D$57=D6,0.5,IF(D$57>D6,1,0)) -> 0 | SS6: =IF(E$57=E6,0.5,IF(E$57>E6,1,0)) -> 0 | ST6: =IF(F$57=F6,0.5,IF(F$57>F6,1,0)) -> 0.5 | SU6: =IF(G$57=G6,0.5,IF(G$57>G6,1,0)) -> 0.5 | SV6: =IF(H$57=H6,0.5,IF(H$57>H6,1,0)) -> 0.5 | SW6: =IF(SUM(SP6:SV6)=$K$82,0.5,IF(SUM(SP6:SV6)>$K$82,1,0)) -> 0 | SY6: =IF(B$58=B6,0.5,IF(B$58>B6,1,0)) -> 0 | SZ6: =IF(C$58=C6,0.5,IF(C$58>C6,1,0)) -> 0 | TA6: =IF(D$58=D6,0.5,IF(D$58>D6,1,0)) -> 0 | TB6: =IF(E$58=E6,0.5,IF(E$58>E6,1,0)) -> 0 | TC6: =IF(F$58=F6,0.5,IF(F$58>F6,1,0)) -> 0.5 | TD6: =IF(G$58=G6,0.5,IF(G$58>G6,1,0)) -> 0.5 | TE6: =IF(H$58=H6,0.5,IF(H$58>H6,1,0)) -> 0.5 | TF6: =IF(SUM(SY6:TE6)=$K$82,0.5,IF(SUM(SY6:TE6)>$K$82,1,0)) -> 0 | TH6: =IF(B$59=B6,0.5,IF(B$59>B6,1,0)) -> 0 | TI6: =IF(C$59=C6,0.5,IF(C$59>C6,1,0)) -> 0 | TJ6: =IF(D$59=D6,0.5,IF(D$59>D6,1,0)) -> 0 | TK6: =IF(E$59=E6,0.5,IF(E$59>E6,1,0)) -> 0 | TL6: =IF(F$59=F6,0.5,IF(F$59>F6,1,0)) -> 0.5 | TM6: =IF(G$59=G6,0.5,IF(G$59>G6,1,0)) -> 0.5 | TN6: =IF(H$59=H6,0.5,IF(H$59>H6,1,0)) -> 0.5 | TO6: =IF(SUM(TH6:TN6)=$K$82,0.5,IF(SUM(TH6:TN6)>$K$82,1,0)) -> 0 | TQ6: =IF(B$60=B6,0.5,IF(B$60>B6,1,0)) -> 0 | TR6: =IF(C$60=C6,0.5,IF(C$60>C6,1,0)) -> 0 | TS6: =IF(D$60=D6,0.5,IF(D$60>D6,1,0)) -> 0 | TT6: =IF(E$60=E6,0.5,IF(E$60>E6,1,0)) -> 0 | TU6: =IF(F$60=F6,0.5,IF(F$60>F6,1,0)) -> 0.5 | TV6: =IF(G$60=G6,0.5,IF(G$60>G6,1,0)) -> 0.5 | TW6: =IF(H$60=H6,0.5,IF(H$60>H6,1,0)) -> 0.5 | TX6: =IF(SUM(TQ6:TW6)=$K$82,0.5,IF(SUM(TQ6:TW6)>$K$82,1,0)) -> 0 | TZ6: =IF(B$61=B6,0.5,IF(B$61>B6,1,0)) -> 0 | UA6: =IF(C$61=C6,0.5,IF(C$61>C6,1,0)) -> 0 | UB6: =IF(D$61=D6,0.5,IF(D$61>D6,1,0)) -> 0 | UC6: =IF(E$61=E6,0.5,IF(E$61>E6,1,0)) -> 0 | UD6: =IF(F$61=F6,0.5,IF(F$61>F6,1,0)) -> 0.5 | UE6: =IF(G$61=G6,0.5,IF(G$61>G6,1,0)) -> 0.5 | UF6: =IF(H$61=H6,0.5,IF(H$61>H6,1,0)) -> 0.5 | UG6: =IF(SUM(TZ6:UF6)=$K$82,0.5,IF(SUM(TZ6:UF6)>$K$82,1,0)) -> 0 | UI6: =IF(B$62=B6,0.5,IF(B$62>B6,1,0)) -> 0 | UJ6: =IF(C$62=C6,0.5,IF(C$62>C6,1,0)) -> 0 | UK6: =IF(D$62=D6,0.5,IF(D$62>D6,1,0)) -> 0 | UL6: =IF(E$62=E6,0.5,IF(E$62>E6,1,0)) -> 0 | UM6: =IF(F$62=F6,0.5,IF(F$62>F6,1,0)) -> 0.5 | UN6: =IF(G$62=G6,0.5,IF(G$62>G6,1,0)) -> 0.5 | UO6: =IF(H$62=H6,0.5,IF(H$62>H6,1,0)) -> 0.5 | UP6: =IF(SUM(UI6:UO6)=$K$82,0.5,IF(SUM(UI6:UO6)>$K$82,1,0)) -> 0 | UR6: =IF(B$63=B6,0.5,IF(B$63>B6,1,0)) -> 0 | US6: =IF(C$63=C6,0.5,IF(C$63>C6,1,0)) -> 0 | UT6: =IF(D$63=D6,0.5,IF(D$63>D6,1,0)) -> 0 | UU6: =IF(E$63=E6,0.5,IF(E$63>E6,1,0)) -> 0 | UV6: =IF(F$63=F6,0.5,IF(F$63>F6,1,0)) -> 0.5 | UW6: =IF(G$63=G6,0.5,IF(G$63>G6,1,0)) -> 0.5 | UX6: =IF(H$63=H6,0.5,IF(H$63>H6,1,0)) -> 0.5 | UY6: =IF(SUM(UR6:UX6)=$K$82,0.5,IF(SUM(UR6:UX6)>$K$82,1,0)) -> 0 | VA6: =IF(B$64=B6,0.5,IF(B$64>B6,1,0)) -> 0 | VB6: =IF(C$64=C6,0.5,IF(C$64>C6,1,0)) -> 0 | VC6: =IF(D$64=D6,0.5,IF(D$64>D6,1,0)) -> 0 | VD6: =IF(E$64=E6,0.5,IF(E$64>E6,1,0)) -> 0 | VE6: =IF(F$64=F6,0.5,IF(F$64>F6,1,0)) -> 0.5 | VF6: =IF(G$64=G6,0.5,IF(G$64>G6,1,0)) -> 0.5 | VG6: =IF(H$64=H6,0.5,IF(H$64>H6,1,0)) -> 0.5 | VH6: =IF(SUM(VA6:VG6)=$K$82,0.5,IF(SUM(VA6:VG6)>$K$82,1,0)) -> 0 | VJ6: =IF(B$65=B6,0.5,IF(B$65>B6,1,0)) -> 0 | VK6: =IF(C$65=C6,0.5,IF(C$65>C6,1,0)) -> 0 | VL6: =IF(D$65=D6,0.5,IF(D$65>D6,1,0)) -> 0 | VM6: =IF(E$65=E6,0.5,IF(E$65>E6,1,0)) -> 0 | VN6: =IF(F$65=F6,0.5,IF(F$65>F6,1,0)) -> 0.5 | VO6: =IF(G$65=G6,0.5,IF(G$65>G6,1,0)) -> 0.5 | VP6: =IF(H$65=H6,0.5,IF(H$65>H6,1,0)) -> 0.5 | VQ6: =IF(SUM(VJ6:VP6)=$K$82,0.5,IF(SUM(VJ6:VP6)>$K$82,1,0)) -> 0 | VS6: =IF(B$66=B6,0.5,IF(B$66>B6,1,0)) -> 0 | VT6: =IF(C$66=C6,0.5,IF(C$66>C6,1,0)) -> 0 | VU6: =IF(D$66=D6,0.5,IF(D$66>D6,1,0)) -> 0 | VV6: =IF(E$66=E6,0.5,IF(E$66>E6,1,0)) -> 0 | VW6: =IF(F$66=F6,0.5,IF(F$66>F6,1,0)) -> 0.5 | VX6: =IF(G$66=G6,0.5,IF(G$66>G6,1,0)) -> 0.5 | VY6: =IF(H$66=H6,0.5,IF(H$66>H6,1,0)) -> 0.5 | VZ6: =IF(SUM(VS6:VY6)=$K$82,0.5,IF(SUM(VS6:VY6)>$K$82,1,0)) -> 0 | WB6: =IF(B$67=B6,0.5,IF(B$67>B6,1,0)) -> 0 | WC6: =IF(C$67=C6,0.5,IF(C$67>C6,1,0)) -> 0 | WD6: =IF(D$67=D6,0.5,IF(D$67>D6,1,0)) -> 0 | WE6: =IF(E$67=E6,0.5,IF(E$67>E6,1,0)) -> 0 | WF6: =IF(F$67=F6,0.5,IF(F$67>F6,1,0)) -> 0.5 | WG6: =IF(G$67=G6,0.5,IF(G$67>G6,1,0)) -> 0.5 | WH6: =IF(H$67=H6,0.5,IF(H$67>H6,1,0)) -> 0.5 | WI6: =IF(SUM(WB6:WH6)=$K$82,0.5,IF(SUM(WB6:WH6)>$K$82,1,0)) -> 0 | WK6: =IF(B$68=B6,0.5,IF(B$68>B6,1,0)) -> 0 | WL6: =IF(C$68=C6,0.5,IF(C$68>C6,1,0)) -> 0 | WM6: =IF(D$68=D6,0.5,IF(D$68>D6,1,0)) -> 0 | WN6: =IF(E$68=E6,0.5,IF(E$68>E6,1,0)) -> 0 | WO6: =IF(F$68=F6,0.5,IF(F$68>F6,1,0)) -> 0.5 | WP6: =IF(G$68=G6,0.5,IF(G$68>G6,1,0)) -> 0.5 | WQ6: =IF(H$68=H6,0.5,IF(H$68>H6,1,0)) -> 0.5 | WR6: =IF(SUM(WK6:WQ6)=$K$82,0.5,IF(SUM(WK6:WQ6)>$K$82,1,0)) -> 0 | WT6: =IF(B$69=B6,0.5,IF(B$69>B6,1,0)) -> 0 | WU6: =IF(C$69=C6,0.5,IF(C$69>C6,1,0)) -> 0 | WV6: =IF(D$69=D6,0.5,IF(D$69>D6,1,0)) -> 0 | WW6: =IF(E$69=E6,0.5,IF(E$69>E6,1,0)) -> 0 | WX6: =IF(F$69=F6,0.5,IF(F$69>F6,1,0)) -> 0.5 | WY6: =IF(G$69=G6,0.5,IF(G$69>G6,1,0)) -> 0.5 | WZ6: =IF(H$69=H6,0.5,IF(H$69>H6,1,0)) -> 0.5 | XA6: =IF(SUM(WT6:WZ6)=$K$82,0.5,IF(SUM(WT6:WZ6)>$K$82,1,0)) -> 0 | XC6: =IF(B$70=B6,0.5,IF(B$70>B6,1,0)) -> 0 | XD6: =IF(C$70=C6,0.5,IF(C$70>C6,1,0)) -> 0 | XE6: =IF(D$70=D6,0.5,IF(D$70>D6,1,0)) -> 0 | XF6: =IF(E$70=E6,0.5,IF(E$70>E6,1,0)) -> 0 | XG6: =IF(F$70=F6,0.5,IF(F$70>F6,1,0)) -> 0.5 | XH6: =IF(G$70=G6,0.5,IF(G$70>G6,1,0)) -> 0.5 | XI6: =IF(H$70=H6,0.5,IF(H$70>H6,1,0)) -> 0.5 | XJ6: =IF(SUM(XC6:XI6)=$K$82,0.5,IF(SUM(XC6:XI6)>$K$82,1,0)) -> 0 | XL6: =IF(B$71=B6,0.5,IF(B$71>B6,1,0)) -> 0 | XM6: =IF(C$71=C6,0.5,IF(C$71>C6,1,0)) -> 0 | XN6: =IF(D$71=D6,0.5,IF(D$71>D6,1,0)) -> 0 | XO6: =IF(E$71=E6,0.5,IF(E$71>E6,1,0)) -> 0 | XP6: =IF(F$71=F6,0.5,IF(F$71>F6,1,0)) -> 0.5 | XQ6: =IF(G$71=G6,0.5,IF(G$71>G6,1,0)) -> 0.5 | XR6: =IF(H$71=H6,0.5,IF(H$71>H6,1,0)) -> 0.5 | XS6: =IF(SUM(XL6:XR6)=$K$82,0.5,IF(SUM(XL6:XR6)>$K$82,1,0)) -> 0 | XU6: =IF(B$72=B6,0.5,IF(B$72>B6,1,0)) -> 0 | XV6: =IF(C$72=C6,0.5,IF(C$72>C6,1,0)) -> 0 | XW6: =IF(D$72=D6,0.5,IF(D$72>D6,1,0)) -> 0 | XX6: =IF(E$72=E6,0.5,IF(E$72>E6,1,0)) -> 0 | XY6: =IF(F$72=F6,0.5,IF(F$72>F6,1,0)) -> 0.5 | XZ6: =IF(G$72=G6,0.5,IF(G$72>G6,1,0)) -> 0.5 | YA6: =IF(H$72=H6,0.5,IF(H$72>H6,1,0)) -> 0.5 | YB6: =IF(SUM(XU6:YA6)=$K$82,0.5,IF(SUM(XU6:YA6)>$K$82,1,0)) -> 0 | YD6: =IF(B$73=B6,0.5,IF(B$73>B6,1,0)) -> 0 | YE6: =IF(C$73=C6,0.5,IF(C$73>C6,1,0)) -> 0 | YF6: =IF(D$73=D6,0.5,IF(D$73>D6,1,0)) -> 0 | YG6: =IF(E$73=E6,0.5,IF(E$73>E6,1,0)) -> 0 | YH6: =IF(F$73=F6,0.5,IF(F$73>F6,1,0)) -> 0.5 | YI6: =IF(G$73=G6,0.5,IF(G$73>G6,1,0)) -> 0.5 | YJ6: =IF(H$73=H6,0.5,IF(H$73>H6,1,0)) -> 0.5 | YK6: =IF(SUM(YD6:YJ6)=$K$82,0.5,IF(SUM(YD6:YJ6)>$K$82,1,0)) -> 0 | YM6: =IF(B$74=B6,0.5,IF(B$74>B6,1,0)) -> 0 | YN6: =IF(C$74=C6,0.5,IF(C$74>C6,1,0)) -> 0 | YO6: =IF(D$74=D6,0.5,IF(D$74>D6,1,0)) -> 0 | YP6: =IF(E$74=E6,0.5,IF(E$74>E6,1,0)) -> 0 | YQ6: =IF(F$74=F6,0.5,IF(F$74>F6,1,0)) -> 0.5 | YR6: =IF(G$74=G6,0.5,IF(G$74>G6,1,0)) -> 0.5 | YS6: =IF(H$74=H6,0.5,IF(H$74>H6,1,0)) -> 0.5 | YT6: =IF(SUM(YM6:YS6)=$K$82,0.5,IF(SUM(YM6:YS6)>$K$82,1,0)) -> 0 | YV6: =IF(B$75=B6,0.5,IF(B$75>B6,1,0)) -> 0 | YW6: =IF(C$75=C6,0.5,IF(C$75>C6,1,0)) -> 0 | YX6: =IF(D$75=D6,0.5,IF(D$75>D6,1,0)) -> 0 | YY6: =IF(E$75=E6,0.5,IF(E$75>E6,1,0)) -> 0 | YZ6: =IF(F$75=F6,0.5,IF(F$75>F6,1,0)) -> 0.5 | ZA6: =IF(G$75=G6,0.5,IF(G$75>G6,1,0)) -> 0.5 | ZB6: =IF(H$75=H6,0.5,IF(H$75>H6,1,0)) -> 0.5 | ZC6: =IF(SUM(YV6:ZB6)=$K$82,0.5,IF(SUM(YV6:ZB6)>$K$82,1,0)) -> 0 | ZE6: =IF(B$76=B6,0.5,IF(B$76>B6,1,0)) -> 0 | ZF6: =IF(C$76=C6,0.5,IF(C$76>C6,1,0)) -> 0 | ZG6: =IF(D$76=D6,0.5,IF(D$76>D6,1,0)) -> 0 | ZH6: =IF(E$76=E6,0.5,IF(E$76>E6,1,0)) -> 0 | ZI6: =IF(F$76=F6,0.5,IF(F$76>F6,1,0)) -> 0.5 | ZJ6: =IF(G$76=G6,0.5,IF(G$76>G6,1,0)) -> 0.5 | ZK6: =IF(H$76=H6,0.5,IF(H$76>H6,1,0)) -> 0.5 | ZL6: =IF(SUM(ZE6:ZK6)=$K$82,0.5,IF(SUM(ZE6:ZK6)>$K$82,1,0)) -> 0 | ZN6: =IF(B$77=B6,0.5,IF(B$77>B6,1,0)) -> 0 | ZO6: =IF(C$77=C6,0.5,IF(C$77>C6,1,0)) -> 0 | ZP6: =IF(D$77=D6,0.5,IF(D$77>D6,1,0)) -> 0 | ZQ6: =IF(E$77=E6,0.5,IF(E$77>E6,1,0)) -> 0 | ZR6: =IF(F$77=F6,0.5,IF(F$77>F6,1,0)) -> 0.5 | ZS6: =IF(G$77=G6,0.5,IF(G$77>G6,1,0)) -> 0.5 | ZT6: =IF(H$77=H6,0.5,IF(H$77>H6,1,0)) -> 0.5 | ZU6: =IF(SUM(ZN6:ZT6)=$K$82,0.5,IF(SUM(ZN6:ZT6)>$K$82,1,0)) -> 0 | ZW6: =IF(B$78=B6,0.5,IF(B$78>B6,1,0)) -> 0 | ZX6: =IF(C$78=C6,0.5,IF(C$78>C6,1,0)) -> 0 | ZY6: =IF(D$78=D6,0.5,IF(D$78>D6,1,0)) -> 0 | ZZ6: =IF(E$78=E6,0.5,IF(E$78>E6,1,0)) -> 0 | AAA6: =IF(F$78=F6,0.5,IF(F$78>F6,1,0)) -> 0.5 | AAB6: =IF(G$78=G6,0.5,IF(G$78>G6,1,0)) -> 0.5 | AAC6: =IF(H$78=H6,0.5,IF(H$78>H6,1,0)) -> 0.5 | AAD6: =IF(SUM(ZW6:AAC6)=$K$82,0.5,IF(SUM(ZW6:AAC6)>$K$82,1,0)) -> 0 | AAF6: =IF(B$79=B6,0.5,IF(B$79>B6,1,0)) -> 0 | AAG6: =IF(C$79=C6,0.5,IF(C$79>C6,1,0)) -> 0 | AAH6: =IF(D$79=D6,0.5,IF(D$79>D6,1,0)) -> 0 | AAI6: =IF(E$79=E6,0.5,IF(E$79>E6,1,0)) -> 0 | AAJ6: =IF(F$79=F6,0.5,IF(F$79>F6,1,0)) -> 0.5 | AAK6: =IF(G$79=G6,0.5,IF(G$79>G6,1,0)) -> 0.5 | AAL6: =IF(H$79=H6,0.5,IF(H$79>H6,1,0)) -> 0.5 | AAM6: =IF(SUM(AAF6:AAL6)=$K$82,0.5,IF(SUM(AAF6:AAL6)>$K$82,1,0)) -> 0 | AAO6: =IF(B$80=B6,0.5,IF(B$80>B6,1,0)) -> 0 | AAP6: =IF(C$80=C6,0.5,IF(C$80>C6,1,0)) -> 0 | AAQ6: =IF(D$80=D6,0.5,IF(D$80>D6,1,0)) -> 0 | AAR6: =IF(E$80=E6,0.5,IF(E$80>E6,1,0)) -> 0 | AAS6: =IF(F$80=F6,0.5,IF(F$80>F6,1,0)) -> 0.5 | AAT6: =IF(G$80=G6,0.5,IF(G$80>G6,1,0)) -> 0.5 | AAU6: =IF(H$80=H6,0.5,IF(H$80>H6,1,0)) -> 0.5 | AAV6: =IF(SUM(AAO6:AAU6)=$K$82,0.5,IF(SUM(AAO6:AAU6)>$K$82,1,0)) -> 0 | AAX6: =IF(B$81=B6,0.5,IF(B$81>B6,1,0)) -> 0 | AAY6: =IF(C$81=C6,0.5,IF(C$81>C6,1,0)) -> 0 | AAZ6: =IF(D$81=D6,0.5,IF(D$81>D6,1,0)) -> 0 | ABA6: =IF(E$81=E6,0.5,IF(E$81>E6,1,0)) -> 0 | ABB6: =IF(F$81=F6,0.5,IF(F$81>F6,1,0)) -> 0.5 | ABC6: =IF(G$81=G6,0.5,IF(G$81>G6,1,0)) -> 0.5 | ABD6: =IF(H$81=H6,0.5,IF(H$81>H6,1,0)) -> 0.5 | ABE6: =IF(SUM(AAX6:ABD6)=$K$82,0.5,IF(SUM(AAX6:ABD6)>$K$82,1,0)) -> 0 | ABH6: =IF(B6>0,RANK(B6,$B$2:$B$81),"-") -> 5 | ABI6: =IF(C6>0,RANK(C6,$C$2:$C$81),"-") -> 5 | ABJ6: =IF(D6>0,RANK(D6,$D$2:$D$81),"-") -> 3 | ABK6: =IF(E6>0,RANK(E6,$E$2:$E$81),"-") -> 3 | ABL6: =IF(F6>0,RANK(F6,$F$2:$F$81),"-") -> - | ABM6: =IF(G6>0,RANK(G6,$G$2:$G$81),"-") -> - | ABN6: =IF(H6>0,RANK(H6,$H$2:$H$81),"-") -> - | ABP6: =ABH6 -> 5 | ABQ6: =ABI6 -> 5 | ABR6: =ABJ6 -> 3 | ABS6: =ABK6 -> 3 | ABT6: =ABL6 -> - | ABU6: =ABM6 -> - | ABV6: =ABN6 -> - | ABW6: =IF(I6=((79-$L$82)/2),"-",J6) -> 0 | ABX6: =IF(K6<($L$82+1),K6,"-") -> 5 | ABY6: =IF(B6=0,"-",B6) -> 80 | ABZ6: =IF(C6=0,"-",C6) -> 81 | ACA6: =IF(D6=0,"-",D6) -> 89 | ACB6: =IF(E6=0,"-",E6) -> 90 | ACC6: =IF(F6=0,"-",F6) -> - | ACD6: =IF(G6=0,"-",G6) -> - | ACE6: =IF(H6=0,"-",H6) -> - | ACF6: =IF(M6=0,"-",M6) -> 85 | ACG6: =RANK(M6,$M$2:$M$81) -> 4
